reviewId,userName,userImage,content,score,thumbsUpCount,reviewCreatedVersion,at,replyContent,repliedAt,appVersion,lang
3a14017f-7f2c-4c12-8a83-1e38df1ad842,A Google user,https://play-lh.googleusercontent.com/EGemoI2NTXmTsBVtJqk8jxF9rh8ApRWfsIMQSt2uE4OcpQqbFu7f7NbTK05lx80nuSijCz7sc3a277R67g,Love this game,5,0,,2025-11-11 23:10:30,,,,en
d77de371-179a-49a2-b05b-cdf759a0bd64,A Google user,https://play-lh.googleusercontent.com/EGemoI2NTXmTsBVtJqk8jxF9rh8ApRWfsIMQSt2uE4OcpQqbFu7f7NbTK05lx80nuSijCz7sc3a277R67g,"absolutely brilliant game. only problem I've had is, i accidentally uninstalled the game and when I reinstalled im on the same level but I've lost all my daily achievements which was up to date and I've lost all my tournament wins which was 65!! is there anyway I can recover them????....... you might also want to look what ads your using, 'shein' & 'aliexpress' bullying you to click and open the app! which can be almost impossible to exit and now they are appearing 3/4 times within one round!!",3,1,2.64.3,2025-11-11 22:53:44,I'm so glad you love the game! I recommend reaching out to the game’s support team with your details – they might be able to assist you in recovering your lost data!,2025-10-04 04:02:16,2.64.3,en
8a96e522-acb0-45e6-8892-b10672f6378a,A Google user,https://play-lh.googleusercontent.com/EGemoI2NTXmTsBVtJqk8jxF9rh8ApRWfsIMQSt2uE4OcpQqbFu7f7NbTK05lx80nuSijCz7sc3a277R67g,great for the mind. I am able to relax and focus.,5,0,2.64.3,2025-11-11 22:53:01,,,2.64.3,en
9c832bb6-4f01-4110-92a2-e470e2e00e02,A Google user,https://play-lh.googleusercontent.com/EGemoI2NTXmTsBVtJqk8jxF9rh8ApRWfsIMQSt2uE4OcpQqbFu7f7NbTK05lx80nuSijCz7sc3a277R67g,"I like the game, but there's way too many adds, spoils the game experience.",3,0,2.64.3,2025-11-11 22:48:11,,,2.64.3,en
6b5ccca2-6f0c-4052-ad61-fd7ed6da4073,A Google user,https://play-lh.googleusercontent.com/EGemoI2NTXmTsBVtJqk8jxF9rh8ApRWfsIMQSt2uE4OcpQqbFu7f7NbTK05lx80nuSijCz7sc3a277R67g,EXCELANT PLAY WITH THIS GAME RILAX MIND WITH THIS I'M SO ENJOI WITH MAHJONG,5,0,2.64.3,2025-11-11 22:47:01,,,2.64.3,en
1dac0582-5672-4464-a6d7-d6096b59ba77,A Google user,https://play-lh.googleusercontent.com/EGemoI2NTXmTsBVtJqk8jxF9rh8ApRWfsIMQSt2uE4OcpQqbFu7f7NbTK05lx80nuSijCz7sc3a277R67g,love this game its a challenge,5,0,2.65.1,2025-11-11 22:39:04,,,2.65.1,en
add06757-77d3-427e-a518-71cc89a2702f,A Google user,https://play-lh.googleusercontent.com/EGemoI2NTXmTsBVtJqk8jxF9rh8ApRWfsIMQSt2uE4OcpQqbFu7f7NbTK05lx80nuSijCz7sc3a277R67g,Very fun game. Played for hours. But now I'm experiencing strange sounds which sounds like another game being played in the background. Uninstalled the game. Will try again later,3,0,2.64.3,2025-11-11 22:36:28,,,2.64.3,en
2e01a2d9-50a3-461f-8209-47589a3984e5,A Google user,https://play-lh.googleusercontent.com/EGemoI2NTXmTsBVtJqk8jxF9rh8ApRWfsIMQSt2uE4OcpQqbFu7f7NbTK05lx80nuSijCz7sc3a277R67g,it's so fun,5,0,2.64.3,2025-11-11 22:35:24,,,2.64.3,en
25b5d464-1765-44d3-9bbd-fc7901e2cb3b,A Google user,https://play-lh.googleusercontent.com/EGemoI2NTXmTsBVtJqk8jxF9rh8ApRWfsIMQSt2uE4OcpQqbFu7f7NbTK05lx80nuSijCz7sc3a277R67g,"fake advertisement ,I saw something else when downloaded it was totally different game",1,0,2.65.1,2025-11-11 22:34:27,,,2.65.1,en
2c5e78e2-8a8a-4ef0-a5ca-97d9fa5577ac,A Google user,https://play-lh.googleusercontent.com/EGemoI2NTXmTsBVtJqk8jxF9rh8ApRWfsIMQSt2uE4OcpQqbFu7f7NbTK05lx80nuSijCz7sc3a277R67g,"easy enought to play, difficult enough to keep you interested",5,0,2.64.3,2025-11-11 22:24:37,,,2.64.3,en
ee8312fb-1910-4afd-bf18-e81f994c4f38,A Google user,https://play-lh.googleusercontent.com/EGemoI2NTXmTsBVtJqk8jxF9rh8ApRWfsIMQSt2uE4OcpQqbFu7f7NbTK05lx80nuSijCz7sc3a277R67g,I want more mahjong games through your company.,4,0,2.64.3,2025-11-11 22:24:09,,,2.64.3,en
4fdb8857-526f-463e-a03e-a86bde331ae6,A Google user,https://play-lh.googleusercontent.com/EGemoI2NTXmTsBVtJqk8jxF9rh8ApRWfsIMQSt2uE4OcpQqbFu7f7NbTK05lx80nuSijCz7sc3a277R67g,too many ads. they kept playing non stop even after I uninstalled the app. felt like I got a virus,1,0,2.64.3,2025-11-11 22:22:54,,,2.64.3,en
1a0de2b4-6452-4bb9-9204-6b891fa823c3,A Google user,https://play-lh.googleusercontent.com/EGemoI2NTXmTsBVtJqk8jxF9rh8ApRWfsIMQSt2uE4OcpQqbFu7f7NbTK05lx80nuSijCz7sc3a277R67g,Enjoying this very much.,5,0,2.64.3,2025-11-11 22:05:02,,,2.64.3,en
9cdb33f1-439c-46ae-ad82-33285baf0c46,A Google user,https://play-lh.googleusercontent.com/EGemoI2NTXmTsBVtJqk8jxF9rh8ApRWfsIMQSt2uE4OcpQqbFu7f7NbTK05lx80nuSijCz7sc3a277R67g,This is a great game. Very relaxing and nice vibes. Enjoy!,5,0,2.64.3,2025-11-11 22:03:09,,,2.64.3,en
914acb9f-f010-4f84-9c22-5611a8749993,A Google user,https://play-lh.googleusercontent.com/EGemoI2NTXmTsBVtJqk8jxF9rh8ApRWfsIMQSt2uE4OcpQqbFu7f7NbTK05lx80nuSijCz7sc3a277R67g,Very relaxing and colorful,5,0,2.64.3,2025-11-11 21:56:33,,,2.64.3,en
972bb009-7cb2-4f33-b903-7d65066d9a2a,A Google user,https://play-lh.googleusercontent.com/EGemoI2NTXmTsBVtJqk8jxF9rh8ApRWfsIMQSt2uE4OcpQqbFu7f7NbTK05lx80nuSijCz7sc3a277R67g,entertaining and relaxing lots of fun,5,0,2.62.2,2025-11-11 21:50:10,,,2.62.2,en
768db419-2045-4a3c-80fc-0e233234b9a7,A Google user,https://play-lh.googleusercontent.com/EGemoI2NTXmTsBVtJqk8jxF9rh8ApRWfsIMQSt2uE4OcpQqbFu7f7NbTK05lx80nuSijCz7sc3a277R67g,not very easy is this match game where you match the context of scribed tablets from the ancient of Mahjong and In- distinctive to concept of any hand I've ever played.The graphics are exceptionally excellent to the look and moderate modes are available pay per touch for classic relevant tablets. It meets the content for the user on match game where stars are not the target of the game.,5,0,2.64.3,2025-11-11 21:37:09,"
Thank you so much for your feedback! 🙏 We're thrilled to hear that you're enjoying the game and its graphics. Enjoy every level, and may the game bring you nothing but joy! 🎉",2025-11-12 00:35:30,2.64.3,en
a47a4cd4-b188-4cb1-b927-2a8f9a6ebfa3,A Google user,https://play-lh.googleusercontent.com/EGemoI2NTXmTsBVtJqk8jxF9rh8ApRWfsIMQSt2uE4OcpQqbFu7f7NbTK05lx80nuSijCz7sc3a277R67g,"I love this game, but the ads are far longer than the game itself. I have to click out, and restart. usually I just go play a different game.",3,0,2.64.3,2025-11-11 21:31:04,,,2.64.3,en
2bb8440a-3dea-431d-8523-6e4f0c7752d3,A Google user,https://play-lh.googleusercontent.com/EGemoI2NTXmTsBVtJqk8jxF9rh8ApRWfsIMQSt2uE4OcpQqbFu7f7NbTK05lx80nuSijCz7sc3a277R67g,cool at first but after a while it just repeats the same levels over and over and then it makes you download another game to keep playing.,2,0,,2025-11-11 21:14:20,,,,en
4ff7fbdb-e053-44ba-a058-b1e1c8462a55,A Google user,https://play-lh.googleusercontent.com/EGemoI2NTXmTsBVtJqk8jxF9rh8ApRWfsIMQSt2uE4OcpQqbFu7f7NbTK05lx80nuSijCz7sc3a277R67g,Fun and best of all no adds so far.,5,0,2.64.3,2025-11-11 21:03:07,,,2.64.3,en
ecccb4fb-16c8-4b6a-9fa2-b10d2e286da4,A Google user,https://play-lh.googleusercontent.com/EGemoI2NTXmTsBVtJqk8jxF9rh8ApRWfsIMQSt2uE4OcpQqbFu7f7NbTK05lx80nuSijCz7sc3a277R67g,very useful for critical thinking for problem solving.,5,0,2.64.1,2025-11-11 21:03:03,,,2.64.1,en
95875625-b66c-408d-86f0-d14c12969495,A Google user,https://play-lh.googleusercontent.com/EGemoI2NTXmTsBVtJqk8jxF9rh8ApRWfsIMQSt2uE4OcpQqbFu7f7NbTK05lx80nuSijCz7sc3a277R67g,Great Way to relax,5,0,2.64.3,2025-11-11 20:55:45,,,2.64.3,en
fb768562-44da-444e-a862-61fdcd42f348,A Google user,https://play-lh.googleusercontent.com/EGemoI2NTXmTsBVtJqk8jxF9rh8ApRWfsIMQSt2uE4OcpQqbFu7f7NbTK05lx80nuSijCz7sc3a277R67g,addicting game,5,0,2.64.3,2025-11-11 20:55:00,,,2.64.3,en
e9d48bbb-cd5d-4e0a-af16-7b2458110d36,A Google user,https://play-lh.googleusercontent.com/EGemoI2NTXmTsBVtJqk8jxF9rh8ApRWfsIMQSt2uE4OcpQqbFu7f7NbTK05lx80nuSijCz7sc3a277R67g,exceptionally great,5,0,2.64.3,2025-11-11 20:52:59,,,2.64.3,en
0f90d5f9-2525-493d-a421-51aedf71036f,A Google user,https://play-lh.googleusercontent.com/EGemoI2NTXmTsBVtJqk8jxF9rh8ApRWfsIMQSt2uE4OcpQqbFu7f7NbTK05lx80nuSijCz7sc3a277R67g,Lovely 💯 very interesting for the intelligent people,5,0,2.65.0,2025-11-11 20:44:03,,,2.65.0,en
cda9efca-4494-445e-a570-8f33c1ffdee7,A Google user,https://play-lh.googleusercontent.com/EGemoI2NTXmTsBVtJqk8jxF9rh8ApRWfsIMQSt2uE4OcpQqbFu7f7NbTK05lx80nuSijCz7sc3a277R67g,A very interesting engaging game with minimal ads. I love it!,5,0,2.63.2,2025-11-11 20:41:30,,,2.63.2,en
031f75b2-4095-4c12-a308-3bfac18e8f97,A Google user,https://play-lh.googleusercontent.com/EGemoI2NTXmTsBVtJqk8jxF9rh8ApRWfsIMQSt2uE4OcpQqbFu7f7NbTK05lx80nuSijCz7sc3a277R67g,not give me any money,1,0,,2025-11-11 20:31:11,,,,en
5244ce8a-ba10-4bcc-b304-70701615086d,A Google user,https://play-lh.googleusercontent.com/EGemoI2NTXmTsBVtJqk8jxF9rh8ApRWfsIMQSt2uE4OcpQqbFu7f7NbTK05lx80nuSijCz7sc3a277R67g,I was really enjoying the game each day for about a month. Then it froze up and wouldn't load.,4,0,,2025-11-11 20:25:16,"We’re sorry to hear that the game froze for you. Please try restarting your device or reinstalling the app, and your progress should be preserved.",2025-11-12 00:38:10,,en
4bc2dc29-4499-421e-b5f0-960074dce1d9,A Google user,https://play-lh.googleusercontent.com/EGemoI2NTXmTsBVtJqk8jxF9rh8ApRWfsIMQSt2uE4OcpQqbFu7f7NbTK05lx80nuSijCz7sc3a277R67g,"addictive! But one problem i have is that ads pop up in the middle of the game. It blocks the game while I'm playing and I have to shut the ad down and delete the ad from my browser, and then go back to the game.",5,0,2.64.3,2025-11-11 19:55:04,"We’re glad you’re enjoying the game! We understand how disruptive ads popping up mid-game can be. Ads can be skipped in most cases, so you don’t need to close the game—just tap the skip button or follow the in-game prompts. We’re working to make the ad experience less intrusive.",2025-11-12 00:39:30,2.64.3,en
7a323803-4feb-4fa8-a7d6-e70e19fedf6a,A Google user,https://play-lh.googleusercontent.com/EGemoI2NTXmTsBVtJqk8jxF9rh8ApRWfsIMQSt2uE4OcpQqbFu7f7NbTK05lx80nuSijCz7sc3a277R67g,I got this because an ad said there were no ads in the game that is wrong there are so many ads it makes the game annoying,1,0,,2025-11-11 19:23:37,,,,en
4cee32b1-8c63-4214-a73a-866e24eb815f,A Google user,https://play-lh.googleusercontent.com/EGemoI2NTXmTsBVtJqk8jxF9rh8ApRWfsIMQSt2uE4OcpQqbFu7f7NbTK05lx80nuSijCz7sc3a277R67g,This is sooo different and refreshing. I love it!!,5,0,2.64.3,2025-11-11 19:20:52,,,2.64.3,en
f128a81b-d824-4ff8-86b0-faadda46d002,A Google user,https://play-lh.googleusercontent.com/EGemoI2NTXmTsBVtJqk8jxF9rh8ApRWfsIMQSt2uE4OcpQqbFu7f7NbTK05lx80nuSijCz7sc3a277R67g,love the game but the ads are annoying. even though it says no ads that's not correct.,5,0,2.64.3,2025-11-11 19:11:42,"We’re happy you love the game! We understand the ads can be frustrating. While the game is free, ads help support it—but most ads can be skipped, so you don’t need to close the game. We’re always looking to improve the ad experience.
",2025-11-12 00:40:34,2.64.3,en
23255057-ebb1-4380-9d33-b5821f045069,A Google user,https://play-lh.googleusercontent.com/EGemoI2NTXmTsBVtJqk8jxF9rh8ApRWfsIMQSt2uE4OcpQqbFu7f7NbTK05lx80nuSijCz7sc3a277R67g,"addicted now,when i feel bored it cheers me up",5,0,2.64.3,2025-11-11 18:36:54,,,2.64.3,en
957c350c-febb-4798-b43e-11cc93eea2d7,A Google user,https://play-lh.googleusercontent.com/EGemoI2NTXmTsBVtJqk8jxF9rh8ApRWfsIMQSt2uE4OcpQqbFu7f7NbTK05lx80nuSijCz7sc3a277R67g,More fun than I thought. I'm really enjoying it.,5,0,2.64.3,2025-11-11 18:26:11,,,2.64.3,en
94f85272-a52d-446b-9187-91113945d8f0,A Google user,https://play-lh.googleusercontent.com/EGemoI2NTXmTsBVtJqk8jxF9rh8ApRWfsIMQSt2uE4OcpQqbFu7f7NbTK05lx80nuSijCz7sc3a277R67g,addictive fun,5,0,2.64.3,2025-11-11 18:21:26,,,2.64.3,en
4573eca6-0219-4d15-bf6b-3268d4c38777,A Google user,https://play-lh.googleusercontent.com/EGemoI2NTXmTsBVtJqk8jxF9rh8ApRWfsIMQSt2uE4OcpQqbFu7f7NbTK05lx80nuSijCz7sc3a277R67g,no Ads thank you 🙏,5,0,2.64.3,2025-11-11 18:15:16,,,2.64.3,en
2cf12f83-f945-40c0-90d6-670b4e86c754,A Google user,https://play-lh.googleusercontent.com/EGemoI2NTXmTsBVtJqk8jxF9rh8ApRWfsIMQSt2uE4OcpQqbFu7f7NbTK05lx80nuSijCz7sc3a277R67g,Has a glitch which pops up and Advert for Shein. I had another app like this which was phishing. I would advise to delete this app.,1,0,2.65.0,2025-11-11 18:10:27,,,2.65.0,en
53fca72e-f70c-4715-9d4d-7a69e238f850,A Google user,https://play-lh.googleusercontent.com/EGemoI2NTXmTsBVtJqk8jxF9rh8ApRWfsIMQSt2uE4OcpQqbFu7f7NbTK05lx80nuSijCz7sc3a277R67g,I enjoyed this game. played for 400 levels. Only thing that I would say is that sometimes you are about to tap a piece but miss it for a couple millimeters then you hit the wrong piece. It is quite obvious that the objective was the correct piece maybe this could be considered by the game UX :D,5,0,2.64.3,2025-11-11 17:59:03,,,2.64.3,en
165bfb73-fa78-4cde-8dd6-750ae1ee84f5,A Google user,https://play-lh.googleusercontent.com/EGemoI2NTXmTsBVtJqk8jxF9rh8ApRWfsIMQSt2uE4OcpQqbFu7f7NbTK05lx80nuSijCz7sc3a277R67g,This was an absolutely wonderful game. But now they've taken away the undo button and I think I might delete it and find another one. Which sucks when you're at level 6911.,1,0,2.65.1,2025-11-11 17:58:55,,,2.65.1,en
a5b761d9-78b8-45ee-8d38-f04f8a129caf,A Google user,https://play-lh.googleusercontent.com/EGemoI2NTXmTsBVtJqk8jxF9rh8ApRWfsIMQSt2uE4OcpQqbFu7f7NbTK05lx80nuSijCz7sc3a277R67g,"This mahjong app does nothing very well, it is the most average experience I have ever had. i guess it is mahjong, just dont expect it to be very fun",2,0,2.60.0,2025-11-11 17:50:20,,,2.60.0,en
c31cab98-9f0e-4f31-9ec6-b2b666a57179,A Google user,https://play-lh.googleusercontent.com/EGemoI2NTXmTsBVtJqk8jxF9rh8ApRWfsIMQSt2uE4OcpQqbFu7f7NbTK05lx80nuSijCz7sc3a277R67g,Really enjoy the game. Great thinking game.,5,0,2.65.1,2025-11-11 17:35:56,,,2.65.1,en
b1efa771-1f88-4e8c-b529-65c4a699a94c,A Google user,https://play-lh.googleusercontent.com/EGemoI2NTXmTsBVtJqk8jxF9rh8ApRWfsIMQSt2uE4OcpQqbFu7f7NbTK05lx80nuSijCz7sc3a277R67g,I love playing this game every day to help me with my focus!,5,0,2.64.3,2025-11-11 17:29:02,,,2.64.3,en
92def675-9193-4840-abd9-9fbfcf9fe14b,A Google user,https://play-lh.googleusercontent.com/EGemoI2NTXmTsBVtJqk8jxF9rh8ApRWfsIMQSt2uE4OcpQqbFu7f7NbTK05lx80nuSijCz7sc3a277R67g,it help with my memory,5,0,,2025-11-11 17:23:39,,,,en
3102da5d-7aa7-446c-be64-5e33291395cc,A Google user,https://play-lh.googleusercontent.com/EGemoI2NTXmTsBVtJqk8jxF9rh8ApRWfsIMQSt2uE4OcpQqbFu7f7NbTK05lx80nuSijCz7sc3a277R67g,very nice game so relaxing,5,0,2.65.1,2025-11-11 16:47:51,,,2.65.1,en
58e00d13-1bfa-4b65-b4ab-89859a9d2542,A Google user,https://play-lh.googleusercontent.com/EGemoI2NTXmTsBVtJqk8jxF9rh8ApRWfsIMQSt2uE4OcpQqbFu7f7NbTK05lx80nuSijCz7sc3a277R67g,"Too fun. Easy to see, easy to play. Try it, you'll like it.",5,0,2.65.1,2025-11-11 16:47:36,,,2.65.1,en
b41259cf-c72b-4871-a788-25522d621e60,A Google user,https://play-lh.googleusercontent.com/EGemoI2NTXmTsBVtJqk8jxF9rh8ApRWfsIMQSt2uE4OcpQqbFu7f7NbTK05lx80nuSijCz7sc3a277R67g,this is not the same as the ad shows,1,0,2.65.1,2025-11-11 16:38:35,"Thanks for letting us know! 🌸 The ads are meant to highlight parts of the game, but we understand it can be confusing if the gameplay looks different. We’ll work on making future ads clearer and more accurate 💬
",2025-11-12 00:13:17,2.65.1,en
133f0f9d-1cfa-4d02-b42d-5e598eb7a3d2,A Google user,https://play-lh.googleusercontent.com/EGemoI2NTXmTsBVtJqk8jxF9rh8ApRWfsIMQSt2uE4OcpQqbFu7f7NbTK05lx80nuSijCz7sc3a277R67g,11/11 Loong challenge update has Halloween tiles in November. Pictures on tiles are way too small and too similar in color. Please adjust.,3,6,2.65.1,2025-11-11 16:29:33,"Thank you for your feedback! 🎃 We’ll make sure to improve the tile clarity and adjust seasonal designs in future updates to keep the visuals easy on the eyes and more enjoyable to play 💛
",2025-11-12 00:12:43,2.65.1,en
e932b28b-a1cb-4d85-8d1c-7c80fb7b4349,A Google user,https://play-lh.googleusercontent.com/EGemoI2NTXmTsBVtJqk8jxF9rh8ApRWfsIMQSt2uE4OcpQqbFu7f7NbTK05lx80nuSijCz7sc3a277R67g,I loved playing this game but the ad's are getting worse today they are even appearing in the middle of a game it's so annoying I've done thousands of levels but don't think I can put up with all the ad's anymore,1,0,2.64.3,2025-11-11 16:28:06,"We’re really sorry about that 💛 Ads should never interrupt your gameplay — that’s not the relaxing experience we want for you. Our team is already working on reducing the frequency and improving ad timing to make sure you can enjoy your sessions smoothly again 🌿
",2025-11-12 00:13:35,2.64.3,en
612a7f74-a262-433c-a673-458bcc518353,A Google user,https://play-lh.googleusercontent.com/EGemoI2NTXmTsBVtJqk8jxF9rh8ApRWfsIMQSt2uE4OcpQqbFu7f7NbTK05lx80nuSijCz7sc3a277R67g,such fake advertisement,1,0,2.64.3,2025-11-11 16:25:46,,,2.64.3,en
dc7032e8-4268-4436-a034-b50769307838,A Google user,https://play-lh.googleusercontent.com/EGemoI2NTXmTsBVtJqk8jxF9rh8ApRWfsIMQSt2uE4OcpQqbFu7f7NbTK05lx80nuSijCz7sc3a277R67g,it's refreshing minds,5,0,2.64.3,2025-11-11 16:10:11,,,2.64.3,en
d5f0cc69-95b7-455b-a048-bef12326bec8,A Google user,https://play-lh.googleusercontent.com/EGemoI2NTXmTsBVtJqk8jxF9rh8ApRWfsIMQSt2uE4OcpQqbFu7f7NbTK05lx80nuSijCz7sc3a277R67g,"I paid to remove the ads but they still give me ads within the game to buy other things and other options. this game is for seniors they're obviously going to get confused by all of that. of course you already know that, you just want your money from old people",1,0,2.64.3,2025-11-11 16:04:05,,,2.64.3,en
81091c2e-646a-4371-911e-bc5ad2160395,A Google user,https://play-lh.googleusercontent.com/EGemoI2NTXmTsBVtJqk8jxF9rh8ApRWfsIMQSt2uE4OcpQqbFu7f7NbTK05lx80nuSijCz7sc3a277R67g,This is a fun game!,5,0,2.64.3,2025-11-11 15:58:00,We’re so glad you find the game fun! Your kind feedback makes our efforts totally worthwhile. We’ll keep adding fun elements to keep the joy going—thanks for your support!,2025-11-12 01:43:38,2.64.3,en
97014a52-9d81-4aca-b070-ae70f1b2a6e9,A Google user,https://play-lh.googleusercontent.com/EGemoI2NTXmTsBVtJqk8jxF9rh8ApRWfsIMQSt2uE4OcpQqbFu7f7NbTK05lx80nuSijCz7sc3a277R67g,what a good games,5,0,2.65.1,2025-11-11 15:50:08,,,2.65.1,en
9b7f3b32-1a9d-4f21-9824-f1e6605fe95b,A Google user,https://play-lh.googleusercontent.com/EGemoI2NTXmTsBVtJqk8jxF9rh8ApRWfsIMQSt2uE4OcpQqbFu7f7NbTK05lx80nuSijCz7sc3a277R67g,"too many, long ads that you can not get out of. There's more ad time, than playing time. Boring.",1,0,,2025-11-11 15:41:29,We're truly sorry that the lengthy and unskippable ads have troubled you! We will shorten the ad duration and add a skip option. Thank you for your feedback!,2025-11-12 01:17:51,,en
8149e5b9-d6df-4c6e-9ba6-7dd1a52791f7,A Google user,https://play-lh.googleusercontent.com/EGemoI2NTXmTsBVtJqk8jxF9rh8ApRWfsIMQSt2uE4OcpQqbFu7f7NbTK05lx80nuSijCz7sc3a277R67g,Great game to relax with,5,0,2.64.3,2025-11-11 15:40:35,,,2.64.3,en
a3b6e472-d2d8-4ae6-b6ac-5068d9e28bf1,A Google user,https://play-lh.googleusercontent.com/EGemoI2NTXmTsBVtJqk8jxF9rh8ApRWfsIMQSt2uE4OcpQqbFu7f7NbTK05lx80nuSijCz7sc3a277R67g,"I love playing the game,but I have a fear of snakes which show up often...",1,0,2.57.1,2025-11-11 15:30:45,"Hello! We attach great importance to your experience with ""Snakes Tiles"" — your suggestion has been forwarded to the product team for special evaluation. Moving forward, we will combine feedback from more players and the game mechanics to conduct in-depth discussions on the optimization direction of relevant elements.",2025-11-12 01:19:39,2.57.1,en
7d0a197c-4ed1-4fb1-ae15-71473938c48d,A Google user,https://play-lh.googleusercontent.com/EGemoI2NTXmTsBVtJqk8jxF9rh8ApRWfsIMQSt2uE4OcpQqbFu7f7NbTK05lx80nuSijCz7sc3a277R67g,"Have had this some time now with no intention to remove. Not to many adds, good grapics & lots of levels with side games",5,0,2.64.3,2025-11-11 15:28:04,,,2.64.3,en
873048a0-2fd1-431d-90de-f73b3f9d70b9,A Google user,https://play-lh.googleusercontent.com/EGemoI2NTXmTsBVtJqk8jxF9rh8ApRWfsIMQSt2uE4OcpQqbFu7f7NbTK05lx80nuSijCz7sc3a277R67g,best for recreation,5,0,,2025-11-11 15:26:33,,,,en
fbd1aa47-2c50-4d49-ad8b-49119f5623e8,A Google user,https://play-lh.googleusercontent.com/EGemoI2NTXmTsBVtJqk8jxF9rh8ApRWfsIMQSt2uE4OcpQqbFu7f7NbTK05lx80nuSijCz7sc3a277R67g,Great game for thinkers,5,0,,2025-11-11 15:26:32,,,,en
a271624d-2878-45b9-a039-d9bd4e4f48af,A Google user,https://play-lh.googleusercontent.com/EGemoI2NTXmTsBVtJqk8jxF9rh8ApRWfsIMQSt2uE4OcpQqbFu7f7NbTK05lx80nuSijCz7sc3a277R67g,interesting game am enjoying it a lot,5,0,2.64.3,2025-11-11 15:21:54,,,2.64.3,en
1b92c502-b32b-424c-9b7f-1614fa442c05,A Google user,https://play-lh.googleusercontent.com/EGemoI2NTXmTsBVtJqk8jxF9rh8ApRWfsIMQSt2uE4OcpQqbFu7f7NbTK05lx80nuSijCz7sc3a277R67g,I am satisfied with downloading the app and playing the game. It is an extremely beautiful game.,5,0,2.64.3,2025-11-11 14:44:25,,,2.64.3,en
091a45c3-f5f7-4285-a4d5-fc3ed472f9e8,A Google user,https://play-lh.googleusercontent.com/EGemoI2NTXmTsBVtJqk8jxF9rh8ApRWfsIMQSt2uE4OcpQqbFu7f7NbTK05lx80nuSijCz7sc3a277R67g,awesome puzzles,5,0,2.64.3,2025-11-11 14:42:42,,,2.64.3,en
ded222bf-5550-4ab6-bee8-e7cbed136db3,A Google user,https://play-lh.googleusercontent.com/EGemoI2NTXmTsBVtJqk8jxF9rh8ApRWfsIMQSt2uE4OcpQqbFu7f7NbTK05lx80nuSijCz7sc3a277R67g,"Still a great game, but the ad-free honeymoon is over. Now it's a 1-3 minute ad after every single puzzle. The ads take longer than the puzzle does. If there were a way to remove the ads for a few bucks, I would in a second. Almost not worth playing anymore.",3,0,2.65.0,2025-11-11 14:37:41,"Thanks for sharing your thoughts. If you’d like a smoother experience, you can remove ads by purchasing the ad-free version in the game.
",2025-11-12 00:09:04,2.65.0,en
d4c39e83-9a49-46b1-8364-f84ccf1f134c,A Google user,https://play-lh.googleusercontent.com/EGemoI2NTXmTsBVtJqk8jxF9rh8ApRWfsIMQSt2uE4OcpQqbFu7f7NbTK05lx80nuSijCz7sc3a277R67g,Thanks For The Game 🎯 Always Say Alhamdulillah For Everything 🕋🤲🥰,5,0,2.64.3,2025-11-11 14:28:45,,,2.64.3,en
e536adf3-e2e0-435f-9391-d7165717d5b4,A Google user,https://play-lh.googleusercontent.com/EGemoI2NTXmTsBVtJqk8jxF9rh8ApRWfsIMQSt2uE4OcpQqbFu7f7NbTK05lx80nuSijCz7sc3a277R67g,love this game,5,0,,2025-11-11 14:20:18,,,,en
175d5df6-af82-4551-b235-feebf214e60f,A Google user,https://play-lh.googleusercontent.com/EGemoI2NTXmTsBVtJqk8jxF9rh8ApRWfsIMQSt2uE4OcpQqbFu7f7NbTK05lx80nuSijCz7sc3a277R67g,Wonderful game,5,0,2.64.3,2025-11-11 14:17:08,,,2.64.3,en
04633ee7-f70a-47de-8100-ff9e102e9770,A Google user,https://play-lh.googleusercontent.com/EGemoI2NTXmTsBVtJqk8jxF9rh8ApRWfsIMQSt2uE4OcpQqbFu7f7NbTK05lx80nuSijCz7sc3a277R67g,"The original answer by this creator was incredibly rude, & the business completely missed my point & put words in my mouth. I understand why you have ads & I have no problem with your ads. I enjoy this game very much, but I'd like to see my scores. What's the point of having scores if you go to the ad without staying on the screen long enough for people to see their scores?",3,3,2.64.3,2025-11-11 14:03:59,"We hear you — and we appreciate the detailed feedback! 😊 Ads help us keep the game free 🆓 and support new content, but we'll share your suggestion about timing with the team. Thank you for playing and sharing your thoughts! 🙌",2025-10-20 23:03:38,2.64.3,en
8f11eb36-34df-458a-b7b3-f879d139a9fc,A Google user,https://play-lh.googleusercontent.com/EGemoI2NTXmTsBVtJqk8jxF9rh8ApRWfsIMQSt2uE4OcpQqbFu7f7NbTK05lx80nuSijCz7sc3a277R67g,Was fine. Then most ads the only way out of them is to hit a button that takes you to Google Play. This causes the game to reboot when I return to it from Google Play. Thereby losing any bonuses I should've been awarded for watching the stupid ad!! Get rid of the button that takes me directly to Google Play or I'll have to quit playing.,3,0,2.64.3,2025-11-11 14:02:10,,,2.64.3,en
97e7fbf5-db1d-4113-a951-d585f40423e8,A Google user,https://play-lh.googleusercontent.com/EGemoI2NTXmTsBVtJqk8jxF9rh8ApRWfsIMQSt2uE4OcpQqbFu7f7NbTK05lx80nuSijCz7sc3a277R67g,love to play this apps enjoying 😃,5,0,2.65.1,2025-11-11 13:38:57,,,2.65.1,en
f49c4ce9-373e-4a4a-93db-57d5dfb5453e,A Google user,https://play-lh.googleusercontent.com/EGemoI2NTXmTsBVtJqk8jxF9rh8ApRWfsIMQSt2uE4OcpQqbFu7f7NbTK05lx80nuSijCz7sc3a277R67g,Thank You,5,0,2.64.3,2025-11-11 13:27:18,,,2.64.3,en
8284e8db-01c8-4da1-9a53-342513688417,A Google user,https://play-lh.googleusercontent.com/EGemoI2NTXmTsBVtJqk8jxF9rh8ApRWfsIMQSt2uE4OcpQqbFu7f7NbTK05lx80nuSijCz7sc3a277R67g,Used to be a great game but too many ads take you away from the game and won't let you return,2,0,2.64.3,2025-11-11 13:21:15,"Hi, sorry for the uncancellable ads ruining your play! We’ll fix this ad issue ASAP. For now, try closing/reopening the game. Let us know if it still happens.",2025-09-01 02:03:09,2.64.3,en
8ba684ce-01ad-489c-afe9-a4b05e87d113,A Google user,https://play-lh.googleusercontent.com/EGemoI2NTXmTsBVtJqk8jxF9rh8ApRWfsIMQSt2uE4OcpQqbFu7f7NbTK05lx80nuSijCz7sc3a277R67g,Nice one 👍,5,0,2.64.3,2025-11-11 13:15:15,,,2.64.3,en
58e9b206-894f-4ace-9214-859b7c85d4c2,A Google user,https://play-lh.googleusercontent.com/EGemoI2NTXmTsBVtJqk8jxF9rh8ApRWfsIMQSt2uE4OcpQqbFu7f7NbTK05lx80nuSijCz7sc3a277R67g,Good for old people and more money,5,0,2.65.1,2025-11-11 13:03:07,,,2.65.1,en
d941e06e-dea7-4c05-80fe-8cb6c42f5adc,A Google user,https://play-lh.googleusercontent.com/EGemoI2NTXmTsBVtJqk8jxF9rh8ApRWfsIMQSt2uE4OcpQqbFu7f7NbTK05lx80nuSijCz7sc3a277R67g,very nice game i love it 😀,5,0,2.64.3,2025-11-11 12:56:25,,,2.64.3,en
e708d0d0-36bd-434a-bb25-8b8bb4b8aa2c,A Google user,https://play-lh.googleusercontent.com/EGemoI2NTXmTsBVtJqk8jxF9rh8ApRWfsIMQSt2uE4OcpQqbFu7f7NbTK05lx80nuSijCz7sc3a277R67g,I'm enjoying for the real life I'm done,5,0,2.64.3,2025-11-11 12:46:51,,,2.64.3,en
75cb4fb0-cfaf-49a2-8cf8-b29adcb7c415,A Google user,https://play-lh.googleusercontent.com/EGemoI2NTXmTsBVtJqk8jxF9rh8ApRWfsIMQSt2uE4OcpQqbFu7f7NbTK05lx80nuSijCz7sc3a277R67g,good game really yenjoy,5,0,2.64.3,2025-11-11 12:46:27,,,2.64.3,en
227eb62f-e441-4c26-89c3-c2351ee9ed98,A Google user,https://play-lh.googleusercontent.com/EGemoI2NTXmTsBVtJqk8jxF9rh8ApRWfsIMQSt2uE4OcpQqbFu7f7NbTK05lx80nuSijCz7sc3a277R67g,good game I'm having fu,5,0,2.64.3,2025-11-11 12:37:25,,,2.64.3,en
f132c1eb-5117-4824-8cc0-d6addf3e6ed5,A Google user,https://play-lh.googleusercontent.com/EGemoI2NTXmTsBVtJqk8jxF9rh8ApRWfsIMQSt2uE4OcpQqbFu7f7NbTK05lx80nuSijCz7sc3a277R67g,"what's happened? tiles with pandas on, no ranking, and game having to be played all the way to then end now",4,0,2.65.1,2025-11-11 12:35:33,,,2.65.1,en
35c79133-6f17-4172-9918-9b13ccee7766,A Google user,https://play-lh.googleusercontent.com/EGemoI2NTXmTsBVtJqk8jxF9rh8ApRWfsIMQSt2uE4OcpQqbFu7f7NbTK05lx80nuSijCz7sc3a277R67g,Absolutely love this game. Great for stress,5,0,2.64.3,2025-11-11 12:24:04,,,2.64.3,en
a625d5b6-776a-4e87-ad37-90b0423ca41b,A Google user,https://play-lh.googleusercontent.com/EGemoI2NTXmTsBVtJqk8jxF9rh8ApRWfsIMQSt2uE4OcpQqbFu7f7NbTK05lx80nuSijCz7sc3a277R67g,fun game but half of the time they ads cause a restart; especially annoying when you end up missing out on bonuses and wind up losing shuffjes or hints.,1,0,2.65.0,2025-11-11 12:14:20,"Hi! So sorry ads cause restarts and make you lose bonuses/hints. We’ve reported this to ad platforms to optimize. For now, try closing background apps to reduce issues. Thanks for your patience!",2025-10-22 01:59:15,2.65.0,en
4fcbc2c2-85fc-40f1-9e3c-433edeedda80,A Google user,https://play-lh.googleusercontent.com/EGemoI2NTXmTsBVtJqk8jxF9rh8ApRWfsIMQSt2uE4OcpQqbFu7f7NbTK05lx80nuSijCz7sc3a277R67g,I love playing mahjong it is so relaxing it takes my mind off for my worries! sometimes I play for hours losing track of time. but by playing the game it keeps my mind Sharp. And that was the whole reason for playing. it's just too bad I can't get paid for playing mahjong I love the game so much!,5,0,2.64.3,2025-11-11 12:12:10,,,2.64.3,en
5f07d3d9-1511-4cf2-8e60-45e460ed3e64,A Google user,https://play-lh.googleusercontent.com/EGemoI2NTXmTsBVtJqk8jxF9rh8ApRWfsIMQSt2uE4OcpQqbFu7f7NbTK05lx80nuSijCz7sc3a277R67g,"If you're wise and play to build a storehouse of shuffles ahead of a challenge, they penalize you. I played 5 sets with no option to watch ads to get more shuffles. Punishing success is not cool! Google promotes mediocrity!",1,0,2.65.0,2025-11-11 11:56:44,"We understand your frustration. The game’s system is designed to balance progression, but your feedback about punishing prepared play is valuable and will be considered to improve player experience.
",2025-11-12 00:16:13,2.65.0,en
1f81a193-8d82-40e3-a926-63a93886d6af,A Google user,https://play-lh.googleusercontent.com/EGemoI2NTXmTsBVtJqk8jxF9rh8ApRWfsIMQSt2uE4OcpQqbFu7f7NbTK05lx80nuSijCz7sc3a277R67g,Hi I'm Abujam Gouramani Meitei I am very interested to this Vita Mahjong,5,0,2.64.3,2025-11-11 11:50:54,,,2.64.3,en
31912831-54bc-4de0-883d-a0440614d55c,A Google user,https://play-lh.googleusercontent.com/EGemoI2NTXmTsBVtJqk8jxF9rh8ApRWfsIMQSt2uE4OcpQqbFu7f7NbTK05lx80nuSijCz7sc3a277R67g,Far too many adverts interrupting the game.,1,0,2.65.1,2025-11-11 11:49:22,"We understand how frustrating that can be 😔 Ads shouldn’t interrupt your focus or enjoyment. Our team is already working on making them less intrusive so you can relax and play without constant breaks 💫
",2025-11-12 00:14:04,2.65.1,en
5f9cb7cd-b5c0-47b4-9bd2-a2d2bd7340be,A Google user,https://play-lh.googleusercontent.com/EGemoI2NTXmTsBVtJqk8jxF9rh8ApRWfsIMQSt2uE4OcpQqbFu7f7NbTK05lx80nuSijCz7sc3a277R67g,its amazing I love it,5,0,2.65.1,2025-11-11 11:05:21,,,2.65.1,en
71f94cbc-83a7-48ee-b028-11c7693bcd6f,A Google user,https://play-lh.googleusercontent.com/EGemoI2NTXmTsBVtJqk8jxF9rh8ApRWfsIMQSt2uE4OcpQqbFu7f7NbTK05lx80nuSijCz7sc3a277R67g,it helps me to focus!,5,0,,2025-11-11 10:50:26,,,,en
6c8ee10d-6e8d-4517-af97-925194bc0711,A Google user,https://play-lh.googleusercontent.com/EGemoI2NTXmTsBVtJqk8jxF9rh8ApRWfsIMQSt2uE4OcpQqbFu7f7NbTK05lx80nuSijCz7sc3a277R67g,how can I get rid of the casino adds. I paid the R149. still not ads free. please help. need to exit game and restart to cancell ads.,2,0,2.64.3,2025-11-11 10:33:55,"Since you’ve already paid for the ad-free version, the best step is to contact the game’s support team directly. They can check your purchase and help ensure the casino ads stop appearing without needing to restart the game.
",2025-11-12 00:20:24,2.64.3,en
0952f608-d5b7-4093-b381-9ad4e160e162,A Google user,https://play-lh.googleusercontent.com/EGemoI2NTXmTsBVtJqk8jxF9rh8ApRWfsIMQSt2uE4OcpQqbFu7f7NbTK05lx80nuSijCz7sc3a277R67g,my favourite game.,5,0,2.64.3,2025-11-11 10:14:14,,,2.64.3,en
111084db-c801-4a91-a7aa-48936eeb01e6,A Google user,https://play-lh.googleusercontent.com/EGemoI2NTXmTsBVtJqk8jxF9rh8ApRWfsIMQSt2uE4OcpQqbFu7f7NbTK05lx80nuSijCz7sc3a277R67g,very nice game🎮,5,0,2.64.3,2025-11-11 09:57:03,,,2.64.3,en
9ba6a239-6848-440a-a5d6-32304dd30608,A Google user,https://play-lh.googleusercontent.com/EGemoI2NTXmTsBVtJqk8jxF9rh8ApRWfsIMQSt2uE4OcpQqbFu7f7NbTK05lx80nuSijCz7sc3a277R67g,"He's great to play with, especially when you're tired..",5,0,2.64.3,2025-11-11 09:56:30,,,2.64.3,en
bbd87f6b-62ea-47cf-9419-f2da1123799f,A Google user,https://play-lh.googleusercontent.com/EGemoI2NTXmTsBVtJqk8jxF9rh8ApRWfsIMQSt2uE4OcpQqbFu7f7NbTK05lx80nuSijCz7sc3a277R67g,not like the ad... why have an install this game when another game was advertised,1,0,2.64.3,2025-11-11 09:39:32,"We understand your frustration. Sometimes the ads promote features from similar games, not the exact gameplay of this app. The game itself is safe to play, and if you encounter misleading ads, you can report them through the game so the team can review.
",2025-11-12 00:23:24,2.64.3,en
ce190e60-c5d8-4db4-a1ff-d8f05b8e12ac,A Google user,https://play-lh.googleusercontent.com/EGemoI2NTXmTsBVtJqk8jxF9rh8ApRWfsIMQSt2uE4OcpQqbFu7f7NbTK05lx80nuSijCz7sc3a277R67g,excellent thanks,5,0,2.64.3,2025-11-11 09:36:01,,,2.64.3,en
6f5739f3-cc5d-4044-a608-231020faac30,A Google user,https://play-lh.googleusercontent.com/EGemoI2NTXmTsBVtJqk8jxF9rh8ApRWfsIMQSt2uE4OcpQqbFu7f7NbTK05lx80nuSijCz7sc3a277R67g,great game loving it,5,0,2.64.3,2025-11-11 09:32:21,,,2.64.3,en
5bb0f05b-2284-4608-aa50-30502f126da0,A Google user,https://play-lh.googleusercontent.com/EGemoI2NTXmTsBVtJqk8jxF9rh8ApRWfsIMQSt2uE4OcpQqbFu7f7NbTK05lx80nuSijCz7sc3a277R67g,to win real Manny and same as others too,5,0,2.64.3,2025-11-11 08:57:36,,,2.64.3,en
46fde023-1010-4c08-a29c-d5631a23329b,A Google user,https://play-lh.googleusercontent.com/EGemoI2NTXmTsBVtJqk8jxF9rh8ApRWfsIMQSt2uE4OcpQqbFu7f7NbTK05lx80nuSijCz7sc3a277R67g,I finally got a Halloween event with Halloween themed tiles and lost it. how can I get it back?.and can I have them year round? otherwise I love this game.,5,0,2.63.2,2025-11-11 08:09:39,,,2.63.2,en
be1a6bf7-319b-41fa-8878-b42cb8c54e20,A Google user,https://play-lh.googleusercontent.com/EGemoI2NTXmTsBVtJqk8jxF9rh8ApRWfsIMQSt2uE4OcpQqbFu7f7NbTK05lx80nuSijCz7sc3a277R67g,everything is gud I enjoy it,5,0,2.65.0,2025-11-11 08:03:27,,,2.65.0,en
df4db709-72b4-4dee-874a-0d60224aaa76,A Google user,https://play-lh.googleusercontent.com/EGemoI2NTXmTsBVtJqk8jxF9rh8ApRWfsIMQSt2uE4OcpQqbFu7f7NbTK05lx80nuSijCz7sc3a277R67g,"super fun, easy to get started and very addicting",5,0,,2025-11-11 07:49:21,,,,en
8818e530-1189-4b65-939e-a434eec9e18a,A Google user,https://play-lh.googleusercontent.com/EGemoI2NTXmTsBVtJqk8jxF9rh8ApRWfsIMQSt2uE4OcpQqbFu7f7NbTK05lx80nuSijCz7sc3a277R67g,I can put up with the ads. But now there is really loud orchestral music playing as soon as the game starts. Sometimes there are two different pieces of music playing at the same time. Removing app!,1,0,2.64.3,2025-11-11 07:39:29,Thank you for your feedback. This sounds like an audio issue; the volume of ads and music often depends on device settings. You can try adjusting the media volume or the sound settings in the game.,2025-11-12 00:27:44,2.64.3,en
85cbfe34-c1b6-4dcf-92cd-50d3c10dd20a,A Google user,https://play-lh.googleusercontent.com/EGemoI2NTXmTsBVtJqk8jxF9rh8ApRWfsIMQSt2uE4OcpQqbFu7f7NbTK05lx80nuSijCz7sc3a277R67g,not the game it shows in videos,1,0,2.65.0,2025-11-11 07:00:12,We apologize that the game didn't meet your expectations. Our team will verify the video content you mentioned immediately. Could you specify which part differs from the game? Your details will help us improve better. Thanks for your feedback.,2025-11-12 01:27:44,2.65.0,en
dccbdc97-54d3-4ec8-8225-9a5d0b552ec0,A Google user,https://play-lh.googleusercontent.com/EGemoI2NTXmTsBVtJqk8jxF9rh8ApRWfsIMQSt2uE4OcpQqbFu7f7NbTK05lx80nuSijCz7sc3a277R67g,"The game is nice, but, it has so much advertisement. After every play, you can't see the scores because advertisement start. They could let after 3 or 4 plays, but not after every play. The best way to play is if you disconect the internet :-(",2,0,2.63.0,2025-11-11 07:00:08,We appreciate you liking the game! We’re sorry the frequent ads ruin your score-checking. Our team will adjust the ad frequency soon—we’ll consider showing ads after 3 - 4 plays. Thanks for your valuable feedback and patience!,2025-11-12 01:27:59,2.63.0,en
81800b42-21d1-48d3-a7ea-5dea9612b554,A Google user,https://play-lh.googleusercontent.com/EGemoI2NTXmTsBVtJqk8jxF9rh8ApRWfsIMQSt2uE4OcpQqbFu7f7NbTK05lx80nuSijCz7sc3a277R67g,good game but there is too much ads,2,0,2.61.3,2025-11-11 06:49:35,Thanks for loving the game! We’re sorry about the excessive ads. Our team is adjusting the ad frequency to improve your experience. Thanks for your understanding and feedback!,2025-11-12 01:28:07,2.61.3,en
33f3aa9e-7220-4e93-aed6-509f8fb9f709,A Google user,https://play-lh.googleusercontent.com/EGemoI2NTXmTsBVtJqk8jxF9rh8ApRWfsIMQSt2uE4OcpQqbFu7f7NbTK05lx80nuSijCz7sc3a277R67g,I love love love the sound effects,5,0,2.64.3,2025-11-11 06:40:23,,,2.64.3,en
74ed2a7d-9abb-4bfa-9e43-a977498403f8,A Google user,https://play-lh.googleusercontent.com/EGemoI2NTXmTsBVtJqk8jxF9rh8ApRWfsIMQSt2uE4OcpQqbFu7f7NbTK05lx80nuSijCz7sc3a277R67g,"to much .ads, please dont use this game",1,0,2.64.3,2025-11-11 06:17:19,We apologize deeply for the annoyance caused by the overwhelming ads. We’ve put this issue at the top of our optimization list and will adjust the ad settings as soon as possible. Your feedback is a wake - up call for us to improve. Thanks a lot.,2025-11-12 01:28:36,2.64.3,en
a8590cfd-5647-4148-a2d3-bf54b0e896ee,A Google user,https://play-lh.googleusercontent.com/EGemoI2NTXmTsBVtJqk8jxF9rh8ApRWfsIMQSt2uE4OcpQqbFu7f7NbTK05lx80nuSijCz7sc3a277R67g,Nice game so interesting,5,0,2.63.2,2025-11-11 06:15:56,,,2.63.2,en
dd200627-a9b4-45ef-87e5-79daa042b393,A Google user,https://play-lh.googleusercontent.com/EGemoI2NTXmTsBVtJqk8jxF9rh8ApRWfsIMQSt2uE4OcpQqbFu7f7NbTK05lx80nuSijCz7sc3a277R67g,worst game I ever played. Ad shows another game and while entering it's a different game.,1,0,,2025-11-11 06:10:48,We’re truly sorry for the misleading ad experience! Our team will verify and rectify the ad content immediately to ensure consistency. Thank you for your honest feedback—we’ll improve urgently.,2025-11-12 01:28:53,,en
ed6dda89-92f2-4967-87df-e5f315e7bca2,A Google user,https://play-lh.googleusercontent.com/EGemoI2NTXmTsBVtJqk8jxF9rh8ApRWfsIMQSt2uE4OcpQqbFu7f7NbTK05lx80nuSijCz7sc3a277R67g,it's an awesome game 😊 can't stop playing. most try👌👍,5,0,2.64.3,2025-11-11 06:01:56,,,2.64.3,en
a2a6d4fe-25ac-4e52-8eba-c841b0cdefb8,A Google user,https://play-lh.googleusercontent.com/EGemoI2NTXmTsBVtJqk8jxF9rh8ApRWfsIMQSt2uE4OcpQqbFu7f7NbTK05lx80nuSijCz7sc3a277R67g,it's really good game,5,0,2.64.3,2025-11-11 05:55:05,,,2.64.3,en
a3781fdd-c355-412c-a3c6-d4d41e30904e,A Google user,https://play-lh.googleusercontent.com/EGemoI2NTXmTsBVtJqk8jxF9rh8ApRWfsIMQSt2uE4OcpQqbFu7f7NbTK05lx80nuSijCz7sc3a277R67g,love it! it's fun and has good features! No race against time!!,5,0,2.64.3,2025-11-11 05:47:39,,,2.64.3,en
bcd0f77f-fa14-4d75-b697-773fe7f74c71,A Google user,https://play-lh.googleusercontent.com/EGemoI2NTXmTsBVtJqk8jxF9rh8ApRWfsIMQSt2uE4OcpQqbFu7f7NbTK05lx80nuSijCz7sc3a277R67g,why when it shows i should receive 4 free plays do i only get 1? there is no where to ask questions on the game,3,0,2.65.1,2025-11-11 05:37:58,"We’re sorry you only got 1 free play instead of 4! Try restarting the game or checking your network. For further help, contact us via the app game page. Thanks!",2025-11-12 01:32:59,2.65.1,en
3acdfec5-da8e-41ec-921b-b77177632f34,A Google user,https://play-lh.googleusercontent.com/EGemoI2NTXmTsBVtJqk8jxF9rh8ApRWfsIMQSt2uE4OcpQqbFu7f7NbTK05lx80nuSijCz7sc3a277R67g,Exciting Game!,5,0,2.64.3,2025-11-11 05:31:53,,,2.64.3,en
12116d7e-f82a-4737-b024-675a2f30f32c,A Google user,https://play-lh.googleusercontent.com/EGemoI2NTXmTsBVtJqk8jxF9rh8ApRWfsIMQSt2uE4OcpQqbFu7f7NbTK05lx80nuSijCz7sc3a277R67g,great time passer. keeps my mind off other things.,5,0,2.64.3,2025-11-11 05:23:41,,,2.64.3,en
77f51216-fa76-43a2-ab4f-1baa558c1211,A Google user,https://play-lh.googleusercontent.com/EGemoI2NTXmTsBVtJqk8jxF9rh8ApRWfsIMQSt2uE4OcpQqbFu7f7NbTK05lx80nuSijCz7sc3a277R67g,very nice and lovely game,5,0,2.64.3,2025-11-11 05:03:33,,,2.64.3,en
16936e23-26e5-4a3b-8039-9170efe0b18b,A Google user,https://play-lh.googleusercontent.com/EGemoI2NTXmTsBVtJqk8jxF9rh8ApRWfsIMQSt2uE4OcpQqbFu7f7NbTK05lx80nuSijCz7sc3a277R67g,very sticky ads that doesn't go away unless you shut down the app if there is less than a zero star I would give them minus infinity,1,0,2.65.0,2025-11-11 05:02:36,Terribly sorry about the unclosable ads! Try clearing the app cache and restarting first. We’ll resolve this ad glitch ASAP.,2025-11-12 01:36:47,2.65.0,en
c5baf214-853a-41a7-817d-9b88d3193502,A Google user,https://play-lh.googleusercontent.com/EGemoI2NTXmTsBVtJqk8jxF9rh8ApRWfsIMQSt2uE4OcpQqbFu7f7NbTK05lx80nuSijCz7sc3a277R67g,there are way too many ads especially when advertising no ads,1,0,2.64.3,2025-11-11 05:01:01,We sincerely apologize for the frustration caused by the excessive ads. We’ll fix the ad issue promptly to improve your gaming experience.Thank you for your valuable feedback.,2025-11-12 01:36:24,2.64.3,en
32ed49d7-91aa-41a8-b0d5-b98b8f11cd71,A Google user,https://play-lh.googleusercontent.com/EGemoI2NTXmTsBVtJqk8jxF9rh8ApRWfsIMQSt2uE4OcpQqbFu7f7NbTK05lx80nuSijCz7sc3a277R67g,"Again great game, at over 4100,at the same time, please play this game, it's awesome, sharpens your mind, helps you sleep, it also develops tranquility in your life, you won't be disappointed, I need opponent's",5,836,2.64.3,2025-11-11 04:51:07,"Thank you sooo much for your amazing feedback! 🥰 You're awesome! We're thrilled you're loving our game, enjoying the challenges, and getting great sleep. Sweet dreams! 🌙 Keep challenging your mind, and feel free to share Vita Mahjong with your friends for extra competition!✨😊",2025-03-31 09:07:41,2.64.3,en
c416fcb9-481e-43a4-8e41-3b17db700003,A Google user,https://play-lh.googleusercontent.com/EGemoI2NTXmTsBVtJqk8jxF9rh8ApRWfsIMQSt2uE4OcpQqbFu7f7NbTK05lx80nuSijCz7sc3a277R67g,"I love the game and play it often. I stumbled into a Halloween themed tile set today and it is November. At first I didn't want it because halloween is passed, however, when I shut down the game and started it up again it was gone and I missed having it. I was sad to go back to the basic tiles. If there's any way to have holiday themes or seasonal themes come on, that would be a great way to keep it fresh and fun thanks for a great game!",5,1,2.64.3,2025-11-11 04:48:42,,,2.64.3,en
62733f89-4db1-4d4f-92ac-41cc78a99d62,A Google user,https://play-lh.googleusercontent.com/EGemoI2NTXmTsBVtJqk8jxF9rh8ApRWfsIMQSt2uE4OcpQqbFu7f7NbTK05lx80nuSijCz7sc3a277R67g,love this game great for my brain and my eyes great game,5,0,,2025-11-11 04:35:48,,,,en
7ec35dd2-7875-499c-b61b-236d84a9e9c5,A Google user,https://play-lh.googleusercontent.com/EGemoI2NTXmTsBVtJqk8jxF9rh8ApRWfsIMQSt2uE4OcpQqbFu7f7NbTK05lx80nuSijCz7sc3a277R67g,"so I reviewed this before level 11. I thought the game was amazing, with no ad interruption between levels. then BAM!! Ads overload in between levels. Can't I just have a game without ads like before without having to pay to skip them? Damn you vita mahjong",2,0,2.65.0,2025-11-11 04:13:55,So sorry the sudden ad overload ruined your fun! We’ll adjust the ad trigger logic. Thanks for loving the ad-free early experience—we’re working to balance it. Appreciate your feedback!,2025-11-12 01:37:21,2.65.0,en
7087f286-0be4-45a2-b38c-1bd7b1044def,A Google user,https://play-lh.googleusercontent.com/EGemoI2NTXmTsBVtJqk8jxF9rh8ApRWfsIMQSt2uE4OcpQqbFu7f7NbTK05lx80nuSijCz7sc3a277R67g,too many bugs in app,1,0,2.64.3,2025-11-11 04:13:26,"Thanks for reporting that there are too many bugs in the app. To help us locate and fix the problems more efficiently, could you please provide more details like the specific functions where bugs occurred? We appreciate your cooperation and will resolve the issues soon.",2025-11-12 01:38:12,2.64.3,en
fc596940-c387-43b0-ac6b-a3032782763a,A Google user,https://play-lh.googleusercontent.com/EGemoI2NTXmTsBVtJqk8jxF9rh8ApRWfsIMQSt2uE4OcpQqbFu7f7NbTK05lx80nuSijCz7sc3a277R67g,I love the energy and happiness this game gives,5,0,2.64.3,2025-11-11 04:11:17,,,2.64.3,en
eb556842-50fb-4307-9733-b0d2223083c6,A Google user,https://play-lh.googleusercontent.com/EGemoI2NTXmTsBVtJqk8jxF9rh8ApRWfsIMQSt2uE4OcpQqbFu7f7NbTK05lx80nuSijCz7sc3a277R67g,I recently noticed that the go back or undo button has been removed. is this temporary?,5,0,2.64.3,2025-11-11 04:07:30,,,2.64.3,en
a4e76303-a098-4470-9587-bce057f4dfe2,A Google user,https://play-lh.googleusercontent.com/EGemoI2NTXmTsBVtJqk8jxF9rh8ApRWfsIMQSt2uE4OcpQqbFu7f7NbTK05lx80nuSijCz7sc3a277R67g,I LOVE THIS ONE. ❤️ 😍 💖,5,0,,2025-11-11 03:53:32,,,,en
37d52680-227b-4167-a256-066203065b35,A Google user,https://play-lh.googleusercontent.com/EGemoI2NTXmTsBVtJqk8jxF9rh8ApRWfsIMQSt2uE4OcpQqbFu7f7NbTK05lx80nuSijCz7sc3a277R67g,wish I could get paid for playing,5,0,2.64.3,2025-11-11 03:48:32,,,2.64.3,en
d02b7843-bb30-4eaf-909b-0939bbe0df53,A Google user,https://play-lh.googleusercontent.com/EGemoI2NTXmTsBVtJqk8jxF9rh8ApRWfsIMQSt2uE4OcpQqbFu7f7NbTK05lx80nuSijCz7sc3a277R67g,"Amazing! Played for 17 days, have not paid for extras because you can earn them by watching ads. Worth it. Take time and trust your instincts. It helps with brain fog and focus. I love this game! update: it's been a year and I still play it every day. It helps with focus, stress, and pain. Will continue to play at my pace. Thank you so much for developing a game for seniors and not having a need to purchase extras. it's been good for my mom who is 90!",5,3,2.65.1,2025-11-11 03:20:11,,,2.65.1,en
e078fe0a-c214-4e02-adee-e0501c0d785a,A Google user,https://play-lh.googleusercontent.com/EGemoI2NTXmTsBVtJqk8jxF9rh8ApRWfsIMQSt2uE4OcpQqbFu7f7NbTK05lx80nuSijCz7sc3a277R67g,Just started but so far it's going well. Good gameplay.,5,0,2.61.3,2025-11-11 02:47:43,,,2.61.3,en
918dc089-ec65-4e9f-b1d9-4abb8c05ca8d,A Google user,https://play-lh.googleusercontent.com/EGemoI2NTXmTsBVtJqk8jxF9rh8ApRWfsIMQSt2uE4OcpQqbFu7f7NbTK05lx80nuSijCz7sc3a277R67g,I love 💕 and enjoy this game. you can play offline. amazing graphics. you can play with other players. thank you to the developer of vita mahjong. god 🙏 bless you more. perfect game for us seniors.,5,0,2.64.3,2025-11-11 02:35:40,,,2.64.3,en
d5b95dd1-e1d2-450d-9f74-befd6f744757,A Google user,https://play-lh.googleusercontent.com/EGemoI2NTXmTsBVtJqk8jxF9rh8ApRWfsIMQSt2uE4OcpQqbFu7f7NbTK05lx80nuSijCz7sc3a277R67g,it wanted let me install it,1,0,2.40.1,2025-11-11 02:17:31,,,2.40.1,en
a4bc1ecd-74d7-46fe-b15c-214232bef4d9,A Google user,https://play-lh.googleusercontent.com/EGemoI2NTXmTsBVtJqk8jxF9rh8ApRWfsIMQSt2uE4OcpQqbFu7f7NbTK05lx80nuSijCz7sc3a277R67g,way too many adds that are a puzzle in themselves to get past. Had to delete,1,0,,2025-11-11 02:14:10,,,,en
55df179a-f5e7-4148-a537-9324a3ceefe8,A Google user,https://play-lh.googleusercontent.com/EGemoI2NTXmTsBVtJqk8jxF9rh8ApRWfsIMQSt2uE4OcpQqbFu7f7NbTK05lx80nuSijCz7sc3a277R67g,FUN Game two thumbs up 👍👍,5,0,2.64.3,2025-11-11 01:57:51,,,2.64.3,en
5f087c29-11e1-4ec8-871c-9d7fe051fe97,A Google user,https://play-lh.googleusercontent.com/EGemoI2NTXmTsBVtJqk8jxF9rh8ApRWfsIMQSt2uE4OcpQqbFu7f7NbTK05lx80nuSijCz7sc3a277R67g,I'm getting better with memory ..I love that it's so relaxing I usually don't like sounds on a game but this game is so calming & takes me to a sweet spa treatment for the mind body & soul !!🥰 thank you for my sweet escape,5,0,,2025-11-11 01:57:20,,,,en
54ddf0c8-7204-4d47-8cbf-833c14fc298b,A Google user,https://play-lh.googleusercontent.com/EGemoI2NTXmTsBVtJqk8jxF9rh8ApRWfsIMQSt2uE4OcpQqbFu7f7NbTK05lx80nuSijCz7sc3a277R67g,complete my day while I'm playing vita mahjong❤️👍🏻,5,0,2.64.3,2025-11-11 01:56:23,,,2.64.3,en
54611be6-fac2-442c-a249-f266f93eefe1,A Google user,https://play-lh.googleusercontent.com/EGemoI2NTXmTsBVtJqk8jxF9rh8ApRWfsIMQSt2uE4OcpQqbFu7f7NbTK05lx80nuSijCz7sc3a277R67g,"game it's self is good, but all the ads for the same game that it forces you to goggle play to download are tiresome. game has been deleted. I want to play games, not watch ads.",1,0,2.64.3,2025-11-11 01:47:39,,,2.64.3,en
4814ac36-7f52-42b0-bfbf-512fbc6c7560,A Google user,https://play-lh.googleusercontent.com/EGemoI2NTXmTsBVtJqk8jxF9rh8ApRWfsIMQSt2uE4OcpQqbFu7f7NbTK05lx80nuSijCz7sc3a277R67g,"3-5 ads every freaking round WHILE i'm in the middle of playing? nah, you guys are getting too greedy. dont download this game if you dont want to get frustrated with the greedy amount of ads it plays PER ROUND.",1,0,2.64.3,2025-11-11 01:42:09,,,2.64.3,en
ac461c42-cdc6-4a28-b284-4904123fa58c,A Google user,https://play-lh.googleusercontent.com/EGemoI2NTXmTsBVtJqk8jxF9rh8ApRWfsIMQSt2uE4OcpQqbFu7f7NbTK05lx80nuSijCz7sc3a277R67g,this game not like ads ... this game did not deserve even this one star,1,0,2.65.1,2025-11-11 01:20:36,,,2.65.1,en
eb936aa2-0ebe-4593-a440-9926151cadad,A Google user,https://play-lh.googleusercontent.com/EGemoI2NTXmTsBVtJqk8jxF9rh8ApRWfsIMQSt2uE4OcpQqbFu7f7NbTK05lx80nuSijCz7sc3a277R67g,"Not ad free, so sick and tired of ads. Now, if your hand is hovering over the screen all of a sudden, the ad starts. when trying to get out of it, it kicks you out, and you go back to when you open the app. 😡 where did the redo button go. You guys make some of the moves that are wrong and so do I. now that it's gone I'm constantly having to shuffle.",2,1,2.65.0,2025-11-11 01:06:06,"We're truly sorry for the disappointment. We know ads can be tiresome. We're working on strategies to make the ad experience less intrusive. While we can't go fully ad-free currently, we'll strive to reduce their frequency and impact. Hope you'll stay with us and see the improvements.",2025-03-31 02:36:02,2.65.0,en
952f0f52-9177-472a-9275-3ae5ca8fb01a,A Google user,https://play-lh.googleusercontent.com/EGemoI2NTXmTsBVtJqk8jxF9rh8ApRWfsIMQSt2uE4OcpQqbFu7f7NbTK05lx80nuSijCz7sc3a277R67g,I enjoy playing this game,5,0,2.64.3,2025-11-11 00:56:30,,,2.64.3,en
53fb6c2d-9f7b-4850-8169-08db6f3a503c,A Google user,https://play-lh.googleusercontent.com/EGemoI2NTXmTsBVtJqk8jxF9rh8ApRWfsIMQSt2uE4OcpQqbFu7f7NbTK05lx80nuSijCz7sc3a277R67g,they take what you earned.,1,0,,2025-11-11 00:55:12,,,,en
ea63d157-4d6b-4d74-bc5e-66cb3e1b87b9,A Google user,https://play-lh.googleusercontent.com/EGemoI2NTXmTsBVtJqk8jxF9rh8ApRWfsIMQSt2uE4OcpQqbFu7f7NbTK05lx80nuSijCz7sc3a277R67g,why does size of tiles keep changing from large for seniors to mini,1,0,2.65.1,2025-11-11 00:34:06,,,2.65.1,en
14f9737b-f0ea-48f9-b265-b5c9588396cf,A Google user,https://play-lh.googleusercontent.com/EGemoI2NTXmTsBVtJqk8jxF9rh8ApRWfsIMQSt2uE4OcpQqbFu7f7NbTK05lx80nuSijCz7sc3a277R67g,Great ! game,5,0,2.63.2,2025-11-11 00:28:02,,,2.63.2,en
4f4f1bb8-28f5-4774-bdf0-d91a6036c485,A Google user,https://play-lh.googleusercontent.com/EGemoI2NTXmTsBVtJqk8jxF9rh8ApRWfsIMQSt2uE4OcpQqbFu7f7NbTK05lx80nuSijCz7sc3a277R67g,the game description/pictures found here have nothing to do with the actual game when you download it. You're misleading us. shame!!!,1,0,,2025-11-11 00:20:16,,,,en
f16478d8-c284-4b9b-a429-5bfd03488457,A Google user,https://play-lh.googleusercontent.com/EGemoI2NTXmTsBVtJqk8jxF9rh8ApRWfsIMQSt2uE4OcpQqbFu7f7NbTK05lx80nuSijCz7sc3a277R67g,it fun to use my brain to play,5,0,2.65.0,2025-11-11 00:12:21,,,2.65.0,en
9814758f-d91b-4707-83af-8f89d0b61261,A Google user,https://play-lh.googleusercontent.com/EGemoI2NTXmTsBVtJqk8jxF9rh8ApRWfsIMQSt2uE4OcpQqbFu7f7NbTK05lx80nuSijCz7sc3a277R67g,"one of the best 💯 Asia's game ,stress reliever ,only you need a good screen to enjoy it full",4,0,2.64.3,2025-11-10 23:59:41,,,2.64.3,en
d63f7705-55d3-444a-a4f0-9614cd82aacf,A Google user,https://play-lh.googleusercontent.com/EGemoI2NTXmTsBVtJqk8jxF9rh8ApRWfsIMQSt2uE4OcpQqbFu7f7NbTK05lx80nuSijCz7sc3a277R67g,"ads on top of ads. there's scammy ads during gameplay on the lower part(the kind that try to make you click them by looking like you have a mail), there's ads between rounds, and the ads are clearly completely unfiltered to maximise profits. YUCK!",1,0,,2025-11-10 23:55:21,,,,en
83c8850a-b77a-4ea3-a191-0f190dba6242,A Google user,https://play-lh.googleusercontent.com/EGemoI2NTXmTsBVtJqk8jxF9rh8ApRWfsIMQSt2uE4OcpQqbFu7f7NbTK05lx80nuSijCz7sc3a277R67g,it's fun. especially if you like to compete.,3,1,2.64.3,2025-11-10 23:32:43,We promise no ads during gameplay — only optional short ads between rounds to keep the game free and support new content! 🆓✨ Thanks for playing! 🎮💙,2025-10-14 22:39:38,2.64.3,en
b4dbb8b5-0634-44a2-8be9-039650327401,A Google user,https://play-lh.googleusercontent.com/EGemoI2NTXmTsBVtJqk8jxF9rh8ApRWfsIMQSt2uE4OcpQqbFu7f7NbTK05lx80nuSijCz7sc3a277R67g,Entertaining,5,0,2.64.1,2025-11-10 23:29:22,,,2.64.1,en
7da41bf1-7a79-46fa-ac79-2697fd59f33b,A Google user,https://play-lh.googleusercontent.com/EGemoI2NTXmTsBVtJqk8jxF9rh8ApRWfsIMQSt2uE4OcpQqbFu7f7NbTK05lx80nuSijCz7sc3a277R67g,Very challenging game where you must be very wakeup and must concentrate if you mis you'll find out yiu can't play the game futher . We'll im tired now and my brain 🧠 😴 needs a rest . So see 👀 tomorrow. Goodnight. Love playing this game you can't stop if you didn't won the stage. Keep the young players out of the naughty stuff which is challenging these daysb,5,0,2.64.3,2025-11-10 23:24:01,,,2.64.3,en
8d058e69-824e-4ebb-9f4f-1a76bd8801e3,A Google user,https://play-lh.googleusercontent.com/EGemoI2NTXmTsBVtJqk8jxF9rh8ApRWfsIMQSt2uE4OcpQqbFu7f7NbTK05lx80nuSijCz7sc3a277R67g,"love the game.....but the ads....not all the ads are bad, but there are some that force you to play a game before you are allowed to click it off. This is disrupts game flow, especially when you are up against the clock. I would have given you a 5 star rating had not been for ""forced to play"" ads",4,0,2.64.3,2025-11-10 23:19:09,,,2.64.3,en
ab4193a6-bed4-4ed0-9640-1f64266a2e4b,A Google user,https://play-lh.googleusercontent.com/EGemoI2NTXmTsBVtJqk8jxF9rh8ApRWfsIMQSt2uE4OcpQqbFu7f7NbTK05lx80nuSijCz7sc3a277R67g,fun game horrible ads. you can't just click the x on them. you have to clock out at least fifty times before it continues.,1,0,2.64.3,2025-11-10 22:55:33,,,2.64.3,en
cc850678-541f-4e7c-961b-74eb5fab29af,A Google user,https://play-lh.googleusercontent.com/EGemoI2NTXmTsBVtJqk8jxF9rh8ApRWfsIMQSt2uE4OcpQqbFu7f7NbTK05lx80nuSijCz7sc3a277R67g,very good but i need to play it with money,5,0,2.65.1,2025-11-10 22:25:21,,,2.65.1,en
663a9502-457b-40a1-adda-e6c545a68543,A Google user,https://play-lh.googleusercontent.com/EGemoI2NTXmTsBVtJqk8jxF9rh8ApRWfsIMQSt2uE4OcpQqbFu7f7NbTK05lx80nuSijCz7sc3a277R67g,"Generally it's fun to play, but after a while you get very irritated with the game snatching the matches throughout the game. You've clicked on half the match, go to click on the other half, and the game has already snatched it away with a different card. Most times a poorer choice. I end up getting rather angry about it because I'm on there to play the game, not watch it play itself.",3,0,2.64.3,2025-11-10 22:02:59,"You can turn off the auto-match feature in the settings ⚙️. Once it’s disabled, the game will only make matches when you choose them — so you can fully enjoy playing at your own pace again 💆‍♀️🀄",2025-11-10 23:35:35,2.64.3,en
d6c2c9e3-b713-417e-b36c-2f266c672fbd,A Google user,https://play-lh.googleusercontent.com/EGemoI2NTXmTsBVtJqk8jxF9rh8ApRWfsIMQSt2uE4OcpQqbFu7f7NbTK05lx80nuSijCz7sc3a277R67g,"Bait & Switch, not the same game.",1,0,,2025-11-10 22:02:28,Sorry for the confusion. The actual gameplay may differ from some ads — we appreciate your feedback and will review the promotional materials to better reflect the real experience.,2025-11-10 23:35:43,,en
e19d9ab2-8511-41e6-9917-2b41e34b4297,A Google user,https://play-lh.googleusercontent.com/EGemoI2NTXmTsBVtJqk8jxF9rh8ApRWfsIMQSt2uE4OcpQqbFu7f7NbTK05lx80nuSijCz7sc3a277R67g,Fun and relaxing,5,0,2.65.0,2025-11-10 21:57:00,,,2.65.0,en
49e51acc-10ba-4dde-84e2-86728666c6f0,A Google user,https://play-lh.googleusercontent.com/EGemoI2NTXmTsBVtJqk8jxF9rh8ApRWfsIMQSt2uE4OcpQqbFu7f7NbTK05lx80nuSijCz7sc3a277R67g,I just started but the background sounds are relaxing 😎,4,0,2.64.3,2025-11-10 21:54:42,,,2.64.3,en
76b2861e-0360-4297-809a-1278265aa639,A Google user,https://play-lh.googleusercontent.com/EGemoI2NTXmTsBVtJqk8jxF9rh8ApRWfsIMQSt2uE4OcpQqbFu7f7NbTK05lx80nuSijCz7sc3a277R67g,it's good to use your imagination and helps you remember,5,0,,2025-11-10 21:42:51,,,,en
95d3b27a-52b2-439f-9381-13bd24c9c914,A Google user,https://play-lh.googleusercontent.com/EGemoI2NTXmTsBVtJqk8jxF9rh8ApRWfsIMQSt2uE4OcpQqbFu7f7NbTK05lx80nuSijCz7sc3a277R67g,"This is a great game for relaxing, and even though it doesn't make me sleep better like the ad said, it it a GREAT timekiller. Strongly reccomend!",5,0,2.64.3,2025-11-10 21:33:45,"Thank you so much! 😊 We're thrilled to hear you enjoy it as a relaxing way to pass the time. Even if it doesn’t help with sleep, it’s great to know it’s a fun and engaging brain teaser. Enjoy playing! 🀄🧩
",2025-11-11 00:07:35,2.64.3,en
96dfc39b-9c55-4a23-bda6-25ce79747908,A Google user,https://play-lh.googleusercontent.com/EGemoI2NTXmTsBVtJqk8jxF9rh8ApRWfsIMQSt2uE4OcpQqbFu7f7NbTK05lx80nuSijCz7sc3a277R67g,good apps,5,0,2.64.3,2025-11-10 21:31:15,,,2.64.3,en
58c53e9c-3afc-4e8f-88d2-b6b46c8b8ff4,A Google user,https://play-lh.googleusercontent.com/EGemoI2NTXmTsBVtJqk8jxF9rh8ApRWfsIMQSt2uE4OcpQqbFu7f7NbTK05lx80nuSijCz7sc3a277R67g,so far it's terrific! and I love the sound of the clicking pieces 😍.,5,0,2.64.3,2025-11-10 21:25:41,,,2.64.3,en
1ef71b53-2730-4fb7-b314-a71b389caff5,A Google user,https://play-lh.googleusercontent.com/EGemoI2NTXmTsBVtJqk8jxF9rh8ApRWfsIMQSt2uE4OcpQqbFu7f7NbTK05lx80nuSijCz7sc3a277R67g,I love this game,5,0,2.62.2,2025-11-10 21:06:43,,,2.62.2,en
a3dfc6e5-9c13-4bbd-a86b-f42a4a126709,A Google user,https://play-lh.googleusercontent.com/EGemoI2NTXmTsBVtJqk8jxF9rh8ApRWfsIMQSt2uE4OcpQqbFu7f7NbTK05lx80nuSijCz7sc3a277R67g,"challenging the farther you get, I'm REALLY ANNOYED with sales videos that you can't get out of unless you X completely out and go back into the game!! not cool!!!",5,0,2.64.3,2025-11-10 21:04:38,"We understand how frustrating that can be! 😣 Ads shouldn’t ruin your game experience. Most of these ads can actually be skipped—just tap the “X” in the corner, and you won’t need to exit the game completely. We appreciate your patience and feedback as we continue working to improve the experience! 🀄✨
",2025-11-11 00:08:24,2.64.3,en
86f2dd5e-0d9b-4385-9dc1-7d9e60e52cf7,A Google user,https://play-lh.googleusercontent.com/EGemoI2NTXmTsBVtJqk8jxF9rh8ApRWfsIMQSt2uE4OcpQqbFu7f7NbTK05lx80nuSijCz7sc3a277R67g,I really like this game,5,0,2.64.3,2025-11-10 20:59:24,,,2.64.3,en
7d64616a-7f83-42c3-b3a8-97465851106c,A Google user,https://play-lh.googleusercontent.com/EGemoI2NTXmTsBVtJqk8jxF9rh8ApRWfsIMQSt2uE4OcpQqbFu7f7NbTK05lx80nuSijCz7sc3a277R67g,Ad after eqch game is pathetic.,1,0,2.64.3,2025-11-10 20:55:34,,,2.64.3,en
868d4533-aac0-4742-b863-0595942deed2,A Google user,https://play-lh.googleusercontent.com/EGemoI2NTXmTsBVtJqk8jxF9rh8ApRWfsIMQSt2uE4OcpQqbFu7f7NbTK05lx80nuSijCz7sc3a277R67g,"While it is easy to see, and just the right amount of challenge without being frustrating, the fact that they let you play several levels without ads to give you the impression ads will be few and far between. then ask for a review before they hit you with ads interrupting gameplay, I had to dock two stats.",3,0,2.65.1,2025-11-10 20:48:38,,,2.65.1,en
719b2b85-98fb-446f-ab4a-5b631d35bc2b,A Google user,https://play-lh.googleusercontent.com/EGemoI2NTXmTsBVtJqk8jxF9rh8ApRWfsIMQSt2uE4OcpQqbFu7f7NbTK05lx80nuSijCz7sc3a277R67g,The game has been fun until the latest update. You omitted the back button and still automatically let the game make plays that can't be undone. Why?,4,1,,2025-11-10 20:35:33,"We hear you! 😓 The automatic moves and missing back button can definitely disrupt your strategy. You can actually disable the “auto-match” feature in the settings so the game won’t make plays on its own. Thanks for your patience while we continue refining the gameplay! 🀄✨
",2025-11-11 00:09:13,,en
285c4533-ad1b-494b-b3d7-3322337e35c6,A Google user,https://play-lh.googleusercontent.com/EGemoI2NTXmTsBVtJqk8jxF9rh8ApRWfsIMQSt2uE4OcpQqbFu7f7NbTK05lx80nuSijCz7sc3a277R67g,"didn't receive reward I have been first in challenges over 20 times and always receive rewards of 8 shuffles and 8 matches. today, 10 Nov, I did not receive any rewards for first place....tried to contact cusomer service on the app but nothing on this problem so kept looping around other problems. very frustrated. I love this game, but think I should stop if don't get rewards promised.",3,0,2.64.3,2025-11-10 20:10:51,,,2.64.3,en
fe466444-06f5-4102-85ac-367b4018fd75,A Google user,https://play-lh.googleusercontent.com/EGemoI2NTXmTsBVtJqk8jxF9rh8ApRWfsIMQSt2uE4OcpQqbFu7f7NbTK05lx80nuSijCz7sc3a277R67g,yup but stop giving me bad luck you losers you know who you are,5,0,,2025-11-10 20:04:40,,,,en
a5081ea6-78e5-4726-9884-127c034fe82e,A Google user,https://play-lh.googleusercontent.com/EGemoI2NTXmTsBVtJqk8jxF9rh8ApRWfsIMQSt2uE4OcpQqbFu7f7NbTK05lx80nuSijCz7sc3a277R67g,cool,5,0,2.61.3,2025-11-10 19:57:01,,,2.61.3,en
337551db-f285-4524-87a9-70aa165436e6,A Google user,https://play-lh.googleusercontent.com/EGemoI2NTXmTsBVtJqk8jxF9rh8ApRWfsIMQSt2uE4OcpQqbFu7f7NbTK05lx80nuSijCz7sc3a277R67g,a great game.,5,0,2.64.3,2025-11-10 19:54:17,,,2.64.3,en
51ac7983-22ee-45e1-bfff-97ef36b38e08,A Google user,https://play-lh.googleusercontent.com/EGemoI2NTXmTsBVtJqk8jxF9rh8ApRWfsIMQSt2uE4OcpQqbFu7f7NbTK05lx80nuSijCz7sc3a277R67g,"Great game, enjoying it very much!",5,0,2.64.3,2025-11-10 19:46:06,,,2.64.3,en
9890d181-8a7d-40e1-b902-f16a3d9a092e,A Google user,https://play-lh.googleusercontent.com/EGemoI2NTXmTsBVtJqk8jxF9rh8ApRWfsIMQSt2uE4OcpQqbFu7f7NbTK05lx80nuSijCz7sc3a277R67g,easy to play with much fun 😊,5,0,2.64.3,2025-11-10 19:38:13,,,2.64.3,en
e8c7fd16-4537-4a8c-9117-aa92a79f9b1a,A Google user,https://play-lh.googleusercontent.com/EGemoI2NTXmTsBVtJqk8jxF9rh8ApRWfsIMQSt2uE4OcpQqbFu7f7NbTK05lx80nuSijCz7sc3a277R67g,okay I saw the lady standing in front of ADM with money she took is cards one by one but she have no money but back standing the man show the game to play my doubts is she play the game to win the money created or not? u clear the doubts,1,0,,2025-11-10 19:24:39,,,,en
59a39e8b-29b6-4c29-8c9f-c0e7bab05528,A Google user,https://play-lh.googleusercontent.com/EGemoI2NTXmTsBVtJqk8jxF9rh8ApRWfsIMQSt2uE4OcpQqbFu7f7NbTK05lx80nuSijCz7sc3a277R67g,a lot of fun,5,0,2.64.3,2025-11-10 19:24:20,,,2.64.3,en
5c4454de-1d21-40b1-9754-b1dcd8051296,A Google user,https://play-lh.googleusercontent.com/EGemoI2NTXmTsBVtJqk8jxF9rh8ApRWfsIMQSt2uE4OcpQqbFu7f7NbTK05lx80nuSijCz7sc3a277R67g,"Good game, but way too many ads and preinstalling game apps.",3,0,2.64.3,2025-11-10 19:18:39,,,2.64.3,en
6094c429-116d-42df-99ad-2f37af1e9c04,A Google user,https://play-lh.googleusercontent.com/EGemoI2NTXmTsBVtJqk8jxF9rh8ApRWfsIMQSt2uE4OcpQqbFu7f7NbTK05lx80nuSijCz7sc3a277R67g,it's nice 😉,5,0,2.64.3,2025-11-10 19:11:37,,,2.64.3,en
f8ea8378-e11d-4b1a-9e26-41fa141df2c1,A Google user,https://play-lh.googleusercontent.com/EGemoI2NTXmTsBVtJqk8jxF9rh8ApRWfsIMQSt2uE4OcpQqbFu7f7NbTK05lx80nuSijCz7sc3a277R67g,Awesome game!! I'm already hooked!! 😄😄,5,0,2.64.3,2025-11-10 19:07:25,,,2.64.3,en
d684e4db-17f6-4308-9468-7485e2647ae4,A Google user,https://play-lh.googleusercontent.com/EGemoI2NTXmTsBVtJqk8jxF9rh8ApRWfsIMQSt2uE4OcpQqbFu7f7NbTK05lx80nuSijCz7sc3a277R67g,always the best,5,0,2.65.1,2025-11-10 19:06:12,,,2.65.1,en
007e727e-a62a-4fe3-ab70-f7a3586819a5,A Google user,https://play-lh.googleusercontent.com/EGemoI2NTXmTsBVtJqk8jxF9rh8ApRWfsIMQSt2uE4OcpQqbFu7f7NbTK05lx80nuSijCz7sc3a277R67g,"A good app except for the questionable adverts.The investment app featuring Martin Lewis is borderline illegal. Does nothing for your reputation.I will consider leaving if this type of ad persists.update to whats previously written, ads are becoming more difficult to exit. I have to close the app and restart to continue playing,this has become a regular issue. On the principal time is something you can't get back,I don't intend to waste mine on this app. Very disappointed .",2,2,2.63.2,2025-11-10 18:58:11,,,2.63.2,en
263a7c4f-96cb-4fcb-bc5b-d18f392db0ca,A Google user,https://play-lh.googleusercontent.com/EGemoI2NTXmTsBVtJqk8jxF9rh8ApRWfsIMQSt2uE4OcpQqbFu7f7NbTK05lx80nuSijCz7sc3a277R67g,the add are imposible,1,0,2.65.0,2025-11-10 18:56:03,,,2.65.0,en
a2e8e16c-d5ba-4c64-bc3a-335d267217a3,A Google user,https://play-lh.googleusercontent.com/EGemoI2NTXmTsBVtJqk8jxF9rh8ApRWfsIMQSt2uE4OcpQqbFu7f7NbTK05lx80nuSijCz7sc3a277R67g,keeps my brain alive. I'm 70.,5,0,2.65.0,2025-11-10 18:45:43,,,2.65.0,en
250e2421-b9ad-461c-9639-021234ac07f0,A Google user,https://play-lh.googleusercontent.com/EGemoI2NTXmTsBVtJqk8jxF9rh8ApRWfsIMQSt2uE4OcpQqbFu7f7NbTK05lx80nuSijCz7sc3a277R67g,this is such a fun game with quite creative pictures,5,0,2.64.3,2025-11-10 18:30:23,,,2.64.3,en
d316eb8c-9370-46a2-ad23-22df19439295,A Google user,https://play-lh.googleusercontent.com/EGemoI2NTXmTsBVtJqk8jxF9rh8ApRWfsIMQSt2uE4OcpQqbFu7f7NbTK05lx80nuSijCz7sc3a277R67g,I was really enjoying until the ads really started getting in the way. Can't play it all the way through without killing it as I just can't get past the ads,2,0,2.64.3,2025-11-10 18:29:14,,,2.64.3,en
95414ce7-e2fc-4b9a-9dab-0c3e1a0a0345,A Google user,https://play-lh.googleusercontent.com/EGemoI2NTXmTsBVtJqk8jxF9rh8ApRWfsIMQSt2uE4OcpQqbFu7f7NbTK05lx80nuSijCz7sc3a277R67g,its great game,5,0,2.64.3,2025-11-10 18:18:57,,,2.64.3,en
c7435450-35a7-4948-993c-f519fc4e5573,A Google user,https://play-lh.googleusercontent.com/EGemoI2NTXmTsBVtJqk8jxF9rh8ApRWfsIMQSt2uE4OcpQqbFu7f7NbTK05lx80nuSijCz7sc3a277R67g,It's a great game but the ads have security concerns be careful,1,0,,2025-11-10 18:13:51,,,,en
d3975743-3cba-4f0d-9616-5dc0e3569f1c,A Google user,https://play-lh.googleusercontent.com/EGemoI2NTXmTsBVtJqk8jxF9rh8ApRWfsIMQSt2uE4OcpQqbFu7f7NbTK05lx80nuSijCz7sc3a277R67g,yesterday I had Halloween tiles loved them but now it is back to normal why,4,0,2.64.3,2025-11-10 17:51:32,"Ah, those were from a limited-time event! 🎃✨ Don’t worry, the regular tiles are back for now, but keep an eye out—special themed tiles like Halloween will return during future events. We hope you still enjoy the game! 🀄💖
",2025-11-11 00:11:55,2.64.3,en
242cc477-7a92-4ab2-9d16-8c6555ac2219,A Google user,https://play-lh.googleusercontent.com/EGemoI2NTXmTsBVtJqk8jxF9rh8ApRWfsIMQSt2uE4OcpQqbFu7f7NbTK05lx80nuSijCz7sc3a277R67g,ads is annoying,1,0,2.64.3,2025-11-10 17:49:10,"We understand how frustrating too many ads can be 😔. You can skip some ads after a few seconds ⏳, and we’re also working to make the ad experience smoother and less frequent so you can enjoy the game peacefully 🌿",2025-11-10 23:36:29,2.64.3,en
7deb6bff-9fde-4f91-9905-8f12e7205a04,A Google user,https://play-lh.googleusercontent.com/EGemoI2NTXmTsBVtJqk8jxF9rh8ApRWfsIMQSt2uE4OcpQqbFu7f7NbTK05lx80nuSijCz7sc3a277R67g,i see it as antidote to high blood pressure,5,0,2.64.3,2025-11-10 17:33:52,,,2.64.3,en
c896d15e-a30f-4870-b753-234b50d0c5ed,A Google user,https://play-lh.googleusercontent.com/EGemoI2NTXmTsBVtJqk8jxF9rh8ApRWfsIMQSt2uE4OcpQqbFu7f7NbTK05lx80nuSijCz7sc3a277R67g,Love this game!,5,0,2.65.0,2025-11-10 17:15:04,,,2.65.0,en
9310be22-5cb4-4985-960a-81c5ced550fd,A Google user,https://play-lh.googleusercontent.com/EGemoI2NTXmTsBVtJqk8jxF9rh8ApRWfsIMQSt2uE4OcpQqbFu7f7NbTK05lx80nuSijCz7sc3a277R67g,"Ads have no exit button. Complained to GooglePlay as a problem on several apps on appstore but they say it is developer problem. I don't mind ads, even longer ones, as the game is free, but do mind having to restart app after each ad to.gey back to the game.",1,0,2.64.3,2025-11-10 17:14:42,Thanks for sharing your experience. Some ad providers may occasionally display formats that don’t close properly — we recommend reporting such ads through the in-game feedback option so we can block them more effectively. Your comment will be forwarded to the team for review.,2025-11-10 23:38:38,2.64.3,en
bc99e935-43ce-4984-b858-7ac66dc82674,A Google user,https://play-lh.googleusercontent.com/EGemoI2NTXmTsBVtJqk8jxF9rh8ApRWfsIMQSt2uE4OcpQqbFu7f7NbTK05lx80nuSijCz7sc3a277R67g,Trying to play a wordscapes game & this app just keeps coming on it won't let me open wordscapes game.,1,0,,2025-11-10 17:03:12,"We apologize for the inconvenience! To prevent interruptions while opening other games, we recommend **disabling notifications for this app** or **restricting its pop-up permissions** in your device settings. 📱🔕🎮",2025-11-10 23:41:40,,en
52d4d05f-ddd2-4758-aca0-1a91d654c302,A Google user,https://play-lh.googleusercontent.com/EGemoI2NTXmTsBVtJqk8jxF9rh8ApRWfsIMQSt2uE4OcpQqbFu7f7NbTK05lx80nuSijCz7sc3a277R67g,"I'm on level 235, and all of the sudden the mahjong tiles turn into Halloween tiles. I really enjoyed the mahjong tiles, though. not really into looking at ridiculous images 🙁",1,0,,2025-11-10 16:50:07,"Thanks for sharing that — we totally understand not everyone enjoys seasonal tile themes 🎃. You can switch back to the classic Mahjong tiles anytime! Just go to Settings → Theme → Tiles, and choose your preferred design. We’ll also make sure feedback like yours is noted so you can keep the relaxing, traditional look you enjoy 😊.",2025-11-10 23:39:57,,en
6e67fe50-b9cf-486d-885e-9623bd7a314b,A Google user,https://play-lh.googleusercontent.com/EGemoI2NTXmTsBVtJqk8jxF9rh8ApRWfsIMQSt2uE4OcpQqbFu7f7NbTK05lx80nuSijCz7sc3a277R67g,this game is great,3,0,,2025-11-10 16:40:45,Thank you for the positive vibes! Anything you'd like to share to make it perfect? 🤔,2025-11-10 23:39:27,,en
bea8af5a-e38a-461a-859e-7e9ec466dcc0,A Google user,https://play-lh.googleusercontent.com/EGemoI2NTXmTsBVtJqk8jxF9rh8ApRWfsIMQSt2uE4OcpQqbFu7f7NbTK05lx80nuSijCz7sc3a277R67g,very good pairs,5,0,2.64.3,2025-11-10 16:34:34,,,2.64.3,en
ca96b2ac-850c-4efb-a19f-11b93cc42967,A Google user,https://play-lh.googleusercontent.com/EGemoI2NTXmTsBVtJqk8jxF9rh8ApRWfsIMQSt2uE4OcpQqbFu7f7NbTK05lx80nuSijCz7sc3a277R67g,says no adds so maybe I look for older games,2,0,2.65.0,2025-11-10 16:30:35,"We apologize for the inconvenience! 🙏 While ads may appear in the game, you can **choose to skip them** without affecting your ability to continue playing. We are constantly working to improve the experience and make gameplay smoother and more enjoyable. 🎮✨",2025-11-10 23:59:01,2.65.0,en
d3efa0a3-5168-402f-b9bb-002babc682e8,A Google user,https://play-lh.googleusercontent.com/EGemoI2NTXmTsBVtJqk8jxF9rh8ApRWfsIMQSt2uE4OcpQqbFu7f7NbTK05lx80nuSijCz7sc3a277R67g,Good initiative,5,0,,2025-11-10 16:29:57,,,,en
19885421-9743-4416-94f5-3fbbe369ae03,A Google user,https://play-lh.googleusercontent.com/EGemoI2NTXmTsBVtJqk8jxF9rh8ApRWfsIMQSt2uE4OcpQqbFu7f7NbTK05lx80nuSijCz7sc3a277R67g,I hate the lantern challenge!!!! it has ugly images!!!!,1,0,2.64.3,2025-11-10 16:22:10,"Got it 😣 The lantern challenge can definitely be visually jarring if the images aren’t your style. We’ll also make sure feedback like yours is noted so you can keep the relaxing, traditional look you enjoy 😊.",2025-11-10 23:52:18,2.64.3,en
d2bb4d55-f2c4-43b6-ab15-00c1e68b72bd,A Google user,https://play-lh.googleusercontent.com/EGemoI2NTXmTsBVtJqk8jxF9rh8ApRWfsIMQSt2uE4OcpQqbFu7f7NbTK05lx80nuSijCz7sc3a277R67g,I just uninstalled the game. There was so many intrusive ads of shein and aliexpress that interfered in the middle of the session that I decided to get rid of it. I also uninstalled shein and aliexpress apps. This is unbearable,1,0,,2025-11-10 16:21:19,"We’re sorry for the interruption. Your feedback about the intrusive ads has been noted, and we’ll work to improve the experience. Thank you for your understanding.",2025-11-10 23:52:44,,en
541c53bd-6441-4d01-8611-63eabaf97d57,A Google user,https://play-lh.googleusercontent.com/EGemoI2NTXmTsBVtJqk8jxF9rh8ApRWfsIMQSt2uE4OcpQqbFu7f7NbTK05lx80nuSijCz7sc3a277R67g,I enjoy this game a lot,5,0,2.64.3,2025-11-10 16:16:14,,,2.64.3,en
7dbc74aa-5a03-4bf9-ae8c-0a7c85bace62,A Google user,https://play-lh.googleusercontent.com/EGemoI2NTXmTsBVtJqk8jxF9rh8ApRWfsIMQSt2uE4OcpQqbFu7f7NbTK05lx80nuSijCz7sc3a277R67g,woŵ beautiful,5,0,2.64.3,2025-11-10 16:09:47,,,2.64.3,en
4f1af8c7-b3eb-4329-859e-e6d6853b98c0,A Google user,https://play-lh.googleusercontent.com/EGemoI2NTXmTsBVtJqk8jxF9rh8ApRWfsIMQSt2uE4OcpQqbFu7f7NbTK05lx80nuSijCz7sc3a277R67g,it's mind challenging and exciting to play helps you to relax,5,0,2.64.3,2025-11-10 16:00:13,,,2.64.3,en
07916823-abd7-4917-b0e2-7b01ce3ea19b,A Google user,https://play-lh.googleusercontent.com/EGemoI2NTXmTsBVtJqk8jxF9rh8ApRWfsIMQSt2uE4OcpQqbFu7f7NbTK05lx80nuSijCz7sc3a277R67g,"Used to love passing time with this game. Now the developers have introduced new concepts to the game, more based on luck than skill. All I want to do is play classic mahjong and not gamble with masked tiles. I hope the devs take this feedback and keep classic as a separate game mode.",2,0,2.64.3,2025-11-10 15:58:54,"Thanks for sharing your thoughts! 🙏 We hear you—classic Mahjong is still valued by many players. The feedback about keeping it as a separate mode is important, and we’ll make sure it’s considered for future updates so you can enjoy the traditional gameplay without the luck-based changes.
",2025-11-11 00:00:53,2.64.3,en
3bbf4d58-4754-4535-9778-a2c9c6ac0f27,A Google user,https://play-lh.googleusercontent.com/EGemoI2NTXmTsBVtJqk8jxF9rh8ApRWfsIMQSt2uE4OcpQqbFu7f7NbTK05lx80nuSijCz7sc3a277R67g,interferes with other apps,1,0,,2025-11-10 15:54:38,"We’re sorry for the inconvenience. The app itself is safe, but some ads may occasionally interfere with other apps. You can report any problematic ads directly through the game so our team can address them.
",2025-11-11 00:01:06,,en
1e0bb59b-811a-402d-9180-fb2aed681080,A Google user,https://play-lh.googleusercontent.com/EGemoI2NTXmTsBVtJqk8jxF9rh8ApRWfsIMQSt2uE4OcpQqbFu7f7NbTK05lx80nuSijCz7sc3a277R67g,help with Focus concentration soothe the mind,5,0,2.65.0,2025-11-10 15:41:40,"We’re thrilled the game helps with focus, concentration, and soothing your mind! We’ll keep optimizing to enhance these benefits. Thanks for sharing your positive experience—enjoy the game!",2025-11-11 02:02:03,2.65.0,en
b968daf4-d25c-4aee-a245-16bcdb8011eb,A Google user,https://play-lh.googleusercontent.com/EGemoI2NTXmTsBVtJqk8jxF9rh8ApRWfsIMQSt2uE4OcpQqbFu7f7NbTK05lx80nuSijCz7sc3a277R67g,great way to relax,5,0,2.64.3,2025-11-10 15:41:30,We’re so glad the game is a great way to relax for you! We’ll keep maintaining this soothing vibe. Thanks for your lovely feedback—enjoy your relaxing gaming time!,2025-11-11 02:02:09,2.64.3,en
3349c6b2-1cb2-4573-be96-c59ae8ea84fa,A Google user,https://play-lh.googleusercontent.com/EGemoI2NTXmTsBVtJqk8jxF9rh8ApRWfsIMQSt2uE4OcpQqbFu7f7NbTK05lx80nuSijCz7sc3a277R67g,Nice and easy. Friendly game.,5,0,2.64.3,2025-11-10 15:35:15,,,2.64.3,en
ab076ed1-a7af-4bb3-bfdd-29c182f62c11,A Google user,https://play-lh.googleusercontent.com/EGemoI2NTXmTsBVtJqk8jxF9rh8ApRWfsIMQSt2uE4OcpQqbFu7f7NbTK05lx80nuSijCz7sc3a277R67g,ads and rreal game donot resonate,1,0,,2025-11-10 15:24:34,"We understand your frustration. 😔 Sometimes the ads may not fully reflect the current gameplay. We appreciate your feedback and will work on ensuring the game experience matches what’s shown in promotions.
",2025-11-11 00:01:33,,en
322a4921-065c-4c16-b9e7-7dd08c80149e,A Google user,https://play-lh.googleusercontent.com/EGemoI2NTXmTsBVtJqk8jxF9rh8ApRWfsIMQSt2uE4OcpQqbFu7f7NbTK05lx80nuSijCz7sc3a277R67g,I loved this game until they added the zodiac signs. Now I hate it. I don't want zodiac signs in my Mahjong.,4,0,2.64.3,2025-11-10 15:23:19,,,2.64.3,en
4165f375-46da-4cee-b94b-35149ed4ad18,A Google user,https://play-lh.googleusercontent.com/EGemoI2NTXmTsBVtJqk8jxF9rh8ApRWfsIMQSt2uE4OcpQqbFu7f7NbTK05lx80nuSijCz7sc3a277R67g,great game,5,0,2.65.1,2025-11-10 15:13:46,,,2.65.1,en
647872e8-b641-45e7-a295-b56c15dbfc73,A Google user,https://play-lh.googleusercontent.com/EGemoI2NTXmTsBVtJqk8jxF9rh8ApRWfsIMQSt2uE4OcpQqbFu7f7NbTK05lx80nuSijCz7sc3a277R67g,its good game,5,0,2.64.3,2025-11-10 14:57:17,,,2.64.3,en
cab1e550-0546-4142-ac5c-fd588bed88fe,A Google user,https://play-lh.googleusercontent.com/EGemoI2NTXmTsBVtJqk8jxF9rh8ApRWfsIMQSt2uE4OcpQqbFu7f7NbTK05lx80nuSijCz7sc3a277R67g,I made lost of money i enjoy,5,0,2.64.3,2025-11-10 14:53:05,,,2.64.3,en
55b0c126-50df-4b11-a6b4-8c31566f1dfb,A Google user,https://play-lh.googleusercontent.com/EGemoI2NTXmTsBVtJqk8jxF9rh8ApRWfsIMQSt2uE4OcpQqbFu7f7NbTK05lx80nuSijCz7sc3a277R67g,"Vita Mahjong is nice and easy to play,and also brain exercise.",5,0,2.64.3,2025-11-10 14:49:02,,,2.64.3,en
be147fd0-0613-4204-a5eb-5a0443c71bef,A Google user,https://play-lh.googleusercontent.com/EGemoI2NTXmTsBVtJqk8jxF9rh8ApRWfsIMQSt2uE4OcpQqbFu7f7NbTK05lx80nuSijCz7sc3a277R67g,"The game is ok, but why so much ads after game?",3,0,2.62.1,2025-11-10 14:18:27,"Thanks for your feedback! We understand the ads can be overwhelming. The game itself is free to play, and ads help support it. We appreciate your patience and will continue working to balance the experience.
",2025-11-11 00:02:28,2.62.1,en
b0d85514-bab9-428b-80d8-91db3babeb44,A Google user,https://play-lh.googleusercontent.com/EGemoI2NTXmTsBVtJqk8jxF9rh8ApRWfsIMQSt2uE4OcpQqbFu7f7NbTK05lx80nuSijCz7sc3a277R67g,sharpens the mind and keeps u on the ball eager to play next stage.,5,0,2.64.3,2025-11-10 14:10:56,,,2.64.3,en
62553e7e-2afe-448b-babd-b9bf0f293353,A Google user,https://play-lh.googleusercontent.com/EGemoI2NTXmTsBVtJqk8jxF9rh8ApRWfsIMQSt2uE4OcpQqbFu7f7NbTK05lx80nuSijCz7sc3a277R67g,Great fast moving game; love it!,5,0,2.64.3,2025-11-10 14:03:27,,,2.64.3,en
eb30f478-4b2e-4b6c-8c04-67d47790c002,A Google user,https://play-lh.googleusercontent.com/EGemoI2NTXmTsBVtJqk8jxF9rh8ApRWfsIMQSt2uE4OcpQqbFu7f7NbTK05lx80nuSijCz7sc3a277R67g,Mental power boosting plane waoo,5,0,,2025-11-10 13:59:09,,,,en
6557980c-d3ae-4d11-8e0b-8ba9263f496d,A Google user,https://play-lh.googleusercontent.com/EGemoI2NTXmTsBVtJqk8jxF9rh8ApRWfsIMQSt2uE4OcpQqbFu7f7NbTK05lx80nuSijCz7sc3a277R67g,I love it. It is fun and addicting.,5,0,,2025-11-10 13:57:37,,,,en
2f2e1491-5d49-4ead-ba3f-d48be0c88671,A Google user,https://play-lh.googleusercontent.com/EGemoI2NTXmTsBVtJqk8jxF9rh8ApRWfsIMQSt2uE4OcpQqbFu7f7NbTK05lx80nuSijCz7sc3a277R67g,Great game. would be interesting to see how many players are participating. I know it's capped at 50. I have won 26 times would love to see leader board. also maybe a chat?,5,0,2.64.3,2025-11-10 13:52:16,,,2.64.3,en
db1ad320-6803-42e2-924e-541283a65be5,A Google user,https://play-lh.googleusercontent.com/EGemoI2NTXmTsBVtJqk8jxF9rh8ApRWfsIMQSt2uE4OcpQqbFu7f7NbTK05lx80nuSijCz7sc3a277R67g,"Fun, but traps you in commercials. Commercials take 3 times as long as playing the game. some of the commercials lock you in. You close the commercial and it takes you to another commercial. Close the second commercial and you are in a third section trying to trick you into downloading another app. It is an act in frustration to try to play the game.",1,0,2.53.1,2025-11-10 13:38:17,"It sounds really frustrating! 😣 The game itself is meant to be relaxing and fun, but these layered ads are clearly taking over the experience. Some ad formats can be skipped—if you try tapping the small “X” in the corner carefully, it usually closes without redirecting",2025-11-11 00:05:18,2.53.1,en
75eca9b3-14c7-4128-8956-2cdedc8a6d19,A Google user,https://play-lh.googleusercontent.com/EGemoI2NTXmTsBVtJqk8jxF9rh8ApRWfsIMQSt2uE4OcpQqbFu7f7NbTK05lx80nuSijCz7sc3a277R67g,great game yes,5,0,2.64.3,2025-11-10 12:55:08,,,2.64.3,en
914ff397-d161-4a75-a08a-897f99f2a102,A Google user,https://play-lh.googleusercontent.com/EGemoI2NTXmTsBVtJqk8jxF9rh8ApRWfsIMQSt2uE4OcpQqbFu7f7NbTK05lx80nuSijCz7sc3a277R67g,Brilliant thank you,5,0,2.64.3,2025-11-10 12:42:42,,,2.64.3,en
2d18f21f-d68a-435d-93d1-5d19daf98a1b,A Google user,https://play-lh.googleusercontent.com/EGemoI2NTXmTsBVtJqk8jxF9rh8ApRWfsIMQSt2uE4OcpQqbFu7f7NbTK05lx80nuSijCz7sc3a277R67g,this is a BS game totally misadvertises. the ad showed a tetris like cool game but I received this. uninstalled,1,0,2.64.3,2025-11-10 12:42:07,,,2.64.3,en
9243c6d4-3e78-40d7-a05a-c3ba37a4ff54,A Google user,https://play-lh.googleusercontent.com/EGemoI2NTXmTsBVtJqk8jxF9rh8ApRWfsIMQSt2uE4OcpQqbFu7f7NbTK05lx80nuSijCz7sc3a277R67g,Love The game!!!,5,0,2.64.3,2025-11-10 12:39:46,,,2.64.3,en
aa89c942-1ce7-4434-9b49-be2a4b88f8e2,A Google user,https://play-lh.googleusercontent.com/EGemoI2NTXmTsBVtJqk8jxF9rh8ApRWfsIMQSt2uE4OcpQqbFu7f7NbTK05lx80nuSijCz7sc3a277R67g,"it a good game that make you to free at your mind,",5,0,2.64.3,2025-11-10 12:39:03,,,2.64.3,en
d35b30ab-9c37-4709-b162-a5f57d37a33d,A Google user,https://play-lh.googleusercontent.com/EGemoI2NTXmTsBVtJqk8jxF9rh8ApRWfsIMQSt2uE4OcpQqbFu7f7NbTK05lx80nuSijCz7sc3a277R67g,"11/6/25 There was apparently another update because now, before I even get a chance to start another level I am presented with ads that you cannot x out of until you sit through complete 44 second long ads. I am done! uninstalling!",1,37,2.60.3,2025-11-10 12:37:10,"We sincerely apologize for the excessive ads after the update. We understand your frustration. We're actively working on reducing the ad frequency and improving the ad experience. We value your feedback and hope you'll give us another chance before uninstalling. If you have more suggestions, please let us know.",2025-04-14 02:55:55,2.60.3,en
cd4e794b-ed00-4bf6-b0fc-8ec22c82db14,A Google user,https://play-lh.googleusercontent.com/EGemoI2NTXmTsBVtJqk8jxF9rh8ApRWfsIMQSt2uE4OcpQqbFu7f7NbTK05lx80nuSijCz7sc3a277R67g,"I love the game but I'm not loving the grouchy-like voice that kept saying great! awesome! All the while playing it and when I hear him, I would say SHUT UP! KEEP QUIET! Can u guys maybe edit the voice out please. Please I beg you.",5,0,2.64.3,2025-11-10 12:33:10,,,2.64.3,en
6e17baa7-d5d0-4503-9210-3de67fe2b6bb,A Google user,https://play-lh.googleusercontent.com/EGemoI2NTXmTsBVtJqk8jxF9rh8ApRWfsIMQSt2uE4OcpQqbFu7f7NbTK05lx80nuSijCz7sc3a277R67g,"the reverse function is taken away, it is no longer interesting",1,0,2.64.3,2025-11-10 12:15:50,,,2.64.3,en
3fe28b12-d71d-485e-aed6-614ae33b7085,A Google user,https://play-lh.googleusercontent.com/EGemoI2NTXmTsBVtJqk8jxF9rh8ApRWfsIMQSt2uE4OcpQqbFu7f7NbTK05lx80nuSijCz7sc3a277R67g,I really love the game,5,0,,2025-11-10 12:13:04,,,,en
394f3ef8-7a68-4232-ac64-99174554c043,A Google user,https://play-lh.googleusercontent.com/EGemoI2NTXmTsBVtJqk8jxF9rh8ApRWfsIMQSt2uE4OcpQqbFu7f7NbTK05lx80nuSijCz7sc3a277R67g,It's fun,5,0,2.63.2,2025-11-10 12:12:44,,,2.63.2,en
6df830e8-25b3-4b6c-ad00-c2dd1d38369b,A Google user,https://play-lh.googleusercontent.com/EGemoI2NTXmTsBVtJqk8jxF9rh8ApRWfsIMQSt2uE4OcpQqbFu7f7NbTK05lx80nuSijCz7sc3a277R67g,Game is good but it seems that the types of games you have advertised are not included in the actual apps! Would appreciate it if you can also include them in the game!,4,0,2.64.3,2025-11-10 12:10:20,,,2.64.3,en
6e004345-cefa-4726-a5d6-a387d6ab5077,A Google user,https://play-lh.googleusercontent.com/EGemoI2NTXmTsBVtJqk8jxF9rh8ApRWfsIMQSt2uE4OcpQqbFu7f7NbTK05lx80nuSijCz7sc3a277R67g,this app is good,5,0,2.64.3,2025-11-10 12:05:58,,,2.64.3,en
d7d0c134-d8e9-44ef-a91a-d1b254e47708,A Google user,https://play-lh.googleusercontent.com/EGemoI2NTXmTsBVtJqk8jxF9rh8ApRWfsIMQSt2uE4OcpQqbFu7f7NbTK05lx80nuSijCz7sc3a277R67g,best game really very interesting ☺️,5,0,2.64.3,2025-11-10 11:39:41,,,2.64.3,en
e498552b-d841-448a-8c92-941a991d549a,A Google user,https://play-lh.googleusercontent.com/EGemoI2NTXmTsBVtJqk8jxF9rh8ApRWfsIMQSt2uE4OcpQqbFu7f7NbTK05lx80nuSijCz7sc3a277R67g,Very good game 👍,5,0,,2025-11-10 11:10:40,,,,en
1cd8ca4e-82de-4333-a469-f45042ea4051,A Google user,https://play-lh.googleusercontent.com/EGemoI2NTXmTsBVtJqk8jxF9rh8ApRWfsIMQSt2uE4OcpQqbFu7f7NbTK05lx80nuSijCz7sc3a277R67g,"today I found my score was not being showed , dissapointing may cease using this game . No challenge now .",3,0,2.64.3,2025-11-10 10:49:18,,,2.64.3,en
6a35f5ed-f5e1-468b-bccf-fd18d93d6ff9,A Google user,https://play-lh.googleusercontent.com/EGemoI2NTXmTsBVtJqk8jxF9rh8ApRWfsIMQSt2uE4OcpQqbFu7f7NbTK05lx80nuSijCz7sc3a277R67g,challenging love it,5,0,2.65.0,2025-11-10 10:37:46,,,2.65.0,en
06fb7a52-a8cd-4daf-886f-617e091bfd4b,A Google user,https://play-lh.googleusercontent.com/EGemoI2NTXmTsBVtJqk8jxF9rh8ApRWfsIMQSt2uE4OcpQqbFu7f7NbTK05lx80nuSijCz7sc3a277R67g,there is earnings,5,0,2.64.3,2025-11-10 10:36:09,,,2.64.3,en
e4954688-7a7e-421a-9b0d-a04a9e726480,A Google user,https://play-lh.googleusercontent.com/EGemoI2NTXmTsBVtJqk8jxF9rh8ApRWfsIMQSt2uE4OcpQqbFu7f7NbTK05lx80nuSijCz7sc3a277R67g,thank you again,5,0,2.64.3,2025-11-10 10:25:48,,,2.64.3,en
cde995c9-2800-46bc-94cf-23f4a131902e,A Google user,https://play-lh.googleusercontent.com/EGemoI2NTXmTsBVtJqk8jxF9rh8ApRWfsIMQSt2uE4OcpQqbFu7f7NbTK05lx80nuSijCz7sc3a277R67g,Very interesting,5,0,2.64.3,2025-11-10 10:15:23,,,2.64.3,en
17fa2755-737b-4f9b-bbf5-eac125749139,A Google user,https://play-lh.googleusercontent.com/EGemoI2NTXmTsBVtJqk8jxF9rh8ApRWfsIMQSt2uE4OcpQqbFu7f7NbTK05lx80nuSijCz7sc3a277R67g,"I just had surgery, and Vita Majong distracts me from the pain.",5,0,2.63.2,2025-11-10 10:05:37,,,2.63.2,en
6be3b5eb-ae55-4a28-94f1-7b3596aaf320,A Google user,https://play-lh.googleusercontent.com/EGemoI2NTXmTsBVtJqk8jxF9rh8ApRWfsIMQSt2uE4OcpQqbFu7f7NbTK05lx80nuSijCz7sc3a277R67g,didn't get any update or theme feature..,3,0,2.64.3,2025-11-10 09:58:45,We’re sorry for the lack of updates/themes! New content is in development and will launch soon. Follow our game announcements for the latest info. Thanks for your patience!,2025-11-11 01:28:31,2.64.3,en
4411045b-3282-437d-9701-8ea848bb2e63,A Google user,https://play-lh.googleusercontent.com/EGemoI2NTXmTsBVtJqk8jxF9rh8ApRWfsIMQSt2uE4OcpQqbFu7f7NbTK05lx80nuSijCz7sc3a277R67g,I love to play this game. One of my favorite,5,0,2.64.3,2025-11-10 09:56:26,,,2.64.3,en
a6aa6d5d-773e-48cd-91d6-f260833adc81,A Google user,https://play-lh.googleusercontent.com/EGemoI2NTXmTsBVtJqk8jxF9rh8ApRWfsIMQSt2uE4OcpQqbFu7f7NbTK05lx80nuSijCz7sc3a277R67g,I'm enjoying the 🎮,5,0,2.65.0,2025-11-10 09:53:59,,,2.65.0,en
9bedea4d-da5f-4708-94f9-20be71f1818c,A Google user,https://play-lh.googleusercontent.com/EGemoI2NTXmTsBVtJqk8jxF9rh8ApRWfsIMQSt2uE4OcpQqbFu7f7NbTK05lx80nuSijCz7sc3a277R67g,only on level 9 so far so good 👍 👍,5,0,2.64.3,2025-11-10 09:46:04,,,2.64.3,en
5c99ff7c-594b-4abc-8a92-7f6be59b650a,A Google user,https://play-lh.googleusercontent.com/EGemoI2NTXmTsBVtJqk8jxF9rh8ApRWfsIMQSt2uE4OcpQqbFu7f7NbTK05lx80nuSijCz7sc3a277R67g,Why can I not get the game to come on my laptop in the full screen mode. Theres no polnt in me keeping a game with bigger tiles that I cant see well because it is on a small screen. It is vita mahjong supposedly for the poor sighted old one's.,2,1,2.64.3,2025-11-10 09:06:47,"Hello! You can contact us via ""Settings - Support - Contact Us"" in the app. Our customer support team will provide you with one-on-one solutions. Thank you for your support!",2025-11-11 01:36:05,2.64.3,en
9017c46d-2636-4b39-bac5-1239f4385524,A Google user,https://play-lh.googleusercontent.com/EGemoI2NTXmTsBVtJqk8jxF9rh8ApRWfsIMQSt2uE4OcpQqbFu7f7NbTK05lx80nuSijCz7sc3a277R67g,Don't waste your time too many adds.,1,0,2.64.3,2025-11-10 09:06:07,Sorry for the annoying ads! We’ve reduced ad frequency—update the game to experience it. Thanks for your feedback!,2025-11-11 01:36:20,2.64.3,en
a9b11cd7-68b8-47da-91a8-1fce6258b7ac,A Google user,https://play-lh.googleusercontent.com/EGemoI2NTXmTsBVtJqk8jxF9rh8ApRWfsIMQSt2uE4OcpQqbFu7f7NbTK05lx80nuSijCz7sc3a277R67g,who thought a voice constantly talking in the game is a good idea? it is very annoying and disruptive to the game.,1,2,2.65.0,2025-11-10 08:48:33,"We apologize that the non-stop in-game voice has ruined your gaming experience. Please navigate to the ""Settings"" menu, find the ""Audio"" option, and you’ll see a toggle for ""Character Voice"" or ""In-game Narration"" to turn it off. If you can’t locate it, feel free to tell us your game version, and we’ll guide you further.",2025-11-11 01:36:58,2.65.0,en
b22a794d-59a1-46fd-ab10-3408ea1e8b0a,A Google user,https://play-lh.googleusercontent.com/EGemoI2NTXmTsBVtJqk8jxF9rh8ApRWfsIMQSt2uE4OcpQqbFu7f7NbTK05lx80nuSijCz7sc3a277R67g,Addicting!...:),5,0,2.64.3,2025-11-10 08:47:39,,,2.64.3,en
c82680da-cb51-443c-a060-e87379ce270a,A Google user,https://play-lh.googleusercontent.com/EGemoI2NTXmTsBVtJqk8jxF9rh8ApRWfsIMQSt2uE4OcpQqbFu7f7NbTK05lx80nuSijCz7sc3a277R67g,refreshing ☺️,5,0,2.64.3,2025-11-10 08:46:42,,,2.64.3,en
09963023-1f86-4ccc-b974-b2e26a6c2686,A Google user,https://play-lh.googleusercontent.com/EGemoI2NTXmTsBVtJqk8jxF9rh8ApRWfsIMQSt2uE4OcpQqbFu7f7NbTK05lx80nuSijCz7sc3a277R67g,This game is so god for me,5,0,,2025-11-10 08:42:37,,,,en
8cfe0742-2918-40ca-92fb-919b429c735e,A Google user,https://play-lh.googleusercontent.com/EGemoI2NTXmTsBVtJqk8jxF9rh8ApRWfsIMQSt2uE4OcpQqbFu7f7NbTK05lx80nuSijCz7sc3a277R67g,this game not good Beause it is different with that ad,1,0,2.64.3,2025-11-10 08:25:21,We’re truly sorry the game didn’t match what was shown in the ad and let you down. Our team has noted this discrepancy and will adjust the ad content to better align with the actual gameplay. Thanks a lot for your valuable feedback!,2025-11-11 01:37:14,2.64.3,en
813fd9ec-6a86-48ef-bf60-e68b5466c992,A Google user,https://play-lh.googleusercontent.com/EGemoI2NTXmTsBVtJqk8jxF9rh8ApRWfsIMQSt2uE4OcpQqbFu7f7NbTK05lx80nuSijCz7sc3a277R67g,"I like this game but I don't like it with a lot of ads, it's very annoying .",4,0,2.64.3,2025-11-10 07:47:41,,,2.64.3,en
2e6efd4c-73d1-4814-a09a-c64bdfa721f3,A Google user,https://play-lh.googleusercontent.com/EGemoI2NTXmTsBVtJqk8jxF9rh8ApRWfsIMQSt2uE4OcpQqbFu7f7NbTK05lx80nuSijCz7sc3a277R67g,"Great game, No! ads. Can't beat that.",5,0,2.65.0,2025-11-10 07:46:07,,,2.65.0,en
cdce3769-3151-48e2-80c7-a74899b0b1ab,A Google user,https://play-lh.googleusercontent.com/EGemoI2NTXmTsBVtJqk8jxF9rh8ApRWfsIMQSt2uE4OcpQqbFu7f7NbTK05lx80nuSijCz7sc3a277R67g,good in mind memory,5,0,2.64.3,2025-11-10 07:41:00,,,2.64.3,en
7b0d0e86-45a1-4031-b048-ce06a5d7e612,A Google user,https://play-lh.googleusercontent.com/EGemoI2NTXmTsBVtJqk8jxF9rh8ApRWfsIMQSt2uE4OcpQqbFu7f7NbTK05lx80nuSijCz7sc3a277R67g,nothing like the ad,1,0,2.65.0,2025-11-10 07:35:43,We’re sorry the game doesn’t match the ad! We’re working to align the experience with our promotions. Thanks for your feedback.,2025-11-11 01:41:39,2.65.0,en
5d3196cf-67d0-45f0-939f-a2e30a17f4b5,A Google user,https://play-lh.googleusercontent.com/EGemoI2NTXmTsBVtJqk8jxF9rh8ApRWfsIMQSt2uE4OcpQqbFu7f7NbTK05lx80nuSijCz7sc3a277R67g,Nice game,5,0,2.65.0,2025-11-10 07:33:08,,,2.65.0,en
e8d6bdbe-40b0-4c98-8335-7ba643cd5bf3,A Google user,https://play-lh.googleusercontent.com/EGemoI2NTXmTsBVtJqk8jxF9rh8ApRWfsIMQSt2uE4OcpQqbFu7f7NbTK05lx80nuSijCz7sc3a277R67g,I'm not sure but if this one can really give me money I will share this one to my friend's,4,0,2.64.3,2025-11-10 07:28:08,,,2.64.3,en
a8eebb29-47ed-45ec-9505-6d9567d37cc6,A Google user,https://play-lh.googleusercontent.com/EGemoI2NTXmTsBVtJqk8jxF9rh8ApRWfsIMQSt2uE4OcpQqbFu7f7NbTK05lx80nuSijCz7sc3a277R67g,Thank,5,0,2.65.0,2025-11-10 07:02:58,,,2.65.0,en
2e79bf55-8d1c-4b15-ad2d-03dbb8e19238,A Google user,https://play-lh.googleusercontent.com/EGemoI2NTXmTsBVtJqk8jxF9rh8ApRWfsIMQSt2uE4OcpQqbFu7f7NbTK05lx80nuSijCz7sc3a277R67g,"stopped working. Only thing that comes up is the green screen and Vita. I have tried uninstalling it and reinstalling it, but still the same . I have (had this game) on my pc",1,0,2.64.3,2025-11-10 06:59:59,"Sorry to hear that! Could you please tell us more details — for example, does the game not open at all, freeze on the loading screen, or crash during play? You can also try restarting your device and ensuring the game is updated to the latest version, as that often resolves the issue.",2025-11-09 23:20:23,2.64.3,en
d49fb023-54b1-473b-adfc-182527bf3ecc,A Google user,https://play-lh.googleusercontent.com/EGemoI2NTXmTsBVtJqk8jxF9rh8ApRWfsIMQSt2uE4OcpQqbFu7f7NbTK05lx80nuSijCz7sc3a277R67g,cool game,5,0,2.65.0,2025-11-10 06:46:02,,,2.65.0,en
13374535-4b49-4e14-870f-04eea843caff,A Google user,https://play-lh.googleusercontent.com/EGemoI2NTXmTsBVtJqk8jxF9rh8ApRWfsIMQSt2uE4OcpQqbFu7f7NbTK05lx80nuSijCz7sc3a277R67g,what happened to the game I play i don't want to chang7,1,0,2.64.3,2025-11-10 06:32:05,We're sorry that you've noticed unexpected changes to the game and feel troubled! Could you please tell us more details about the problems you've encountered? We attach great importance to this and will try our best to solve the issues to keep your familiar gaming experience. Thanks for your support!,2025-11-11 01:42:29,2.64.3,en
b266ec92-500e-45df-bef0-72f3a58a39c9,A Google user,https://play-lh.googleusercontent.com/EGemoI2NTXmTsBVtJqk8jxF9rh8ApRWfsIMQSt2uE4OcpQqbFu7f7NbTK05lx80nuSijCz7sc3a277R67g,"The game is good but every level you clear you have to watch an ad that is frustrating 😭 too many ad ,ad ad ad....can I buy it,so that I don't need to watch ad",3,0,2.64.3,2025-11-10 06:21:17,"We’re thrilled to hear you think the game is good! So sorry those repetitive ads have ruined your gaming mood. The ad-free option you want is absolutely available! Just head to the game’s shop, and you’ll find the one-time purchase option to get rid of all ads. Enjoy your smooth gaming experience afterward! Thanks for telling us your thoughts!",2025-11-11 01:43:57,2.64.3,en
d9d46b1a-50f7-48af-aa86-03261009560b,A Google user,https://play-lh.googleusercontent.com/EGemoI2NTXmTsBVtJqk8jxF9rh8ApRWfsIMQSt2uE4OcpQqbFu7f7NbTK05lx80nuSijCz7sc3a277R67g,well and free playing game for all age. Excellent.,5,0,2.64.1,2025-11-10 06:12:51,,,2.64.1,en
67d176e5-7f71-4e49-8e22-5da1c4755317,A Google user,https://play-lh.googleusercontent.com/EGemoI2NTXmTsBVtJqk8jxF9rh8ApRWfsIMQSt2uE4OcpQqbFu7f7NbTK05lx80nuSijCz7sc3a277R67g,very relaxing and memory strengthening,5,0,2.50.1,2025-11-10 06:02:47,,,2.50.1,en
dcd3cfe3-4126-4b59-9b09-e96945461a29,A Google user,https://play-lh.googleusercontent.com/EGemoI2NTXmTsBVtJqk8jxF9rh8ApRWfsIMQSt2uE4OcpQqbFu7f7NbTK05lx80nuSijCz7sc3a277R67g,very nice game,5,0,2.64.3,2025-11-10 05:45:48,,,2.64.3,en
c4a49be1-f371-427e-81fd-1848b00beba4,A Google user,https://play-lh.googleusercontent.com/EGemoI2NTXmTsBVtJqk8jxF9rh8ApRWfsIMQSt2uE4OcpQqbFu7f7NbTK05lx80nuSijCz7sc3a277R67g,very enjoyable match the object,5,0,2.64.3,2025-11-10 05:44:21,,,2.64.3,en
b725b21d-2847-498b-85a4-9c61f713ae34,A Google user,https://play-lh.googleusercontent.com/EGemoI2NTXmTsBVtJqk8jxF9rh8ApRWfsIMQSt2uE4OcpQqbFu7f7NbTK05lx80nuSijCz7sc3a277R67g,The ads are an absolute nightmare. Caught in multiple loops.,1,0,2.64.3,2025-11-10 05:30:20,"We feel terrible that you're trapped in multiple ad loops—this is never what we intended for your gaming experience 😔. Our team is already working on a fix. If you encounter any other abnormal ad situations, please don't hesitate to let us know. Thanks for your valuable feedback!",2025-11-11 01:44:57,2.64.3,en
0edc5b1f-b446-4856-933d-dbfccdeba00f,A Google user,https://play-lh.googleusercontent.com/EGemoI2NTXmTsBVtJqk8jxF9rh8ApRWfsIMQSt2uE4OcpQqbFu7f7NbTK05lx80nuSijCz7sc3a277R67g,It was fun..but then a phishing link popped up once and I didnt touch the app after that.,4,0,2.64.3,2025-11-10 05:09:29,,,2.64.3,en
d5fd051b-4b17-463f-a857-8f942a4f430f,A Google user,https://play-lh.googleusercontent.com/EGemoI2NTXmTsBVtJqk8jxF9rh8ApRWfsIMQSt2uE4OcpQqbFu7f7NbTK05lx80nuSijCz7sc3a277R67g,very relaxing,5,0,,2025-11-10 05:02:03,,,,en
005c730d-bec0-47ed-9a56-fdf2ed4dcd4c,A Google user,https://play-lh.googleusercontent.com/EGemoI2NTXmTsBVtJqk8jxF9rh8ApRWfsIMQSt2uE4OcpQqbFu7f7NbTK05lx80nuSijCz7sc3a277R67g,I like this game,5,0,2.64.3,2025-11-10 04:48:15,,,2.64.3,en
ed4b93e1-a0e0-4290-9d2a-36c3c29ffaa7,A Google user,https://play-lh.googleusercontent.com/EGemoI2NTXmTsBVtJqk8jxF9rh8ApRWfsIMQSt2uE4OcpQqbFu7f7NbTK05lx80nuSijCz7sc3a277R67g,"once you get past about stage 8, it starts. becoming a challenge",5,0,2.64.3,2025-11-10 04:44:46,,,2.64.3,en
c9972096-7612-49ab-96f3-61778b9450fa,A Google user,https://play-lh.googleusercontent.com/EGemoI2NTXmTsBVtJqk8jxF9rh8ApRWfsIMQSt2uE4OcpQqbFu7f7NbTK05lx80nuSijCz7sc3a277R67g,This is a fun game that challenges you in more than one way!! I would recommend this game.,5,0,,2025-11-10 04:41:58,,,,en
d8b04860-171f-4299-bde3-b317cec3c3a4,A Google user,https://play-lh.googleusercontent.com/EGemoI2NTXmTsBVtJqk8jxF9rh8ApRWfsIMQSt2uE4OcpQqbFu7f7NbTK05lx80nuSijCz7sc3a277R67g,actually really relaxing and fun,5,0,2.64.3,2025-11-10 04:26:17,,,2.64.3,en
4210274f-3af0-480e-a9ac-298cec8f0287,A Google user,https://play-lh.googleusercontent.com/EGemoI2NTXmTsBVtJqk8jxF9rh8ApRWfsIMQSt2uE4OcpQqbFu7f7NbTK05lx80nuSijCz7sc3a277R67g,it's easy to play it also interested when playing,5,0,2.64.3,2025-11-10 03:55:46,,,2.64.3,en
9cacab7d-f7d9-49c5-b954-5e98bc3522f3,A Google user,https://play-lh.googleusercontent.com/EGemoI2NTXmTsBVtJqk8jxF9rh8ApRWfsIMQSt2uE4OcpQqbFu7f7NbTK05lx80nuSijCz7sc3a277R67g,relaxes your mind and it keeps your mind Sharp,5,0,2.64.3,2025-11-10 03:40:44,,,2.64.3,en
d113ea6b-2339-41dd-92f6-f9a5fa4c6459,A Google user,https://play-lh.googleusercontent.com/EGemoI2NTXmTsBVtJqk8jxF9rh8ApRWfsIMQSt2uE4OcpQqbFu7f7NbTK05lx80nuSijCz7sc3a277R67g,Ads force players to go to Play Store in order to play next round. Hard no to any app with ads require opening other apps.,1,0,2.56.1,2025-11-10 03:39:39,"We apologize for the forced redirects to the Google Play Store! If you encounter this issue again, please record a screen video of the operations before the ad pops up and the full content of the ad, then send it to us. We will conduct an investigation upon receiving the information.",2025-11-11 01:50:15,2.56.1,en
1612fb9c-0eb8-4334-8c3a-2b84839f9c26,A Google user,https://play-lh.googleusercontent.com/EGemoI2NTXmTsBVtJqk8jxF9rh8ApRWfsIMQSt2uE4OcpQqbFu7f7NbTK05lx80nuSijCz7sc3a277R67g,it's a nice game,5,0,2.64.3,2025-11-10 03:37:17,,,2.64.3,en
fb629c99-0be0-4046-951a-d26d3d5e5dc1,A Google user,https://play-lh.googleusercontent.com/EGemoI2NTXmTsBVtJqk8jxF9rh8ApRWfsIMQSt2uE4OcpQqbFu7f7NbTK05lx80nuSijCz7sc3a277R67g,I love this,5,0,2.64.3,2025-11-10 03:34:14,,,2.64.3,en
66439229-eb3b-491a-be2a-5399c139b7bd,A Google user,https://play-lh.googleusercontent.com/EGemoI2NTXmTsBVtJqk8jxF9rh8ApRWfsIMQSt2uE4OcpQqbFu7f7NbTK05lx80nuSijCz7sc3a277R67g,"I suffer from bipolar and this helps my memory. It also helps keep me grounded,I helps manic feelings. It's also fun, entertaining.",5,0,2.64.3,2025-11-10 03:23:47,,,2.64.3,en
7ff2484d-fb56-4114-8c4b-d5e2de9fcdc3,A Google user,https://play-lh.googleusercontent.com/EGemoI2NTXmTsBVtJqk8jxF9rh8ApRWfsIMQSt2uE4OcpQqbFu7f7NbTK05lx80nuSijCz7sc3a277R67g,horrible game. fake ads get you to download. ads are nothing like the game and ads all the time. pure garbage also the company is nothing but lies and pure garbage,1,0,2.64.3,2025-11-10 03:12:46,We’re sorry the game didn’t meet your expectations! We take ad accuracy seriously and will optimize it. Thanks for your honest feedback to help us improve.,2025-11-11 01:51:40,2.64.3,en
0821da39-786d-4ef4-9486-ecb147527d2a,A Google user,https://play-lh.googleusercontent.com/EGemoI2NTXmTsBVtJqk8jxF9rh8ApRWfsIMQSt2uE4OcpQqbFu7f7NbTK05lx80nuSijCz7sc3a277R67g,I wanted to give this game a four out of five but after this last update McAfee add pops up in the middle of my game just before they match😔😡,1,0,2.64.3,2025-11-10 02:51:15,"We’re sorry the McAfee popup disrupted your gaming experience! If you encounter this again, please record a screen video of the operations before the ad pops up and the full ad content, then send it to us. We’ll investigate once we receive it.
",2025-11-11 01:53:49,2.64.3,en
d76501ad-760a-47ba-aac3-b73065798203,A Google user,https://play-lh.googleusercontent.com/EGemoI2NTXmTsBVtJqk8jxF9rh8ApRWfsIMQSt2uE4OcpQqbFu7f7NbTK05lx80nuSijCz7sc3a277R67g,"love this, dont understand left right lock??",5,0,2.64.3,2025-11-10 02:39:26,,,2.64.3,en
aaa883ed-f7d3-4370-a3a6-4e1dcede771b,A Google user,https://play-lh.googleusercontent.com/EGemoI2NTXmTsBVtJqk8jxF9rh8ApRWfsIMQSt2uE4OcpQqbFu7f7NbTK05lx80nuSijCz7sc3a277R67g,One of my favorite games,5,0,2.65.0,2025-11-10 02:33:18,,,2.65.0,en
892ae4e5-8d71-4116-9bfb-8582dd6a6dd7,A Google user,https://play-lh.googleusercontent.com/EGemoI2NTXmTsBVtJqk8jxF9rh8ApRWfsIMQSt2uE4OcpQqbFu7f7NbTK05lx80nuSijCz7sc3a277R67g,love this game,5,0,,2025-11-10 02:31:49,,,,en
840da4c0-c8d1-4151-940f-2dfa8c2a955c,A Google user,https://play-lh.googleusercontent.com/EGemoI2NTXmTsBVtJqk8jxF9rh8ApRWfsIMQSt2uE4OcpQqbFu7f7NbTK05lx80nuSijCz7sc3a277R67g,very nice app and it's real,5,0,2.64.3,2025-11-10 02:28:18,,,2.64.3,en
a1a92b94-857c-4886-8ef3-4d65ec2a26f0,A Google user,https://play-lh.googleusercontent.com/EGemoI2NTXmTsBVtJqk8jxF9rh8ApRWfsIMQSt2uE4OcpQqbFu7f7NbTK05lx80nuSijCz7sc3a277R67g,I really like this game because it helps me to concentrate. Thank you for the great game. I recommend this game to anyone who wants to have a sharp mind.,5,0,2.65.0,2025-11-10 02:19:05,,,2.65.0,en
58fba65a-6ab9-4921-9869-d91a6313c96f,A Google user,https://play-lh.googleusercontent.com/EGemoI2NTXmTsBVtJqk8jxF9rh8ApRWfsIMQSt2uE4OcpQqbFu7f7NbTK05lx80nuSijCz7sc3a277R67g,cool game,5,0,2.64.3,2025-11-10 02:14:48,,,2.64.3,en
674c42ae-bf23-4d12-b9c5-4edb3ba28ecf,A Google user,https://play-lh.googleusercontent.com/EGemoI2NTXmTsBVtJqk8jxF9rh8ApRWfsIMQSt2uE4OcpQqbFu7f7NbTK05lx80nuSijCz7sc3a277R67g,repetitive after a few cycles. nothing at all like the ads which is disappointing. it's a standard electronic mahjong game..,3,0,2.64.3,2025-11-10 02:06:30,"We’re truly sorry the game felt repetitive after a few rounds and didn’t live up to what was shown in the ads—we totally get your disappointment. We’ll collect this feedback and pass it to our game design team to enrich the gameplay loops. As for the mahjong gameplay, we’ll also explore adding unique rule variants in future updates. Thanks",2025-11-11 01:58:53,2.64.3,en
8d6ae927-6bd4-4641-abcd-d02df28e1732,A Google user,https://play-lh.googleusercontent.com/EGemoI2NTXmTsBVtJqk8jxF9rh8ApRWfsIMQSt2uE4OcpQqbFu7f7NbTK05lx80nuSijCz7sc3a277R67g,"I absolutely love the game, but the ads after ever level is super irritating. Also, there is no option that I can find to go ads free. The amount of ads is ridiculous, and that is why I gave three stars.",3,0,2.64.3,2025-11-10 02:05:24,"We're thrilled you love the game! We totally understand ads after every level are annoying. You can contact us via ""Settings - Support - Contact Us"" in the app. Our customer support team will provide you with a one-on-one ad removal purchase method. Thank you for your support!",2025-11-11 01:59:49,2.64.3,en
dfc8424b-caec-48e8-a4ce-dbe83f93d4b2,A Google user,https://play-lh.googleusercontent.com/EGemoI2NTXmTsBVtJqk8jxF9rh8ApRWfsIMQSt2uE4OcpQqbFu7f7NbTK05lx80nuSijCz7sc3a277R67g,Great game,5,0,2.65.0,2025-11-10 02:05:06,,,2.65.0,en
82c1ae9f-0142-41f8-b498-b2bf42718f2e,A Google user,https://play-lh.googleusercontent.com/EGemoI2NTXmTsBVtJqk8jxF9rh8ApRWfsIMQSt2uE4OcpQqbFu7f7NbTK05lx80nuSijCz7sc3a277R67g,My first time playing and it was very fun to play!,5,0,2.65.0,2025-11-10 01:57:14,,,2.65.0,en
9a1c639c-9c50-492a-ab47-1695d3fc10c8,A Google user,https://play-lh.googleusercontent.com/EGemoI2NTXmTsBVtJqk8jxF9rh8ApRWfsIMQSt2uE4OcpQqbFu7f7NbTK05lx80nuSijCz7sc3a277R67g,fun and blocks the company in the background lol,5,0,,2025-11-10 01:49:48,,,,en
2102934e-bd17-408f-a336-73eca52601a4,A Google user,https://play-lh.googleusercontent.com/EGemoI2NTXmTsBVtJqk8jxF9rh8ApRWfsIMQSt2uE4OcpQqbFu7f7NbTK05lx80nuSijCz7sc3a277R67g,great time playing,4,0,2.64.3,2025-11-10 01:38:55,,,2.64.3,en
52c60220-5625-4574-9b31-c4f39babab25,A Google user,https://play-lh.googleusercontent.com/EGemoI2NTXmTsBVtJqk8jxF9rh8ApRWfsIMQSt2uE4OcpQqbFu7f7NbTK05lx80nuSijCz7sc3a277R67g,"I enjoy the game. one of your ads, rainbow snake freezes my tablet all the time and it won't undo. it takes forever to turn my phone off.",3,0,2.63.2,2025-11-10 01:25:54,,,2.63.2,en
a501130d-86ee-4076-bbae-a87f5bc67ada,A Google user,https://play-lh.googleusercontent.com/EGemoI2NTXmTsBVtJqk8jxF9rh8ApRWfsIMQSt2uE4OcpQqbFu7f7NbTK05lx80nuSijCz7sc3a277R67g,"that is hard game to try to do the moviments really fast ,but is great to try to keep focus on the symbols and animals and numbers",5,0,2.64.3,2025-11-10 01:20:30,,,2.64.3,en
ca35922d-a775-4744-b133-569262503f30,A Google user,https://play-lh.googleusercontent.com/EGemoI2NTXmTsBVtJqk8jxF9rh8ApRWfsIMQSt2uE4OcpQqbFu7f7NbTK05lx80nuSijCz7sc3a277R67g,Happy there is no ads.,5,0,2.64.3,2025-11-10 01:02:43,,,2.64.3,en
2f23e501-4693-4223-858a-a871c6b44632,A Google user,https://play-lh.googleusercontent.com/EGemoI2NTXmTsBVtJqk8jxF9rh8ApRWfsIMQSt2uE4OcpQqbFu7f7NbTK05lx80nuSijCz7sc3a277R67g,great for relaxing the mind. some strategy involved first time I've ever tried it and I give it a thumbs up,5,0,2.64.3,2025-11-10 01:02:00,,,2.64.3,en
6b5d0b84-f5c4-47a4-86f6-5d96b60ab20a,A Google user,https://play-lh.googleusercontent.com/EGemoI2NTXmTsBVtJqk8jxF9rh8ApRWfsIMQSt2uE4OcpQqbFu7f7NbTK05lx80nuSijCz7sc3a277R67g,"What happened with the latest update? All of a sudden the matched sets do not match anymore (e.g. royal faces, floral motifs). ☆The How to Play and Feedback illustrations still show that they should match.☆ —BTW, I especially enjoy the games with special tiles to turn over and remember.)",4,0,2.65.0,2025-11-10 00:49:15,"Thank you for sharing your experience — I understand how frustrating this change must feel. In the most recent version of Vita Mahjong, the matching rules were updated so some tile‑pairs that looked identical may now be considered non‑matching because they’re treated as “special” or blocked. If you’d like you can check the “Help” section in Setting",2025-11-09 23:43:43,2.65.0,en
6ddfda0b-19c1-4b17-bbe4-dab840c29cf2,A Google user,https://play-lh.googleusercontent.com/EGemoI2NTXmTsBVtJqk8jxF9rh8ApRWfsIMQSt2uE4OcpQqbFu7f7NbTK05lx80nuSijCz7sc3a277R67g,The main reason I installed this particular mahjong game was because it had a back button which gave you the option to put tiles back if you got stuck so you could see were a mistake was made. This option is no longer available so I will be uninstalling this game.,1,0,2.64.3,2025-11-10 00:32:21,,,2.64.3,en
21d002be-c5ea-4bcd-a636-81cc7bafecb3,A Google user,https://play-lh.googleusercontent.com/EGemoI2NTXmTsBVtJqk8jxF9rh8ApRWfsIMQSt2uE4OcpQqbFu7f7NbTK05lx80nuSijCz7sc3a277R67g,love it ! it is so relaxing 😌,5,0,2.64.3,2025-11-10 00:21:53,,,2.64.3,en
331dcf0d-cffb-4a25-940d-e2ec26660dea,A Google user,https://play-lh.googleusercontent.com/EGemoI2NTXmTsBVtJqk8jxF9rh8ApRWfsIMQSt2uE4OcpQqbFu7f7NbTK05lx80nuSijCz7sc3a277R67g,"easy to engross oneself in the game as it keeps you guessing.,",5,0,2.65.0,2025-11-10 00:19:29,,,2.65.0,en
f6408058-617e-452a-9164-bdfb3c82624a,A Google user,https://play-lh.googleusercontent.com/EGemoI2NTXmTsBVtJqk8jxF9rh8ApRWfsIMQSt2uE4OcpQqbFu7f7NbTK05lx80nuSijCz7sc3a277R67g,"was the updated version written by someone on acid, the colours are garbage and as an older player, makes a good game unpleasant",1,0,2.64.3,2025-11-10 00:15:52,,,2.64.3,en
361ce893-d698-486c-a6b1-3a63a40cd9bc,A Google user,https://play-lh.googleusercontent.com/EGemoI2NTXmTsBVtJqk8jxF9rh8ApRWfsIMQSt2uE4OcpQqbFu7f7NbTK05lx80nuSijCz7sc3a277R67g,claims to be ad free. only if you don't count one or two ads after every level. horrible frustrating and boring. Your claim that most ads that pop up after every level can be skipped is a flat out lie.,1,0,,2025-11-09 23:34:05,"We understand your frustration. While the game itself is safe and playable, short ads do appear between levels. You can skip most of them, and if you encounter any problematic ads, please report them through the in-game support so we can address them.
",2025-11-09 23:29:44,,en
01440b27-70d0-483f-9de3-b506d7099e4c,A Google user,https://play-lh.googleusercontent.com/EGemoI2NTXmTsBVtJqk8jxF9rh8ApRWfsIMQSt2uE4OcpQqbFu7f7NbTK05lx80nuSijCz7sc3a277R67g,Top Notch Game,5,0,2.64.3,2025-11-09 23:28:52,,,2.64.3,en
7dc70178-3e8c-4f6f-80d1-0e770360ddf8,A Google user,https://play-lh.googleusercontent.com/EGemoI2NTXmTsBVtJqk8jxF9rh8ApRWfsIMQSt2uE4OcpQqbFu7f7NbTK05lx80nuSijCz7sc3a277R67g,"love the game but bring back the undo button. it's definitely needed to undo auto plays in the game.. the undo button was just removed, so should be easy to bring back....please I noticed someone else complained about the same thing!! bad choices on the auto plays...bring back the undo",4,2,2.64.3,2025-11-09 23:28:00,Thank you for your feedback! We will share your suggestion about adding an undo button with the team for comprehensive evaluation. 🗨️,2025-11-06 23:31:12,2.64.3,en
21f51b22-15da-49bd-97d2-0bc6da16325b,A Google user,https://play-lh.googleusercontent.com/EGemoI2NTXmTsBVtJqk8jxF9rh8ApRWfsIMQSt2uE4OcpQqbFu7f7NbTK05lx80nuSijCz7sc3a277R67g,you are stress reliefer indeed 100%,5,0,2.64.3,2025-11-09 23:15:07,,,2.64.3,en
13ef0c1f-95c3-4e7d-81ad-eec1ba5c2a18,A Google user,https://play-lh.googleusercontent.com/EGemoI2NTXmTsBVtJqk8jxF9rh8ApRWfsIMQSt2uE4OcpQqbFu7f7NbTK05lx80nuSijCz7sc3a277R67g,very stimulating,5,0,2.65.0,2025-11-09 23:01:19,,,2.65.0,en
5ebb5291-6452-4388-bfd5-a2a65dbfb03d,A Google user,https://play-lh.googleusercontent.com/EGemoI2NTXmTsBVtJqk8jxF9rh8ApRWfsIMQSt2uE4OcpQqbFu7f7NbTK05lx80nuSijCz7sc3a277R67g,stimulating game that is relaxing also. easy on my poor old eyesite.love it!!,5,0,2.64.3,2025-11-09 22:34:12,,,2.64.3,en
09c4df0d-5ea8-441b-aa82-2065a167f4e0,A Google user,https://play-lh.googleusercontent.com/EGemoI2NTXmTsBVtJqk8jxF9rh8ApRWfsIMQSt2uE4OcpQqbFu7f7NbTK05lx80nuSijCz7sc3a277R67g,wonderful game f I r seniors. I'm 79 and love it,5,0,2.64.3,2025-11-09 21:57:51,,,2.64.3,en
b5087e9c-1e96-4d61-9e55-7d2ebc01f350,A Google user,https://play-lh.googleusercontent.com/EGemoI2NTXmTsBVtJqk8jxF9rh8ApRWfsIMQSt2uE4OcpQqbFu7f7NbTK05lx80nuSijCz7sc3a277R67g,"Unable to get rid of ads. so frustrating, add free purchase not available in settings, its a shame cos I like this app.",4,0,2.65.0,2025-11-09 21:52:39,,,2.65.0,en
2346ed1e-577e-4515-80e8-4d715ff478c8,A Google user,https://play-lh.googleusercontent.com/EGemoI2NTXmTsBVtJqk8jxF9rh8ApRWfsIMQSt2uE4OcpQqbFu7f7NbTK05lx80nuSijCz7sc3a277R67g,Love it,5,0,,2025-11-09 21:52:31,,,,en
61be9bb1-aa0e-4201-9058-f9daf6840db6,A Google user,https://play-lh.googleusercontent.com/EGemoI2NTXmTsBVtJqk8jxF9rh8ApRWfsIMQSt2uE4OcpQqbFu7f7NbTK05lx80nuSijCz7sc3a277R67g,it was a great one every sweet game to play and win,5,0,2.64.3,2025-11-09 21:50:37,,,2.64.3,en
d44b4484-d033-4fe3-9fba-c2980e20d688,A Google user,https://play-lh.googleusercontent.com/EGemoI2NTXmTsBVtJqk8jxF9rh8ApRWfsIMQSt2uE4OcpQqbFu7f7NbTK05lx80nuSijCz7sc3a277R67g,Great game but frustrating. The app keeps closing down in the middle of a game and way too many adverts,3,0,2.65.0,2025-11-09 21:32:45,,,2.65.0,en
e539e5b5-a425-4b41-a000-1a2a256f6d46,A Google user,https://play-lh.googleusercontent.com/EGemoI2NTXmTsBVtJqk8jxF9rh8ApRWfsIMQSt2uE4OcpQqbFu7f7NbTK05lx80nuSijCz7sc3a277R67g,You took the fun out of it when you removed the competition between players.,2,0,,2025-11-09 21:30:04,,,,en
3fd10ac0-a688-4e1f-9e29-9119c3362b5c,A Google user,https://play-lh.googleusercontent.com/EGemoI2NTXmTsBVtJqk8jxF9rh8ApRWfsIMQSt2uE4OcpQqbFu7f7NbTK05lx80nuSijCz7sc3a277R67g,Nice and simple plus I haven't got any ads.,5,0,2.65.0,2025-11-09 21:18:28,,,2.65.0,en
884a51e6-4bd7-41fc-bb11-1f261b80cd38,A Google user,https://play-lh.googleusercontent.com/EGemoI2NTXmTsBVtJqk8jxF9rh8ApRWfsIMQSt2uE4OcpQqbFu7f7NbTK05lx80nuSijCz7sc3a277R67g,stress free game,5,0,2.64.3,2025-11-09 21:07:21,,,2.64.3,en
eef4723a-2ceb-4cb1-a0bc-d55fc4fcb6f1,A Google user,https://play-lh.googleusercontent.com/EGemoI2NTXmTsBVtJqk8jxF9rh8ApRWfsIMQSt2uE4OcpQqbFu7f7NbTK05lx80nuSijCz7sc3a277R67g,"love, love, love this game",5,0,2.65.0,2025-11-09 21:06:14,,,2.65.0,en
34e726bc-ff4f-4358-93e6-c69d9ac861a8,A Google user,https://play-lh.googleusercontent.com/EGemoI2NTXmTsBVtJqk8jxF9rh8ApRWfsIMQSt2uE4OcpQqbFu7f7NbTK05lx80nuSijCz7sc3a277R67g,this is the best part of my life 💖,5,0,,2025-11-09 20:26:45,,,,en
b6253ec5-3452-4aa4-acad-585e7f94dd08,A Google user,https://play-lh.googleusercontent.com/EGemoI2NTXmTsBVtJqk8jxF9rh8ApRWfsIMQSt2uE4OcpQqbFu7f7NbTK05lx80nuSijCz7sc3a277R67g,"Not as advertised. The ads are showing you a 3D Tetris type of game. What you get is a classic mahjong game. Don't get me wrong it's a decent one, but I didn't come for this. I'm sick and tired of the fake ads selling you something, but delivering a completely different product. Uninstall",1,0,2.64.3,2025-11-09 20:24:37,,,2.64.3,en
7c73ed7d-38a5-4513-8635-56616b2fc4e1,A Google user,https://play-lh.googleusercontent.com/EGemoI2NTXmTsBVtJqk8jxF9rh8ApRWfsIMQSt2uE4OcpQqbFu7f7NbTK05lx80nuSijCz7sc3a277R67g,was ok at first then kept going off mid game pity really because I enjoyed playing it,2,0,,2025-11-09 20:24:35,,,,en
8d09d8f7-c6a5-4b86-b773-b0ab759b262d,A Google user,https://play-lh.googleusercontent.com/EGemoI2NTXmTsBVtJqk8jxF9rh8ApRWfsIMQSt2uE4OcpQqbFu7f7NbTK05lx80nuSijCz7sc3a277R67g,tired of it keep popping up.,1,0,,2025-11-09 20:21:44,,,,en
c985e891-fb8c-4530-9636-4f3cf431e75c,A Google user,https://play-lh.googleusercontent.com/EGemoI2NTXmTsBVtJqk8jxF9rh8ApRWfsIMQSt2uE4OcpQqbFu7f7NbTK05lx80nuSijCz7sc3a277R67g,this is so satisfying game I like it 😍😚,5,0,2.64.3,2025-11-09 20:20:31,,,2.64.3,en
5bc6284f-45c2-4aea-976a-43a7b067578b,A Google user,https://play-lh.googleusercontent.com/EGemoI2NTXmTsBVtJqk8jxF9rh8ApRWfsIMQSt2uE4OcpQqbFu7f7NbTK05lx80nuSijCz7sc3a277R67g,Fun! Great memory game!,5,0,2.65.0,2025-11-09 20:19:57,,,2.65.0,en
14a165fc-7ab9-4a81-ab15-2bd1b5a53b56,A Google user,https://play-lh.googleusercontent.com/EGemoI2NTXmTsBVtJqk8jxF9rh8ApRWfsIMQSt2uE4OcpQqbFu7f7NbTK05lx80nuSijCz7sc3a277R67g,"it has the most annoying ads, takes so much time and boring...",1,0,,2025-11-09 20:17:17,,,,en
5ecae03f-68ae-4fee-bace-a4fa3823ee11,A Google user,https://play-lh.googleusercontent.com/EGemoI2NTXmTsBVtJqk8jxF9rh8ApRWfsIMQSt2uE4OcpQqbFu7f7NbTK05lx80nuSijCz7sc3a277R67g,love this game it challenges you,5,0,2.64.3,2025-11-09 20:13:03,,,2.64.3,en
54a1d2ec-af74-45d8-bb55-fa2d7c170216,A Google user,https://play-lh.googleusercontent.com/EGemoI2NTXmTsBVtJqk8jxF9rh8ApRWfsIMQSt2uE4OcpQqbFu7f7NbTK05lx80nuSijCz7sc3a277R67g,great game to relax 😌,5,0,2.64.3,2025-11-09 20:06:34,,,2.64.3,en
2a9a316f-5b4b-4f2a-a05d-2956ca5e9cab,A Google user,https://play-lh.googleusercontent.com/EGemoI2NTXmTsBVtJqk8jxF9rh8ApRWfsIMQSt2uE4OcpQqbFu7f7NbTK05lx80nuSijCz7sc3a277R67g,Great,5,0,,2025-11-09 20:06:20,,,,en
7e878f71-835a-4d4d-9f64-e80cd4534598,A Google user,https://play-lh.googleusercontent.com/EGemoI2NTXmTsBVtJqk8jxF9rh8ApRWfsIMQSt2uE4OcpQqbFu7f7NbTK05lx80nuSijCz7sc3a277R67g,"I don't really get what the tiles mean, but matching is fun.",5,0,2.64.3,2025-11-09 20:04:20,,,2.64.3,en
4c014bf8-d4f1-4893-af36-3dd4be3fc986,A Google user,https://play-lh.googleusercontent.com/EGemoI2NTXmTsBVtJqk8jxF9rh8ApRWfsIMQSt2uE4OcpQqbFu7f7NbTK05lx80nuSijCz7sc3a277R67g,uninstalled after playing a 100 levels because of the ungodly amount of ads.,2,0,2.65.0,2025-11-09 19:52:54,,,2.65.0,en
75a8fad5-e032-4cbc-8c7a-748b7573609b,A Google user,https://play-lh.googleusercontent.com/EGemoI2NTXmTsBVtJqk8jxF9rh8ApRWfsIMQSt2uE4OcpQqbFu7f7NbTK05lx80nuSijCz7sc3a277R67g,I've downloaded 3 of these games cause it said their outdated🤔I hope during this game it don't tell me to download another version.,5,0,2.64.3,2025-11-09 19:41:42,"Thanks for sharing! The game may occasionally prompt updates to ensure it runs smoothly, but you shouldn’t have to keep downloading new versions repeatedly. Once it’s up-to-date, it should let you play without further prompts.",2025-11-09 23:42:49,2.64.3,en
225ced60-4013-4e3a-8750-6aaa3071ead4,A Google user,https://play-lh.googleusercontent.com/EGemoI2NTXmTsBVtJqk8jxF9rh8ApRWfsIMQSt2uE4OcpQqbFu7f7NbTK05lx80nuSijCz7sc3a277R67g,"Was great until the last update. I don't like the astrological tiles but they are there no matter which design I choose. Now all flowers and bamboo can match up, it makes zero sense.",3,0,2.65.0,2025-11-09 19:32:54,,,2.65.0,en
4a47e58d-e16b-49d0-842d-b4f8df531e6f,A Google user,https://play-lh.googleusercontent.com/EGemoI2NTXmTsBVtJqk8jxF9rh8ApRWfsIMQSt2uE4OcpQqbFu7f7NbTK05lx80nuSijCz7sc3a277R67g,Very entertaining!! I love the game!!,5,0,2.64.3,2025-11-09 19:21:42,,,2.64.3,en
164fc58c-842e-47b5-9177-55ab642ff166,A Google user,https://play-lh.googleusercontent.com/EGemoI2NTXmTsBVtJqk8jxF9rh8ApRWfsIMQSt2uE4OcpQqbFu7f7NbTK05lx80nuSijCz7sc3a277R67g,"it's a great game it's helps the brain and my eye to choose wisely,I'm happy to play this game I feel relieved and help my mind to think a lot what is correct.Its help me how to play a puzzles because it's almost the puzzle,if you play this game you have to consecrate because you miss one card you loose.its shows me a happiness when I'm playing the game and I'm willing to win this game to makes some grocery and also paying my children's school fees. I'm happy to play lot of games here it's assit",5,0,2.64.3,2025-11-09 19:16:41,"That’s wonderful to hear! 😊 It sounds like this game really engages your mind and gives you a sense of accomplishment. The focus and concentration it requires can be both challenging and rewarding, and it’s great that it brings you happiness while also helping you practice strategic thinking. Keep enjoying those puzzles~",2025-11-09 23:43:18,2.64.3,en
33c23777-25db-4205-a6d8-247961c0bda8,A Google user,https://play-lh.googleusercontent.com/EGemoI2NTXmTsBVtJqk8jxF9rh8ApRWfsIMQSt2uE4OcpQqbFu7f7NbTK05lx80nuSijCz7sc3a277R67g,you think it's easy? just keep going! love it,5,0,2.64.3,2025-11-09 19:16:13,,,2.64.3,en
453752c7-5ac1-435a-8dd8-ae32d0c31b74,A Google user,https://play-lh.googleusercontent.com/EGemoI2NTXmTsBVtJqk8jxF9rh8ApRWfsIMQSt2uE4OcpQqbFu7f7NbTK05lx80nuSijCz7sc3a277R67g,Great to not get interrupted by ads,5,0,2.64.3,2025-11-09 19:12:46,,,2.64.3,en
6ea45ad8-a674-40ee-b4bd-44426cfae7b5,A Google user,https://play-lh.googleusercontent.com/EGemoI2NTXmTsBVtJqk8jxF9rh8ApRWfsIMQSt2uE4OcpQqbFu7f7NbTK05lx80nuSijCz7sc3a277R67g,Not the game that was advertised on tiktok. False advertising. Every single game now does this? Why can you greedy people be honest? Fear God ffs.,1,0,,2025-11-09 19:07:55,,,,en
b42b8603-b67a-4f79-a793-b37b9912861d,A Google user,https://play-lh.googleusercontent.com/EGemoI2NTXmTsBVtJqk8jxF9rh8ApRWfsIMQSt2uE4OcpQqbFu7f7NbTK05lx80nuSijCz7sc3a277R67g,I love challenges...,5,0,,2025-11-09 19:02:53,,,,en
1f5138d6-6e0a-4c97-9e99-4cdd9796299d,A Google user,https://play-lh.googleusercontent.com/EGemoI2NTXmTsBVtJqk8jxF9rh8ApRWfsIMQSt2uE4OcpQqbFu7f7NbTK05lx80nuSijCz7sc3a277R67g,really good fun and am enjoying very much,5,0,2.64.3,2025-11-09 18:57:23,,,2.64.3,en
83ef68ab-6fde-4027-94f5-5cf6da1c990d,A Google user,https://play-lh.googleusercontent.com/EGemoI2NTXmTsBVtJqk8jxF9rh8ApRWfsIMQSt2uE4OcpQqbFu7f7NbTK05lx80nuSijCz7sc3a277R67g,I'm so very very happy to play Vita Mahjong,5,0,,2025-11-09 18:49:43,,,,en
6a7f2731-5500-49a2-ae4f-03985ff4592c,A Google user,https://play-lh.googleusercontent.com/EGemoI2NTXmTsBVtJqk8jxF9rh8ApRWfsIMQSt2uE4OcpQqbFu7f7NbTK05lx80nuSijCz7sc3a277R67g,I have played this before under Sue. I played all the levels and thought I would play some other Mahjong games. This is the best one.,5,0,2.64.3,2025-11-09 18:48:46,"That’s wonderful to hear! 🌟 It’s great when a game keeps you engaged and stands out among others. Mahjong can be so relaxing yet stimulating, and finding one that really clicks makes all the difference. 🀄🧠💛
",2025-11-09 23:47:43,2.64.3,en
78647f62-0fd6-4fb1-a08b-b8e704a2b610,A Google user,https://play-lh.googleusercontent.com/EGemoI2NTXmTsBVtJqk8jxF9rh8ApRWfsIMQSt2uE4OcpQqbFu7f7NbTK05lx80nuSijCz7sc3a277R67g,trying this out,5,0,2.64.3,2025-11-09 18:41:04,,,2.64.3,en
af03fbd1-75c9-43b5-bad5-89288feb833d,A Google user,https://play-lh.googleusercontent.com/EGemoI2NTXmTsBVtJqk8jxF9rh8ApRWfsIMQSt2uE4OcpQqbFu7f7NbTK05lx80nuSijCz7sc3a277R67g,"nice , happy to play",5,0,2.64.3,2025-11-09 18:08:23,,,2.64.3,en
24ae8d97-5beb-46fb-9995-e6990ab3f347,A Google user,https://play-lh.googleusercontent.com/EGemoI2NTXmTsBVtJqk8jxF9rh8ApRWfsIMQSt2uE4OcpQqbFu7f7NbTK05lx80nuSijCz7sc3a277R67g,Alot of fun and I love the challenge,5,0,2.65.0,2025-11-09 17:57:39,,,2.65.0,en
9e2670ee-828f-418f-81bf-6565dafa8e81,A Google user,https://play-lh.googleusercontent.com/EGemoI2NTXmTsBVtJqk8jxF9rh8ApRWfsIMQSt2uE4OcpQqbFu7f7NbTK05lx80nuSijCz7sc3a277R67g,Good blessings 🙏🙏🙏.,5,0,2.64.3,2025-11-09 17:54:18,,,2.64.3,en
ab6b8ffa-56ef-4e6a-bbfd-5617a8bd7a24,A Google user,https://play-lh.googleusercontent.com/EGemoI2NTXmTsBVtJqk8jxF9rh8ApRWfsIMQSt2uE4OcpQqbFu7f7NbTK05lx80nuSijCz7sc3a277R67g,I love ❤️ 😍 this game,5,0,,2025-11-09 17:38:06,,,,en
6a00c27c-d30a-4932-8d56-f49367377f4f,A Google user,https://play-lh.googleusercontent.com/EGemoI2NTXmTsBVtJqk8jxF9rh8ApRWfsIMQSt2uE4OcpQqbFu7f7NbTK05lx80nuSijCz7sc3a277R67g,my opinion is good game vita 🀄,5,0,2.64.3,2025-11-09 17:36:54,,,2.64.3,en
88f0e4d0-b038-4637-a750-fb608cc70a87,A Google user,https://play-lh.googleusercontent.com/EGemoI2NTXmTsBVtJqk8jxF9rh8ApRWfsIMQSt2uE4OcpQqbFu7f7NbTK05lx80nuSijCz7sc3a277R67g,love this game play almost daily,4,0,2.64.3,2025-11-09 17:19:23,,,2.64.3,en
07af7982-925c-4c43-a7db-4f28c8662703,A Google user,https://play-lh.googleusercontent.com/EGemoI2NTXmTsBVtJqk8jxF9rh8ApRWfsIMQSt2uE4OcpQqbFu7f7NbTK05lx80nuSijCz7sc3a277R67g,"Got tired of the mid game ad for virus protection. it uses a scare tactic where you're in the middle of the game and it jumps to a screen showing a scan of your device (not real). Why these ad types are allowed are beyond me, it makes it seem the app itself is the virus",2,0,,2025-11-09 17:15:18,,,,en
59a08a4b-7a4c-4c22-9f98-88b1f0a1d3d4,A Google user,https://play-lh.googleusercontent.com/EGemoI2NTXmTsBVtJqk8jxF9rh8ApRWfsIMQSt2uE4OcpQqbFu7f7NbTK05lx80nuSijCz7sc3a277R67g,mind teaser,5,0,2.64.3,2025-11-09 17:11:41,,,2.64.3,en
66892ce9-3f38-4021-9782-49b047382a45,A Google user,https://play-lh.googleusercontent.com/EGemoI2NTXmTsBVtJqk8jxF9rh8ApRWfsIMQSt2uE4OcpQqbFu7f7NbTK05lx80nuSijCz7sc3a277R67g,great little addictive gamw,5,0,2.64.3,2025-11-09 17:11:32,,,2.64.3,en
b2985d9c-550d-4b9f-9074-0089ffd1ab29,A Google user,https://play-lh.googleusercontent.com/EGemoI2NTXmTsBVtJqk8jxF9rh8ApRWfsIMQSt2uE4OcpQqbFu7f7NbTK05lx80nuSijCz7sc3a277R67g,there are no rewards showing up no matter how well you play. I try my hardest to complete the levels but the end result is 0.Although it says loading. most unreliable. My advice don't break your head and spoil your eyes as there are no rewards.,1,0,,2025-11-09 17:00:54,,,,en
75aeef6c-0c34-458c-8b5e-0fc5b9d19bcf,A Google user,https://play-lh.googleusercontent.com/EGemoI2NTXmTsBVtJqk8jxF9rh8ApRWfsIMQSt2uE4OcpQqbFu7f7NbTK05lx80nuSijCz7sc3a277R67g,not like the ad I played.,1,0,2.64.3,2025-11-09 16:49:21,,,2.64.3,en
a20de320-2916-4d08-a1a3-6e9984787992,A Google user,https://play-lh.googleusercontent.com/EGemoI2NTXmTsBVtJqk8jxF9rh8ApRWfsIMQSt2uE4OcpQqbFu7f7NbTK05lx80nuSijCz7sc3a277R67g,relaxation,5,0,,2025-11-09 16:41:39,,,,en
e5fb8c9f-c18e-4561-8642-6f642d9e698d,A Google user,https://play-lh.googleusercontent.com/EGemoI2NTXmTsBVtJqk8jxF9rh8ApRWfsIMQSt2uE4OcpQqbFu7f7NbTK05lx80nuSijCz7sc3a277R67g,"no doubt very stimulating, I actually feel better after playing.",5,0,2.63.2,2025-11-09 16:29:00,,,2.63.2,en
63ff3fc5-2494-4d8b-916e-cd92ba14ffd3,A Google user,https://play-lh.googleusercontent.com/EGemoI2NTXmTsBVtJqk8jxF9rh8ApRWfsIMQSt2uE4OcpQqbFu7f7NbTK05lx80nuSijCz7sc3a277R67g,Nice game,5,0,2.64.3,2025-11-09 16:13:19,,,2.64.3,en
17c5766f-c30f-4f3f-811a-f46ecbadb733,A Google user,https://play-lh.googleusercontent.com/EGemoI2NTXmTsBVtJqk8jxF9rh8ApRWfsIMQSt2uE4OcpQqbFu7f7NbTK05lx80nuSijCz7sc3a277R67g,verry nice game mind free❤️ ❤️❤️❤️❤️❤️❤️❤️❤️❤️,5,0,2.64.3,2025-11-09 15:59:40,Thanks so much for your love! We’re thrilled the game helps you relax and unwind. We’ll keep it great for you! ❤️,2025-11-10 01:34:21,2.64.3,en
88807fb4-9b9f-4efe-8015-36d4e4bb81cb,A Google user,https://play-lh.googleusercontent.com/EGemoI2NTXmTsBVtJqk8jxF9rh8ApRWfsIMQSt2uE4OcpQqbFu7f7NbTK05lx80nuSijCz7sc3a277R67g,didn't get money on level 9. still playing without taking a single hints.,4,0,2.64.3,2025-11-09 15:51:59,"Hi there! 😊

✨ We’re sorry to inform you that our game does not currently involve any real-money rewards. Our focus is on providing a relaxing and enjoyable gaming experience for all players.",2025-11-10 01:36:50,2.64.3,en
a3f16aef-cdd3-4fde-918f-85a852b05097,A Google user,https://play-lh.googleusercontent.com/EGemoI2NTXmTsBVtJqk8jxF9rh8ApRWfsIMQSt2uE4OcpQqbFu7f7NbTK05lx80nuSijCz7sc3a277R67g,it's very nice game,5,0,2.65.0,2025-11-09 15:37:41,,,2.65.0,en
09b6463c-6202-43a6-b92d-dcea9b10875d,A Google user,https://play-lh.googleusercontent.com/EGemoI2NTXmTsBVtJqk8jxF9rh8ApRWfsIMQSt2uE4OcpQqbFu7f7NbTK05lx80nuSijCz7sc3a277R67g,"The game is good, but it shows TOO many ads, and the ads are TOO annoying. It shows the same ads again and again, before and after every puzzle, the ads have several steps you must pass, they force you to open Play Store and/or bug you with sound. Unacceptable, uninstalled!",2,0,2.62.2,2025-11-09 15:06:53,Hi! We’re truly sorry for the frustrating ad experience—repeats and forced steps are never our intent. We’re urgently optimizing ad frequency and reducing intrusive elements. Thank you for the detailed feedback—it’s key to fixing this!,2025-11-10 01:18:47,2.62.2,en
7ea0dfe8-7aca-40e8-809f-bd6ad996b75d,A Google user,https://play-lh.googleusercontent.com/EGemoI2NTXmTsBVtJqk8jxF9rh8ApRWfsIMQSt2uE4OcpQqbFu7f7NbTK05lx80nuSijCz7sc3a277R67g,I love it 100%,5,0,2.63.2,2025-11-09 15:00:47,,,2.63.2,en
3c44851c-c386-4d65-93c4-fad2d6a76811,A Google user,https://play-lh.googleusercontent.com/EGemoI2NTXmTsBVtJqk8jxF9rh8ApRWfsIMQSt2uE4OcpQqbFu7f7NbTK05lx80nuSijCz7sc3a277R67g,"Great game, very relaxing and keeps your mind sharp.y",5,0,,2025-11-09 14:58:54,,,,en
801880ab-e41a-4f96-ac7a-f41bc7389f94,A Google user,https://play-lh.googleusercontent.com/EGemoI2NTXmTsBVtJqk8jxF9rh8ApRWfsIMQSt2uE4OcpQqbFu7f7NbTK05lx80nuSijCz7sc3a277R67g,fun game play. ads are only between rounds which is not distracting at all,5,0,2.64.3,2025-11-09 14:51:35,,,2.64.3,en
517721be-53bd-47cc-9d83-8e021368f00e,A Google user,https://play-lh.googleusercontent.com/EGemoI2NTXmTsBVtJqk8jxF9rh8ApRWfsIMQSt2uE4OcpQqbFu7f7NbTK05lx80nuSijCz7sc3a277R67g,"I hope it works as you told me, meaning I can make good money after I win.",5,0,2.64.3,2025-11-09 14:49:52,,,2.64.3,en
6b71d2b6-5c02-49af-84ac-25dde41dcb8a,A Google user,https://play-lh.googleusercontent.com/EGemoI2NTXmTsBVtJqk8jxF9rh8ApRWfsIMQSt2uE4OcpQqbFu7f7NbTK05lx80nuSijCz7sc3a277R67g,addictive game,5,0,2.64.3,2025-11-09 14:46:51,,,2.64.3,en
b77de559-cc89-4c8e-9c5d-ce1cd122df16,A Google user,https://play-lh.googleusercontent.com/EGemoI2NTXmTsBVtJqk8jxF9rh8ApRWfsIMQSt2uE4OcpQqbFu7f7NbTK05lx80nuSijCz7sc3a277R67g,I'm really enjoying this game quite a bit.,5,0,2.64.3,2025-11-09 14:27:30,,,2.64.3,en
44f74dbf-60d5-458f-a474-7171017ff30f,A Google user,https://play-lh.googleusercontent.com/EGemoI2NTXmTsBVtJqk8jxF9rh8ApRWfsIMQSt2uE4OcpQqbFu7f7NbTK05lx80nuSijCz7sc3a277R67g,am enjoying the game,5,0,2.64.3,2025-11-09 14:23:27,,,2.64.3,en
226edc5b-f3c1-4b25-a355-0034ec51a6e9,A Google user,https://play-lh.googleusercontent.com/EGemoI2NTXmTsBVtJqk8jxF9rh8ApRWfsIMQSt2uE4OcpQqbFu7f7NbTK05lx80nuSijCz7sc3a277R67g,I was forced to download this game cuz it keeps popping up ads and won't let me opp out of it to get back to my w.w.f. game. this sucks 😞,1,0,2.64.3,2025-11-09 14:16:35,Hi! So sorry for the forced download from unclosable ads—we’ll fix this right away. Thanks for letting us know!,2025-11-10 01:21:38,2.64.3,en
b853567d-dd46-4fc4-8b4f-984b4f4d50e9,A Google user,https://play-lh.googleusercontent.com/EGemoI2NTXmTsBVtJqk8jxF9rh8ApRWfsIMQSt2uE4OcpQqbFu7f7NbTK05lx80nuSijCz7sc3a277R67g,This game is time pass and interesting 😁 and very ❤️‍🩹 well,5,0,2.65.0,2025-11-09 13:53:39,,,2.65.0,en
66fd5fc9-d73c-4e4e-b06a-eb56144b30af,A Google user,https://play-lh.googleusercontent.com/EGemoI2NTXmTsBVtJqk8jxF9rh8ApRWfsIMQSt2uE4OcpQqbFu7f7NbTK05lx80nuSijCz7sc3a277R67g,this game is relaxing and I love the background music.,5,0,2.64.3,2025-11-09 13:46:57,,,2.64.3,en
5954e72a-f7d1-4b06-a91c-0e3c66273ea2,A Google user,https://play-lh.googleusercontent.com/EGemoI2NTXmTsBVtJqk8jxF9rh8ApRWfsIMQSt2uE4OcpQqbFu7f7NbTK05lx80nuSijCz7sc3a277R67g,I like 👍 when the guy says good!,5,0,2.64.3,2025-11-09 13:45:18,,,2.64.3,en
36c6a6ad-4309-477b-81ad-16baa3b2491f,A Google user,https://play-lh.googleusercontent.com/EGemoI2NTXmTsBVtJqk8jxF9rh8ApRWfsIMQSt2uE4OcpQqbFu7f7NbTK05lx80nuSijCz7sc3a277R67g,great game.love it🤩,5,0,2.64.3,2025-11-09 13:40:39,,,2.64.3,en
a8895ec8-3618-4662-b362-f7343d9b1226,A Google user,https://play-lh.googleusercontent.com/EGemoI2NTXmTsBVtJqk8jxF9rh8ApRWfsIMQSt2uE4OcpQqbFu7f7NbTK05lx80nuSijCz7sc3a277R67g,Great for rhe brain,5,0,2.65.0,2025-11-09 13:33:54,,,2.65.0,en
a8c3f364-6c7d-4bc9-a4c7-b6ea8ed004da,A Google user,https://play-lh.googleusercontent.com/EGemoI2NTXmTsBVtJqk8jxF9rh8ApRWfsIMQSt2uE4OcpQqbFu7f7NbTK05lx80nuSijCz7sc3a277R67g,Fun & beneficial! Increasing your mind's agility!,5,0,,2025-11-09 13:22:27,,,,en
b973b0f0-d790-4ca7-8cc5-595028d830cc,A Google user,https://play-lh.googleusercontent.com/EGemoI2NTXmTsBVtJqk8jxF9rh8ApRWfsIMQSt2uE4OcpQqbFu7f7NbTK05lx80nuSijCz7sc3a277R67g,good game keeps me on high alert,3,0,2.64.3,2025-11-09 13:03:41,Hi! We’re stoked the game keeps you engaged and on your toes! We’ll keep refining the experience to maintain that excitement. Thanks for the awesome feedback!,2025-11-10 01:22:52,2.64.3,en
e7819663-cbd2-477e-948a-de57400f4a86,A Google user,https://play-lh.googleusercontent.com/EGemoI2NTXmTsBVtJqk8jxF9rh8ApRWfsIMQSt2uE4OcpQqbFu7f7NbTK05lx80nuSijCz7sc3a277R67g,"Generally ok, but the Royal Kingdom ads and those similar to it are way too long. Not worth my time.",2,0,,2025-11-09 12:55:51,"Hello! We're sorry to hear that the Royal Kingdom ads and similar ones are too long and not worth your time. We understand that this can be frustrating, and we're actively looking into ways to optimize the ad experience and reduce the length of such ads. Thank you for your feedback, and we'll do our best to improve this aspect of the game.",2025-11-10 01:25:23,,en
66f64f74-19b1-4505-9495-041195f248ba,A Google user,https://play-lh.googleusercontent.com/EGemoI2NTXmTsBVtJqk8jxF9rh8ApRWfsIMQSt2uE4OcpQqbFu7f7NbTK05lx80nuSijCz7sc3a277R67g,not what I expected after watching the video on Facebook,1,0,,2025-11-09 12:51:49,We’re sorry the game didn’t meet your expectations from the Facebook video! We’ll refine the game to match the promotion. Thanks for your honest feedback.,2025-11-10 01:26:42,,en
0bcce871-c780-486c-9638-77fd16860ce1,A Google user,https://play-lh.googleusercontent.com/EGemoI2NTXmTsBVtJqk8jxF9rh8ApRWfsIMQSt2uE4OcpQqbFu7f7NbTK05lx80nuSijCz7sc3a277R67g,it's very good,5,0,2.64.3,2025-11-09 12:33:05,,,2.64.3,en
360f8a09-d89f-48f2-ac6e-c38b7b81a6a4,A Google user,https://play-lh.googleusercontent.com/EGemoI2NTXmTsBVtJqk8jxF9rh8ApRWfsIMQSt2uE4OcpQqbFu7f7NbTK05lx80nuSijCz7sc3a277R67g,I loooooove this game so addictive!,5,0,2.64.3,2025-11-09 12:30:45,,,2.64.3,en
21560259-6a29-40d4-b1bc-37897712ec9d,A Google user,https://play-lh.googleusercontent.com/EGemoI2NTXmTsBVtJqk8jxF9rh8ApRWfsIMQSt2uE4OcpQqbFu7f7NbTK05lx80nuSijCz7sc3a277R67g,full of ads. lies completely on its own ads (of course) and to top it all off this game used to be a freebie with windows Vista . so you know you have a low bar when you charge for a free game from the 00s.,2,1,,2025-11-09 12:12:55,"We're very sorry that the game is full of ads and doesn't match the advertisement. You're right that the game was a freebie in Windows Vista, and we shouldn't have charged for it or misled you with the ad. We'll seriously consider your feedback, adjust the advertising strategy. Thank you for bringing this to our attention.",2025-11-10 01:29:12,,en
725c56d4-5116-433d-bb62-992868b6b29e,A Google user,https://play-lh.googleusercontent.com/EGemoI2NTXmTsBVtJqk8jxF9rh8ApRWfsIMQSt2uE4OcpQqbFu7f7NbTK05lx80nuSijCz7sc3a277R67g,I like this game,5,0,2.64.3,2025-11-09 11:57:12,,,2.64.3,en
b66e61b5-3c4e-40da-bcc2-1d249213a423,A Google user,https://play-lh.googleusercontent.com/EGemoI2NTXmTsBVtJqk8jxF9rh8ApRWfsIMQSt2uE4OcpQqbFu7f7NbTK05lx80nuSijCz7sc3a277R67g,it's relaxing and mind relieving takes away things you worry about for a min it's just soothing,5,0,,2025-11-09 11:56:22,,,,en
6157f8fb-3878-452e-95ad-05e167deb8df,A Google user,https://play-lh.googleusercontent.com/EGemoI2NTXmTsBVtJqk8jxF9rh8ApRWfsIMQSt2uE4OcpQqbFu7f7NbTK05lx80nuSijCz7sc3a277R67g,very nice game is protect is bahut bahut achcha hai,5,0,,2025-11-09 11:48:35,,,,en
0a6f4d69-d917-46c7-a22e-dd501378e416,A Google user,https://play-lh.googleusercontent.com/EGemoI2NTXmTsBVtJqk8jxF9rh8ApRWfsIMQSt2uE4OcpQqbFu7f7NbTK05lx80nuSijCz7sc3a277R67g,fast moving with lots of cool tiles.,5,0,2.64.3,2025-11-09 11:46:33,,,2.64.3,en
69797c55-d912-409c-9f1b-74538f774c06,A Google user,https://play-lh.googleusercontent.com/EGemoI2NTXmTsBVtJqk8jxF9rh8ApRWfsIMQSt2uE4OcpQqbFu7f7NbTK05lx80nuSijCz7sc3a277R67g,the game is fun everybody come join me let have a fun,5,0,2.64.1,2025-11-09 11:11:39,,,2.64.1,en
11684d32-17d5-48ee-abdb-13430d0fb442,A Google user,https://play-lh.googleusercontent.com/EGemoI2NTXmTsBVtJqk8jxF9rh8ApRWfsIMQSt2uE4OcpQqbFu7f7NbTK05lx80nuSijCz7sc3a277R67g,very interesting game and I enjoyed it 😀 👍,5,0,2.64.3,2025-11-09 11:09:25,,,2.64.3,en
c843d7da-0bfd-43d1-a12e-08105fe6ffb3,A Google user,https://play-lh.googleusercontent.com/EGemoI2NTXmTsBVtJqk8jxF9rh8ApRWfsIMQSt2uE4OcpQqbFu7f7NbTK05lx80nuSijCz7sc3a277R67g,good reply of the game memory to keep the brain into the rhythm of the solve a playful of checked dice ace if you can for fun.,5,0,2.64.3,2025-11-09 10:44:28,,,2.64.3,en
c9b124d0-2572-4fc9-9969-68308049f05e,A Google user,https://play-lh.googleusercontent.com/EGemoI2NTXmTsBVtJqk8jxF9rh8ApRWfsIMQSt2uE4OcpQqbFu7f7NbTK05lx80nuSijCz7sc3a277R67g,Frustrating game when you are a winner consistently on the daily competition and have lots of shuffles. For hard games I mainly get 2 to 4 points and the occasional 8 when I shuffle so its a hard slog and not enjoyable when you are given games one after the other that you cant win and I think these glitches take away the fun. Why do they give you more points for a shuffle than a redo of the game. Also why are you doing flashing ads at the bottom of the game while playing. Please remove this.,1,2,2.64.3,2025-11-09 10:37:30,We appreciate your dedication to the daily competition 🎯. We understand how frustrating low points and unwinnable games can feel. We’ll review scoring rules and game balance to ensure fair challenges and keep the competition fun for all players ❤️.,2025-11-04 07:03:47,2.64.3,en
32416e8b-8f1f-4c0d-8dbf-eaf96f6dc655,A Google user,https://play-lh.googleusercontent.com/EGemoI2NTXmTsBVtJqk8jxF9rh8ApRWfsIMQSt2uE4OcpQqbFu7f7NbTK05lx80nuSijCz7sc3a277R67g,"loved the game, but as you get on way too many adverts, especially ones you can't get out of without restarting the game. Gets to be very annoying when it's every level so I've unistalled it",4,0,,2025-11-09 10:24:28,,,,en
ce9c95d6-2e69-43ad-8533-7ad97703dfc9,A Google user,https://play-lh.googleusercontent.com/EGemoI2NTXmTsBVtJqk8jxF9rh8ApRWfsIMQSt2uE4OcpQqbFu7f7NbTK05lx80nuSijCz7sc3a277R67g,love this game. stimulating and interesting.,5,0,2.64.3,2025-11-09 09:51:59,,,2.64.3,en
11e0a835-2638-4627-8684-1b4f6bc185d6,A Google user,https://play-lh.googleusercontent.com/EGemoI2NTXmTsBVtJqk8jxF9rh8ApRWfsIMQSt2uE4OcpQqbFu7f7NbTK05lx80nuSijCz7sc3a277R67g,very interesting,5,0,2.65.0,2025-11-09 09:41:30,,,2.65.0,en
7576e671-54ed-4077-a08f-d616766819e5,A Google user,https://play-lh.googleusercontent.com/EGemoI2NTXmTsBVtJqk8jxF9rh8ApRWfsIMQSt2uE4OcpQqbFu7f7NbTK05lx80nuSijCz7sc3a277R67g,I love the complex symbols that make the game more challenging:),5,0,2.64.3,2025-11-09 09:39:24,,,2.64.3,en
444030f0-ec52-4ac2-b88c-039987500487,A Google user,https://play-lh.googleusercontent.com/EGemoI2NTXmTsBVtJqk8jxF9rh8ApRWfsIMQSt2uE4OcpQqbFu7f7NbTK05lx80nuSijCz7sc3a277R67g,"Update - well now, the games have been shortened so much by 'breakthroughs', when all the tiles match so game finished that the percentage of ads to game play is about 80/20% at most. It seems as if the games are shortened and the ads have minimum 7 second countdowns to ensure that players spend more time on ads than playing... And the developers obviously do not pay attention to updated reviews - their last response was in April.",1,6,2.64.3,2025-11-09 09:36:40,"We truly apologize for the overwhelming ads. We understand it's ruining the experience and are urgently working to reduce ad frequency, especially the Temu ones. Please give us a bit more time to fix this—we want you to enjoy the game!",2025-06-24 01:41:33,2.64.3,en
e81c2689-2d1f-4bf5-8c64-fd6bf324d885,A Google user,https://play-lh.googleusercontent.com/EGemoI2NTXmTsBVtJqk8jxF9rh8ApRWfsIMQSt2uE4OcpQqbFu7f7NbTK05lx80nuSijCz7sc3a277R67g,uninstalling App because of uncomfortable ads like Happy screw trip ASMR worst ads have ever seen made me uncomfortable,2,0,2.65.0,2025-11-09 09:25:06,"We're sorry to hear that the ads in the app have made you uncomfortable and led you to uninstall it. The ad for ""Happy screw trip ASMR"" certainly doesn't meet our standards, and we're taking steps to review and improve our ad content to ensure a better user experience. Thank you for taking the time to let us know about this issue.",2025-11-10 01:33:42,2.65.0,en
bca5fb2d-72ad-4427-b14d-c2521208234d,A Google user,https://play-lh.googleusercontent.com/EGemoI2NTXmTsBVtJqk8jxF9rh8ApRWfsIMQSt2uE4OcpQqbFu7f7NbTK05lx80nuSijCz7sc3a277R67g,relaxing game 😊,5,0,2.64.3,2025-11-09 09:08:24,,,2.64.3,en
49230ec8-d081-4ea6-ab28-aea75b57ce16,A Google user,https://play-lh.googleusercontent.com/EGemoI2NTXmTsBVtJqk8jxF9rh8ApRWfsIMQSt2uE4OcpQqbFu7f7NbTK05lx80nuSijCz7sc3a277R67g,good and I enjoyed,5,0,2.64.3,2025-11-09 09:02:10,,,2.64.3,en
c24363f7-5df2-4b5e-99ce-9c825dea4325,A Google user,https://play-lh.googleusercontent.com/EGemoI2NTXmTsBVtJqk8jxF9rh8ApRWfsIMQSt2uE4OcpQqbFu7f7NbTK05lx80nuSijCz7sc3a277R67g,"it keeps on appearing when I play my words of fugo wonders game,and it disturbs me a lot.",1,0,,2025-11-09 08:59:05,,,,en
e498ba8d-8085-4cfa-82fc-8f8d23c915ba,A Google user,https://play-lh.googleusercontent.com/EGemoI2NTXmTsBVtJqk8jxF9rh8ApRWfsIMQSt2uE4OcpQqbFu7f7NbTK05lx80nuSijCz7sc3a277R67g,"they changed the tiles, feels like playing a small childs game not mahjong at all",1,1,,2025-11-09 08:56:39,,,,en
6f3c61ab-7418-4473-b735-f167049680a8,A Google user,https://play-lh.googleusercontent.com/EGemoI2NTXmTsBVtJqk8jxF9rh8ApRWfsIMQSt2uE4OcpQqbFu7f7NbTK05lx80nuSijCz7sc3a277R67g,relaxing and challenging game. beautiful graphics,5,0,2.64.3,2025-11-09 08:52:37,,,2.64.3,en
ed6317d4-432c-43ae-ae52-ff501898c8ef,A Google user,https://play-lh.googleusercontent.com/EGemoI2NTXmTsBVtJqk8jxF9rh8ApRWfsIMQSt2uE4OcpQqbFu7f7NbTK05lx80nuSijCz7sc3a277R67g,"It is very interesting and enjoyable, thanks to the Developer.",5,0,2.64.3,2025-11-09 08:41:30,,,2.64.3,en
226b1a56-fa53-4c59-b4c4-ca3042fc4425,A Google user,https://play-lh.googleusercontent.com/EGemoI2NTXmTsBVtJqk8jxF9rh8ApRWfsIMQSt2uE4OcpQqbFu7f7NbTK05lx80nuSijCz7sc3a277R67g,I absolutely this game I had brain surgery in 2003 so I play games to keep my brain sharp,5,1,2.64.3,2025-11-09 08:39:09,,,2.64.3,en
e7ab0e02-074c-4240-b9c8-d9d9137a83f7,A Google user,https://play-lh.googleusercontent.com/EGemoI2NTXmTsBVtJqk8jxF9rh8ApRWfsIMQSt2uE4OcpQqbFu7f7NbTK05lx80nuSijCz7sc3a277R67g,"Love this game! It's very satisfying to play, the background soundtrack is soothing and I also love the click of the tiles. The tiles are clear and of a good size too",5,0,2.64.3,2025-11-09 08:38:19,,,2.64.3,en
9799e404-917e-4b89-86b9-1b6c5e39bc45,A Google user,https://play-lh.googleusercontent.com/EGemoI2NTXmTsBVtJqk8jxF9rh8ApRWfsIMQSt2uE4OcpQqbFu7f7NbTK05lx80nuSijCz7sc3a277R67g,MAKES YA THINK!!!,5,0,2.65.0,2025-11-09 08:34:37,,,2.65.0,en
a8820e7b-b87e-4928-a251-1a6c9582ba54,A Google user,https://play-lh.googleusercontent.com/EGemoI2NTXmTsBVtJqk8jxF9rh8ApRWfsIMQSt2uE4OcpQqbFu7f7NbTK05lx80nuSijCz7sc3a277R67g,very interesting,5,0,2.64.3,2025-11-09 08:32:49,,,2.64.3,en
4cbbfdc8-d8ec-4150-9116-a9a3d3e13574,A Google user,https://play-lh.googleusercontent.com/EGemoI2NTXmTsBVtJqk8jxF9rh8ApRWfsIMQSt2uE4OcpQqbFu7f7NbTK05lx80nuSijCz7sc3a277R67g,Nothing like the Facebook ad,1,0,2.64.3,2025-11-09 08:30:19,,,2.64.3,en
84044d27-053f-4a3d-89c9-2e99c70d54ab,A Google user,https://play-lh.googleusercontent.com/EGemoI2NTXmTsBVtJqk8jxF9rh8ApRWfsIMQSt2uE4OcpQqbFu7f7NbTK05lx80nuSijCz7sc3a277R67g,Very smooth Mahjong game. Thank you ❤️,5,0,2.64.3,2025-11-09 08:27:14,,,2.64.3,en
a7fabcf5-5b9d-4582-860a-8b7e8dcd1a07,A Google user,https://play-lh.googleusercontent.com/EGemoI2NTXmTsBVtJqk8jxF9rh8ApRWfsIMQSt2uE4OcpQqbFu7f7NbTK05lx80nuSijCz7sc3a277R67g,the game is good,5,0,2.64.3,2025-11-09 08:25:35,,,2.64.3,en
b2dd255d-fb93-4727-9888-d15ce221f3f6,A Google user,https://play-lh.googleusercontent.com/EGemoI2NTXmTsBVtJqk8jxF9rh8ApRWfsIMQSt2uE4OcpQqbFu7f7NbTK05lx80nuSijCz7sc3a277R67g,I love this game! I am back baby what it do.,5,0,,2025-11-09 08:20:56,,,,en
34b0effc-6c2b-4cbd-a5eb-dae0d24ce671,A Google user,https://play-lh.googleusercontent.com/EGemoI2NTXmTsBVtJqk8jxF9rh8ApRWfsIMQSt2uE4OcpQqbFu7f7NbTK05lx80nuSijCz7sc3a277R67g,"Great game, heavily ads, crash game even. Best to play it offline, crash too sometimes, but no boring ads.",1,0,2.64.3,2025-11-09 08:20:02,,,2.64.3,en
e888741b-bb7a-4480-b2d2-a90c6bb89193,A Google user,https://play-lh.googleusercontent.com/EGemoI2NTXmTsBVtJqk8jxF9rh8ApRWfsIMQSt2uE4OcpQqbFu7f7NbTK05lx80nuSijCz7sc3a277R67g,Very good for time pas,5,0,2.64.3,2025-11-09 08:14:17,,,2.64.3,en
0d3c01dd-0ea5-442b-b252-23d9b11ad225,A Google user,https://play-lh.googleusercontent.com/EGemoI2NTXmTsBVtJqk8jxF9rh8ApRWfsIMQSt2uE4OcpQqbFu7f7NbTK05lx80nuSijCz7sc3a277R67g,I would get this app five stars but lately it's been freezing up and I have had to uninstall it and reinstall so many times can you please fix this problem for me,2,0,,2025-11-09 08:14:01,,,,en
133b70ee-4acf-4cd2-a2c1-7da12aa87d27,A Google user,https://play-lh.googleusercontent.com/EGemoI2NTXmTsBVtJqk8jxF9rh8ApRWfsIMQSt2uE4OcpQqbFu7f7NbTK05lx80nuSijCz7sc3a277R67g,Marvelous I love it,5,0,2.64.3,2025-11-09 07:33:00,,,2.64.3,en
dccb998c-d9fc-427c-95da-20ebb0cc9838,A Google user,https://play-lh.googleusercontent.com/EGemoI2NTXmTsBVtJqk8jxF9rh8ApRWfsIMQSt2uE4OcpQqbFu7f7NbTK05lx80nuSijCz7sc3a277R67g,very good game mind very sharp 🪒🪒😁😁,5,0,2.64.3,2025-11-09 07:23:21,,,2.64.3,en
de2d3f48-237b-4e5c-a5a0-88984ef4d06f,A Google user,https://play-lh.googleusercontent.com/EGemoI2NTXmTsBVtJqk8jxF9rh8ApRWfsIMQSt2uE4OcpQqbFu7f7NbTK05lx80nuSijCz7sc3a277R67g,This is an interesting game. I play it to release stress everyday.,5,0,2.60.3,2025-11-09 07:10:23,,,2.60.3,en
01f93677-fabd-4897-9bb1-a91d0c1e9b3e,A Google user,https://play-lh.googleusercontent.com/EGemoI2NTXmTsBVtJqk8jxF9rh8ApRWfsIMQSt2uE4OcpQqbFu7f7NbTK05lx80nuSijCz7sc3a277R67g,it's amazing games I love it🥰,5,0,2.64.3,2025-11-09 07:09:59,,,2.64.3,en
ca4e4795-3b24-4cec-9392-c740b1434e5b,A Google user,https://play-lh.googleusercontent.com/EGemoI2NTXmTsBVtJqk8jxF9rh8ApRWfsIMQSt2uE4OcpQqbFu7f7NbTK05lx80nuSijCz7sc3a277R67g,five star is good,5,0,2.64.3,2025-11-09 06:56:47,,,2.64.3,en
8a42d8a9-1d3f-426d-9bc4-552a4a28d2e5,A Google user,https://play-lh.googleusercontent.com/EGemoI2NTXmTsBVtJqk8jxF9rh8ApRWfsIMQSt2uE4OcpQqbFu7f7NbTK05lx80nuSijCz7sc3a277R67g,"I am very unhappy that the fault of "" loading please wait comes up all the time now. Most irritating. Please clear this glitch",3,0,2.64.3,2025-11-09 06:53:52,,,2.64.3,en
7ace0800-c11b-4ad2-bf4c-57b064b7a89c,A Google user,https://play-lh.googleusercontent.com/EGemoI2NTXmTsBVtJqk8jxF9rh8ApRWfsIMQSt2uE4OcpQqbFu7f7NbTK05lx80nuSijCz7sc3a277R67g,plays well. Each session can be done in 2 or 3 minutes or under 1 minute with practice. I am at game 7000 and have won first place in many daily challenges. Only comment is the icons for scramble and show move are too close to the playing field and I often click them accidentally during play. OK NOW BAD. I am just past game 7000 and every session contains 10 or so blank colored tiles that I need to match with regular tiles. I was enjoying the normal game but this just sucks.,5,34,2.64.3,2025-11-09 06:43:36,,,2.64.3,en
9e1c6cbd-2da3-44e2-9fff-ab43df73d6df,A Google user,https://play-lh.googleusercontent.com/EGemoI2NTXmTsBVtJqk8jxF9rh8ApRWfsIMQSt2uE4OcpQqbFu7f7NbTK05lx80nuSijCz7sc3a277R67g,"Yea it's fun & challenging BUT crashes constantly. No matter what type of ad...game or products, it will often take you to Google Play. This happens at the end of each game & after clicking on all the necessary arrows, etc., it takes you out of the game and then back to the Home screen thereby LOSING ALL of your rewards. The makers of this game need to rework the algorithms. Screen pics show nothing bc you can NOT go back to show each previous screen.I give up, Uninstalling!!!",1,10,2.65.0,2025-11-09 06:42:11,"We’re very sorry for the trouble you’ve experienced. This ad issue has already been fixed, but if you still encounter it, please contact our in‑game feedback support — we can share a demo video showing how to correctly close ads to avoid the problem. Thank you for your patience and for playing!",2025-11-03 02:49:25,2.65.0,en
a7b4313b-d022-48fa-b0b6-92581c2695bb,A Google user,https://play-lh.googleusercontent.com/EGemoI2NTXmTsBVtJqk8jxF9rh8ApRWfsIMQSt2uE4OcpQqbFu7f7NbTK05lx80nuSijCz7sc3a277R67g,Playing Vita Mahjong is lot's of fun and I enjoy it,5,0,2.64.3,2025-11-09 06:08:37,,,2.64.3,en
7f68689f-a261-4dfe-ac32-7d43d8d14c10,A Google user,https://play-lh.googleusercontent.com/EGemoI2NTXmTsBVtJqk8jxF9rh8ApRWfsIMQSt2uE4OcpQqbFu7f7NbTK05lx80nuSijCz7sc3a277R67g,very relaxing but also challenging.,5,0,2.64.3,2025-11-09 05:58:57,,,2.64.3,en
b58f77f3-5093-480d-8548-c5fcaa4eae75,A Google user,https://play-lh.googleusercontent.com/EGemoI2NTXmTsBVtJqk8jxF9rh8ApRWfsIMQSt2uE4OcpQqbFu7f7NbTK05lx80nuSijCz7sc3a277R67g,"I downloaded the game based on an ad from another game. It looked like it was going to be a stacking tower, and it looked like a lot of fun. Super disappointed that this is just another version of traditional Mahjong, as I already have that app on my phone. I don't understand why game developers have to be so deceiving. It's extremely annoying.",1,0,2.64.3,2025-11-09 05:41:25,"We’re sorry the ad gave you the wrong impression — that’s definitely not the experience we want players to have. The current gameplay is indeed a classic Mahjong-style design, not a stacking tower game. We’ve forwarded your feedback to the ad team to help make future promotions clearer.",2025-11-09 23:21:32,2.64.3,en
b1758706-e233-4725-b859-59a497a58175,A Google user,https://play-lh.googleusercontent.com/EGemoI2NTXmTsBVtJqk8jxF9rh8ApRWfsIMQSt2uE4OcpQqbFu7f7NbTK05lx80nuSijCz7sc3a277R67g,this when it's coming the time to reach goal it's stop by the creator this is fake offer,2,0,,2025-11-09 05:37:15,Sorry for the unpleasant experience. Could you please tell us more about what happened when you tried to reach the goal? We’d like to look into it and make sure everything runs properly.,2025-11-09 23:23:14,,en
2404b36c-8ab5-4377-9eed-92f258cd0cba,A Google user,https://play-lh.googleusercontent.com/EGemoI2NTXmTsBVtJqk8jxF9rh8ApRWfsIMQSt2uE4OcpQqbFu7f7NbTK05lx80nuSijCz7sc3a277R67g,The game is completely different than shown in the images on the app store and in advertisements.,1,0,2.64.3,2025-11-09 05:35:41,"Sorry to hear that your experience didn’t match what you expected. The ads are meant to highlight different gameplay moments, but the actual core gameplay is as shown in the app store screenshots. We appreciate your feedback and will pass it on to the team to improve future promotions.",2025-11-09 23:23:57,2.64.3,en
eca679a9-f259-4370-ad06-fe0b4a9be8a3,A Google user,https://play-lh.googleusercontent.com/EGemoI2NTXmTsBVtJqk8jxF9rh8ApRWfsIMQSt2uE4OcpQqbFu7f7NbTK05lx80nuSijCz7sc3a277R67g,Cool,5,0,,2025-11-09 05:29:51,,,,en
6b2fef66-2593-452b-a3e8-40d4712312c4,A Google user,https://play-lh.googleusercontent.com/EGemoI2NTXmTsBVtJqk8jxF9rh8ApRWfsIMQSt2uE4OcpQqbFu7f7NbTK05lx80nuSijCz7sc3a277R67g,Addictive,5,0,2.65.0,2025-11-09 05:25:59,,,2.65.0,en
e2a26492-7a57-4ddc-9beb-f3cec3fc90b2,A Google user,https://play-lh.googleusercontent.com/EGemoI2NTXmTsBVtJqk8jxF9rh8ApRWfsIMQSt2uE4OcpQqbFu7f7NbTK05lx80nuSijCz7sc3a277R67g,needs to be a little more challenging but over all pretty fun.,4,0,2.64.3,2025-11-09 05:12:41,,,2.64.3,en
27679f32-1053-448f-bdde-37dd0e12995c,A Google user,https://play-lh.googleusercontent.com/EGemoI2NTXmTsBVtJqk8jxF9rh8ApRWfsIMQSt2uE4OcpQqbFu7f7NbTK05lx80nuSijCz7sc3a277R67g,addictive and entertaining.,5,0,2.64.3,2025-11-09 05:06:39,,,2.64.3,en
07561d61-f6bb-4271-b87a-447e8e457c83,A Google user,https://play-lh.googleusercontent.com/EGemoI2NTXmTsBVtJqk8jxF9rh8ApRWfsIMQSt2uE4OcpQqbFu7f7NbTK05lx80nuSijCz7sc3a277R67g,nothing like the ads deleted,1,0,2.64.3,2025-11-09 05:01:16,Thanks for the feedback. The gameplay might differ from some ads because those are often designed to highlight certain elements in a creative way. We’ll keep working to make the experience clearer and more enjoyable for everyone.,2025-11-09 23:26:33,2.64.3,en
1fcd00fd-8228-4dcf-8268-df0ffa537e14,A Google user,https://play-lh.googleusercontent.com/EGemoI2NTXmTsBVtJqk8jxF9rh8ApRWfsIMQSt2uE4OcpQqbFu7f7NbTK05lx80nuSijCz7sc3a277R67g,sure fantastic game try it you will be msilling any time,1,0,2.64.3,2025-11-09 04:58:36,,,2.64.3,en
720224fb-4f9c-4981-b580-722d7a80a594,A Google user,https://play-lh.googleusercontent.com/EGemoI2NTXmTsBVtJqk8jxF9rh8ApRWfsIMQSt2uE4OcpQqbFu7f7NbTK05lx80nuSijCz7sc3a277R67g,I enjoyed playing this game..,5,0,,2025-11-09 04:42:20,,,,en
69793be5-6fac-4142-a11e-6e305bdb5b38,A Google user,https://play-lh.googleusercontent.com/EGemoI2NTXmTsBVtJqk8jxF9rh8ApRWfsIMQSt2uE4OcpQqbFu7f7NbTK05lx80nuSijCz7sc3a277R67g,very Enjoyable and Mind Relaxing with no pressure,5,0,2.64.3,2025-11-09 04:38:46,,,2.64.3,en
47d9e701-7836-435a-ad2d-3b7050980aeb,A Google user,https://play-lh.googleusercontent.com/EGemoI2NTXmTsBVtJqk8jxF9rh8ApRWfsIMQSt2uE4OcpQqbFu7f7NbTK05lx80nuSijCz7sc3a277R67g,nice way to get you sleepy,5,0,2.65.0,2025-11-09 04:33:59,,,2.65.0,en
1c806753-4245-40d4-a829-d0b0552c85a0,A Google user,https://play-lh.googleusercontent.com/EGemoI2NTXmTsBVtJqk8jxF9rh8ApRWfsIMQSt2uE4OcpQqbFu7f7NbTK05lx80nuSijCz7sc3a277R67g,"I started playing Mahjong many years ago, I've always enjoyed it and now that it's gone digital and mobile I find it even more enjoyable. This version is easy on the eyes and the colors are brilliant. If you enjoy Mahjong, I recommend you try out this app and enjoy it with the appreciation I do. What are you all waiting for, go to the play store and download now!!👍👍",5,2,2.64.3,2025-11-09 04:28:50,,,2.64.3,en
2c1e3c6c-f000-41c4-94e7-659b2439af99,A Google user,https://play-lh.googleusercontent.com/EGemoI2NTXmTsBVtJqk8jxF9rh8ApRWfsIMQSt2uE4OcpQqbFu7f7NbTK05lx80nuSijCz7sc3a277R67g,Good but not outstanding,5,0,2.64.3,2025-11-09 04:22:57,,,2.64.3,en
2d89691d-9397-499c-a643-c3e583d2e2c2,A Google user,https://play-lh.googleusercontent.com/EGemoI2NTXmTsBVtJqk8jxF9rh8ApRWfsIMQSt2uE4OcpQqbFu7f7NbTK05lx80nuSijCz7sc3a277R67g,Great,5,0,2.65.0,2025-11-09 04:09:32,,,2.65.0,en
e2aa3b0a-1522-4dd3-853c-827be09bf51e,A Google user,https://play-lh.googleusercontent.com/EGemoI2NTXmTsBVtJqk8jxF9rh8ApRWfsIMQSt2uE4OcpQqbFu7f7NbTK05lx80nuSijCz7sc3a277R67g,Fun and fast! Great for seniors!,5,0,2.64.3,2025-11-09 04:05:03,,,2.64.3,en
55256041-94ee-44dd-bda6-3ebfa2f5463a,A Google user,https://play-lh.googleusercontent.com/EGemoI2NTXmTsBVtJqk8jxF9rh8ApRWfsIMQSt2uE4OcpQqbFu7f7NbTK05lx80nuSijCz7sc3a277R67g,"I love the game. I have over 80 wins since I began playing. I am down to 8 shuffles and will soon be deleting the game because I haven't been getting shuffles added because the screen is blank when there should be an ad. Thank you, a very frustrated player.",4,0,2.64.3,2025-11-09 03:47:46,,,2.64.3,en
cf9c5be6-4e0b-4fd1-bf54-48bc1c3ae846,A Google user,https://play-lh.googleusercontent.com/EGemoI2NTXmTsBVtJqk8jxF9rh8ApRWfsIMQSt2uE4OcpQqbFu7f7NbTK05lx80nuSijCz7sc3a277R67g,"very addictive, very enjoyable",5,0,2.65.0,2025-11-09 03:20:42,,,2.65.0,en
1737be3c-9db4-4edb-a847-62830df670b1,A Google user,https://play-lh.googleusercontent.com/EGemoI2NTXmTsBVtJqk8jxF9rh8ApRWfsIMQSt2uE4OcpQqbFu7f7NbTK05lx80nuSijCz7sc3a277R67g,ist perfect Game and smoothly going on I'm Interested.,5,0,2.64.3,2025-11-09 03:12:08,,,2.64.3,en
8a5601de-b37c-43ed-8947-e6363b594932,A Google user,https://play-lh.googleusercontent.com/EGemoI2NTXmTsBVtJqk8jxF9rh8ApRWfsIMQSt2uE4OcpQqbFu7f7NbTK05lx80nuSijCz7sc3a277R67g,Nice brain activity and time killer.,5,0,,2025-11-09 03:04:29,,,,en
8215aca2-4df4-4bfe-81d9-3f20806e4663,A Google user,https://play-lh.googleusercontent.com/EGemoI2NTXmTsBVtJqk8jxF9rh8ApRWfsIMQSt2uE4OcpQqbFu7f7NbTK05lx80nuSijCz7sc3a277R67g,"I recently did an update via the Google Play Store as it prompted me for an update. After the update was completed I lost all of my ""wins"" and my level completion went backwards and some of my badges were lost. on November 6th, I sent an email to the tech support email and no reply not even an acknowledgement that Vita Studios received my email. Another email was sent on November 7th and to date no reply. Needless to say there is no customer service and no attention to customers.",2,0,2.64.3,2025-11-09 02:54:47,"We apologize for the inconvenience. Email responses may be delayed, so we recommend submitting your issue through the in-game customer support. We'll promptly assist you in recovering your progress.",2025-11-09 23:31:28,2.64.3,en
af15ed49-8ceb-4c94-92b5-1a4be6ec5c35,A Google user,https://play-lh.googleusercontent.com/EGemoI2NTXmTsBVtJqk8jxF9rh8ApRWfsIMQSt2uE4OcpQqbFu7f7NbTK05lx80nuSijCz7sc3a277R67g,Very refreshing game. Gets your mind working.,5,0,2.65.0,2025-11-09 02:35:33,,,2.65.0,en
1dbcd7c5-bb1f-4c98-906e-63b0112bf954,A Google user,https://play-lh.googleusercontent.com/EGemoI2NTXmTsBVtJqk8jxF9rh8ApRWfsIMQSt2uE4OcpQqbFu7f7NbTK05lx80nuSijCz7sc3a277R67g,"On my phone I get a true depiction of the game in the screenshots, but on my tablet the game is shown as a revolving cylinder. What's going on? I don't want to waste time downloading something that is not the game shown in the examples.",1,0,2.64.3,2025-11-09 02:35:31,"The game display may vary depending on the device. On tablets, it can appear as a revolving cylinder to better fit the screen, while on phones it shows the standard layout. Rest assured, the gameplay remains the same, and the core game shown in the screenshots is accurate.",2025-11-09 23:32:07,2.64.3,en
e13aeeff-e5dd-445a-8e72-61aa41494579,A Google user,https://play-lh.googleusercontent.com/EGemoI2NTXmTsBVtJqk8jxF9rh8ApRWfsIMQSt2uE4OcpQqbFu7f7NbTK05lx80nuSijCz7sc3a277R67g,"there is no option to pay to remove ads in the settings, please fix. good and fun game. I will edit to 5 stars once you are willing to take my money to get rid of annoying ads",4,0,2.65.0,2025-11-09 02:34:40,,,2.65.0,en
68660dd4-355e-4543-ad8a-77919cdae529,A Google user,https://play-lh.googleusercontent.com/EGemoI2NTXmTsBVtJqk8jxF9rh8ApRWfsIMQSt2uE4OcpQqbFu7f7NbTK05lx80nuSijCz7sc3a277R67g,Its very addictive,5,0,2.64.3,2025-11-09 02:33:58,,,2.64.3,en
4931bc9c-901d-459b-b38f-45d0508d1765,A Google user,https://play-lh.googleusercontent.com/EGemoI2NTXmTsBVtJqk8jxF9rh8ApRWfsIMQSt2uE4OcpQqbFu7f7NbTK05lx80nuSijCz7sc3a277R67g,fun brain work,5,0,2.64.3,2025-11-09 02:33:15,,,2.64.3,en
51366108-2920-4a19-a748-9fee1e2712ff,A Google user,https://play-lh.googleusercontent.com/EGemoI2NTXmTsBVtJqk8jxF9rh8ApRWfsIMQSt2uE4OcpQqbFu7f7NbTK05lx80nuSijCz7sc3a277R67g,"Haven't downloaded, but ad is misleading. States, ""received as a Christmas gift, then later states it is free. Oops!",1,0,,2025-11-09 02:32:44,"It looks like the advertisement might be confusing. The game is free to download, but the ad may have presented it in a way that made it seem like a gift or special offer. You can still try the actual game to see the real experience—sometimes ads emphasize promotions in ways that aren’t entirely accurate.",2025-11-09 23:30:07,,en
a9082f83-6850-488a-8712-961d2f83aebf,A Google user,https://play-lh.googleusercontent.com/EGemoI2NTXmTsBVtJqk8jxF9rh8ApRWfsIMQSt2uE4OcpQqbFu7f7NbTK05lx80nuSijCz7sc3a277R67g,fun and entertaining game.,5,0,2.64.3,2025-11-09 02:05:03,,,2.64.3,en
d4d1cba6-81ce-41b2-b812-c3b2fc150ecd,A Google user,https://play-lh.googleusercontent.com/EGemoI2NTXmTsBVtJqk8jxF9rh8ApRWfsIMQSt2uE4OcpQqbFu7f7NbTK05lx80nuSijCz7sc3a277R67g,I have been enjoying the game since I paid for the ad free version. however now there has been an update I guess and the tiles that are zodiac signs are way too intricate and mess with my eyesight is there a way to get back to the simple tiles that I had? I tried all of the tile themes,3,2,2.64.3,2025-11-09 02:03:48,We're sorry to hear you're having issues. We're currently investigating the matchmaking problem and the issue of rewards not being credited. Please contact our in-game customer service support so that we can resolve this for you faster. Thank you for your patience!,2025-05-15 02:14:33,2.64.3,en
98f9cc41-535c-4e6f-b814-d722f735d85b,A Google user,https://play-lh.googleusercontent.com/EGemoI2NTXmTsBVtJqk8jxF9rh8ApRWfsIMQSt2uE4OcpQqbFu7f7NbTK05lx80nuSijCz7sc3a277R67g,picking the right picture and having a great time,5,0,2.64.3,2025-11-09 01:45:22,,,2.64.3,en
7321e752-2ff5-415b-a78f-36b0ae0b61e8,A Google user,https://play-lh.googleusercontent.com/EGemoI2NTXmTsBVtJqk8jxF9rh8ApRWfsIMQSt2uE4OcpQqbFu7f7NbTK05lx80nuSijCz7sc3a277R67g,thumb up! 🙂🙂👍🏾👍🏾,5,0,,2025-11-09 01:43:36,,,,en
7843e402-c2ac-43f4-9746-f6903ec20703,A Google user,https://play-lh.googleusercontent.com/EGemoI2NTXmTsBVtJqk8jxF9rh8ApRWfsIMQSt2uE4OcpQqbFu7f7NbTK05lx80nuSijCz7sc3a277R67g,Great Game,5,0,2.64.3,2025-11-09 01:28:22,,,2.64.3,en
acf2b43e-6bff-44b5-ae69-93f73b0c8f56,A Google user,https://play-lh.googleusercontent.com/EGemoI2NTXmTsBVtJqk8jxF9rh8ApRWfsIMQSt2uE4OcpQqbFu7f7NbTK05lx80nuSijCz7sc3a277R67g,best and sharp game,5,0,2.64.3,2025-11-09 01:23:48,,,2.64.3,en
8a53635d-6b3b-4dfc-b182-c44bdd8c242d,A Google user,https://play-lh.googleusercontent.com/EGemoI2NTXmTsBVtJqk8jxF9rh8ApRWfsIMQSt2uE4OcpQqbFu7f7NbTK05lx80nuSijCz7sc3a277R67g,"the came is good, but i don't know what account you are looking for...Bank account or what???",5,0,2.64.3,2025-11-09 01:16:31,,,2.64.3,en
488ba17d-3678-48b9-8565-f85f60965c86,A Google user,https://play-lh.googleusercontent.com/EGemoI2NTXmTsBVtJqk8jxF9rh8ApRWfsIMQSt2uE4OcpQqbFu7f7NbTK05lx80nuSijCz7sc3a277R67g,"it's a good game, it relief stress.",5,0,2.64.3,2025-11-09 01:02:28,,,2.64.3,en
f8c69db2-6c4e-46f8-b014-8b137ff05c2b,A Google user,https://play-lh.googleusercontent.com/EGemoI2NTXmTsBVtJqk8jxF9rh8ApRWfsIMQSt2uE4OcpQqbFu7f7NbTK05lx80nuSijCz7sc3a277R67g,great 👌 game love it,5,0,2.64.3,2025-11-09 00:18:01,,,2.64.3,en
fa9ab44e-a817-4748-99e4-43631604f7ae,A Google user,https://play-lh.googleusercontent.com/EGemoI2NTXmTsBVtJqk8jxF9rh8ApRWfsIMQSt2uE4OcpQqbFu7f7NbTK05lx80nuSijCz7sc3a277R67g,Love This Game.🥰😍,5,0,2.64.3,2025-11-09 00:11:54,,,2.64.3,en
a82859e3-794c-4652-b57c-390b3abae88a,A Google user,https://play-lh.googleusercontent.com/EGemoI2NTXmTsBVtJqk8jxF9rh8ApRWfsIMQSt2uE4OcpQqbFu7f7NbTK05lx80nuSijCz7sc3a277R67g,love love love this game and I can spend hours playing,5,0,2.64.3,2025-11-09 00:00:52,,,2.64.3,en
0e42a988-b78c-426f-9ca6-e0bb64983b7a,A Google user,https://play-lh.googleusercontent.com/EGemoI2NTXmTsBVtJqk8jxF9rh8ApRWfsIMQSt2uE4OcpQqbFu7f7NbTK05lx80nuSijCz7sc3a277R67g,"this game was fun at first. I don't mind the some ads but the ads for other games have made mahjong unplayable. they force you to play a demo then take you to the app store. if you try to back out or restart app, the same ads plays again.",2,1,2.64.3,2025-11-08 23:13:05,"We understand how disruptive this must be. The app itself is safe, but some third-party ads may redirect you to other games. You can report any problematic ads directly through the in-game support, and our team will review them.
",2025-11-09 23:38:52,2.64.3,en
07c06760-f45b-4368-b559-443e5065fe62,A Google user,https://play-lh.googleusercontent.com/EGemoI2NTXmTsBVtJqk8jxF9rh8ApRWfsIMQSt2uE4OcpQqbFu7f7NbTK05lx80nuSijCz7sc3a277R67g,So glad I found this game it's brilliant,5,0,,2025-11-08 22:59:12,,,,en
4139be3e-2982-445d-af61-5ca8c95dc1cf,A Google user,https://play-lh.googleusercontent.com/EGemoI2NTXmTsBVtJqk8jxF9rh8ApRWfsIMQSt2uE4OcpQqbFu7f7NbTK05lx80nuSijCz7sc3a277R67g,switched to a newer phone and now game sticks on ad. I don't mind it but it screws up game play.,3,1,,2025-11-08 22:54:06,"It sounds frustrating! Sometimes after switching devices, the game’s ad system or cache can get stuck. Try clearing the app cache or reinstalling the game on your new phone. If the issue persists, contacting in-game support is the best way to get it resolved so your gameplay isn’t interrupted.
",2025-11-09 23:39:13,,en
0432878f-0179-4dc9-b090-71142a86581c,A Google user,https://play-lh.googleusercontent.com/EGemoI2NTXmTsBVtJqk8jxF9rh8ApRWfsIMQSt2uE4OcpQqbFu7f7NbTK05lx80nuSijCz7sc3a277R67g,I'm at the end of a game it's only 6 tiles left that match each other. The game states I need to shuffle because there's no more matches. I don't like cheating. You need to fix this because this is not right I don't mind watching a commercial but don't lie.,2,1,2.64.3,2025-11-08 22:41:02,"What you’re seeing isn’t cheating—it’s part of the game’s rules. Sometimes tiles may appear blocked even if they seem matchable, so the game suggests a shuffle to keep play going. You can check the matching rules in the settings or contact in-game support for clarification.
",2025-11-09 23:39:31,2.64.3,en
19d17c7d-2eeb-426c-9b70-6e66ab1f0f1f,A Google user,https://play-lh.googleusercontent.com/EGemoI2NTXmTsBVtJqk8jxF9rh8ApRWfsIMQSt2uE4OcpQqbFu7f7NbTK05lx80nuSijCz7sc3a277R67g,"You had a great game. I really liked it, but now, not so much. The constant meddling with and changing of the game play is annoying. Like removing the step back button. BTW, Check the settings menu to be able to remove the automatch and / or the autocomplete. While there are a lot of ads, at least they don't happen in the middle of a level.",4,1,2.65.0,2025-11-08 22:31:20,,,2.65.0,en
ee8a831b-8af7-4cff-846b-61e500806360,A Google user,https://play-lh.googleusercontent.com/EGemoI2NTXmTsBVtJqk8jxF9rh8ApRWfsIMQSt2uE4OcpQqbFu7f7NbTK05lx80nuSijCz7sc3a277R67g,awesome fun n tranquility!!!,5,0,,2025-11-08 22:28:27,,,,en
2f896f05-aa83-4000-b2ce-afd4b52afcd5,A Google user,https://play-lh.googleusercontent.com/EGemoI2NTXmTsBVtJqk8jxF9rh8ApRWfsIMQSt2uE4OcpQqbFu7f7NbTK05lx80nuSijCz7sc3a277R67g,"JUST GREAT, NO COMPLAINTS- NONE ! remember me",5,0,2.45.0,2025-11-08 22:27:27,,,2.45.0,en
0e6dfb41-d111-4cd1-860c-7e0129ff71c8,A Google user,https://play-lh.googleusercontent.com/EGemoI2NTXmTsBVtJqk8jxF9rh8ApRWfsIMQSt2uE4OcpQqbFu7f7NbTK05lx80nuSijCz7sc3a277R67g,very good morning todayi could play game is very high interest....,5,0,2.64.3,2025-11-08 22:13:49,,,2.64.3,en
3db27122-ee9b-4cee-b91c-64dc20658372,A Google user,https://play-lh.googleusercontent.com/EGemoI2NTXmTsBVtJqk8jxF9rh8ApRWfsIMQSt2uE4OcpQqbFu7f7NbTK05lx80nuSijCz7sc3a277R67g,simple I have not seen one ad and nothing looking for money,5,0,2.64.3,2025-11-08 22:11:50,,,2.64.3,en
adde2af6-fdff-48b8-b75b-d33643a6d40d,A Google user,https://play-lh.googleusercontent.com/EGemoI2NTXmTsBVtJqk8jxF9rh8ApRWfsIMQSt2uE4OcpQqbFu7f7NbTK05lx80nuSijCz7sc3a277R67g,great playing the game with you,5,0,,2025-11-08 22:05:54,,,,en
5b6724eb-b0ba-4c28-80ad-48a7d453cbce,A Google user,https://play-lh.googleusercontent.com/EGemoI2NTXmTsBVtJqk8jxF9rh8ApRWfsIMQSt2uE4OcpQqbFu7f7NbTK05lx80nuSijCz7sc3a277R67g,"Used to be good, now clicking on tiles opens adds. 👎🏼",3,0,2.64.3,2025-11-08 22:00:30,,,2.64.3,en
943d7568-edc4-4974-b529-b5365475b3e6,A Google user,https://play-lh.googleusercontent.com/EGemoI2NTXmTsBVtJqk8jxF9rh8ApRWfsIMQSt2uE4OcpQqbFu7f7NbTK05lx80nuSijCz7sc3a277R67g,It keeps your interest going with no interruptions in your train of thought 🤔,5,0,2.65.0,2025-11-08 21:35:05,,,2.65.0,en
c6f2003e-9676-4227-8501-50a951b59e43,A Google user,https://play-lh.googleusercontent.com/EGemoI2NTXmTsBVtJqk8jxF9rh8ApRWfsIMQSt2uE4OcpQqbFu7f7NbTK05lx80nuSijCz7sc3a277R67g,"I play this game every morning before I leave for work, it helps me wake up and gets my brain going!!",5,0,2.64.3,2025-11-08 21:20:32,,,2.64.3,en
6ac0ddab-78a9-4f30-b251-f6834820add8,A Google user,https://play-lh.googleusercontent.com/EGemoI2NTXmTsBVtJqk8jxF9rh8ApRWfsIMQSt2uE4OcpQqbFu7f7NbTK05lx80nuSijCz7sc3a277R67g,I thank thfe game is,5,0,2.63.2,2025-11-08 20:57:44,,,2.63.2,en
356c3721-ce0b-4943-90d9-b1fdc99fa5a0,A Google user,https://play-lh.googleusercontent.com/EGemoI2NTXmTsBVtJqk8jxF9rh8ApRWfsIMQSt2uE4OcpQqbFu7f7NbTK05lx80nuSijCz7sc3a277R67g,Yes vita mahjong it is good and perfect,5,0,2.64.1,2025-11-08 20:42:17,,,2.64.1,en
5b83b0bd-f078-412e-814e-9863414c8891,A Google user,https://play-lh.googleusercontent.com/EGemoI2NTXmTsBVtJqk8jxF9rh8ApRWfsIMQSt2uE4OcpQqbFu7f7NbTK05lx80nuSijCz7sc3a277R67g,I like the game,5,0,,2025-11-08 20:36:15,,,,en
bd89fbb9-8ee3-4416-ad07-16d907f70b36,A Google user,https://play-lh.googleusercontent.com/EGemoI2NTXmTsBVtJqk8jxF9rh8ApRWfsIMQSt2uE4OcpQqbFu7f7NbTK05lx80nuSijCz7sc3a277R67g,"If you like Mahjong, you'll love this game. No annoying adverts constantly interrupting. pretty tiles and challenging too.",5,0,2.64.3,2025-11-08 20:34:26,,,2.64.3,en
8a506b1e-5250-4b44-98dc-151f5ffb1ea0,A Google user,https://play-lh.googleusercontent.com/EGemoI2NTXmTsBVtJqk8jxF9rh8ApRWfsIMQSt2uE4OcpQqbFu7f7NbTK05lx80nuSijCz7sc3a277R67g,hello. why did the back button dissappear?,1,0,2.64.3,2025-11-08 20:30:34,"The Back/Undo button might have been removed in a recent update, often to simplify the interface or adjust gameplay mechanics. You can try using other in-game items that can also assist you during gameplay!",2025-11-09 23:41:08,2.64.3,en
6561cc5a-f171-48a3-95ce-438975c3baf0,A Google user,https://play-lh.googleusercontent.com/EGemoI2NTXmTsBVtJqk8jxF9rh8ApRWfsIMQSt2uE4OcpQqbFu7f7NbTK05lx80nuSijCz7sc3a277R67g,I enjoy this game!,5,0,2.64.3,2025-11-08 20:23:41,,,2.64.3,en
5b10eb22-0f84-4603-b190-9b2622080715,A Google user,https://play-lh.googleusercontent.com/EGemoI2NTXmTsBVtJqk8jxF9rh8ApRWfsIMQSt2uE4OcpQqbFu7f7NbTK05lx80nuSijCz7sc3a277R67g,vita mahjong was very funny,1,0,2.64.3,2025-11-08 20:12:50,Thank you for the positive vibes! Anything you'd like to share to make it perfect? 🤔,2025-11-09 23:40:07,2.64.3,en
aaae29c5-6dc7-4dcb-8c0c-65b4b475bc8d,A Google user,https://play-lh.googleusercontent.com/EGemoI2NTXmTsBVtJqk8jxF9rh8ApRWfsIMQSt2uE4OcpQqbFu7f7NbTK05lx80nuSijCz7sc3a277R67g,Great,5,0,2.64.1,2025-11-08 20:07:34,,,2.64.1,en
b0893a22-b777-47a5-9b10-a524cd83a603,A Google user,https://play-lh.googleusercontent.com/EGemoI2NTXmTsBVtJqk8jxF9rh8ApRWfsIMQSt2uE4OcpQqbFu7f7NbTK05lx80nuSijCz7sc3a277R67g,"first time playing, love it. And adult matching game!",5,0,2.64.3,2025-11-08 20:05:38,,,2.64.3,en
64b6a58c-b70c-4eb7-91b6-3274b3ecc3d1,A Google user,https://play-lh.googleusercontent.com/EGemoI2NTXmTsBVtJqk8jxF9rh8ApRWfsIMQSt2uE4OcpQqbFu7f7NbTK05lx80nuSijCz7sc3a277R67g,"Paid £5.99 to remove ads which hasn't been done. No response to my email asking this be sorted and if any problem, to refund my money.",1,0,,2025-11-08 20:00:34,,,,en
71675fa0-3a5a-4a3d-85bb-6b6c6093c169,A Google user,https://play-lh.googleusercontent.com/EGemoI2NTXmTsBVtJqk8jxF9rh8ApRWfsIMQSt2uE4OcpQqbFu7f7NbTK05lx80nuSijCz7sc3a277R67g,2nd review. I am deleting this because the inability to get extra shuffles is too annoying. The button to watch a video to get a shuffle either does nothing or the video loads and there is no way to stop it. If it gets fixed I'll try it again.,2,0,2.64.3,2025-11-08 19:57:45,,,2.64.3,en
757646af-170e-4182-af66-91131c091705,A Google user,https://play-lh.googleusercontent.com/EGemoI2NTXmTsBVtJqk8jxF9rh8ApRWfsIMQSt2uE4OcpQqbFu7f7NbTK05lx80nuSijCz7sc3a277R67g,If you like puzzles...this is the game for you...i have started today and am loving it...i am getting better the more I play ..the difficulty level is in your mind not in the game. Enjoy,5,0,,2025-11-08 19:54:38,,,,en
9c5ab806-a100-4e74-a1fa-50c6883573c0,A Google user,https://play-lh.googleusercontent.com/EGemoI2NTXmTsBVtJqk8jxF9rh8ApRWfsIMQSt2uE4OcpQqbFu7f7NbTK05lx80nuSijCz7sc3a277R67g,Thanks for the great Experience,5,0,2.64.3,2025-11-08 19:48:32,,,2.64.3,en
89b6f9a9-c2f4-4ccd-8545-78189e3e9d0c,A Google user,https://play-lh.googleusercontent.com/EGemoI2NTXmTsBVtJqk8jxF9rh8ApRWfsIMQSt2uE4OcpQqbFu7f7NbTK05lx80nuSijCz7sc3a277R67g,easy to play strategy thinking,5,0,2.64.3,2025-11-08 19:39:58,,,2.64.3,en
dd8c4d99-6889-42eb-b366-7759b0d86632,A Google user,https://play-lh.googleusercontent.com/EGemoI2NTXmTsBVtJqk8jxF9rh8ApRWfsIMQSt2uE4OcpQqbFu7f7NbTK05lx80nuSijCz7sc3a277R67g,I love playing this to relax. The sounds are great for when I need a little encouragement while playing. It's nice to be cheered on sometimes. I do wish I could pay to get rid of ads but still love the game a lot,5,1,2.64.3,2025-11-08 19:21:00,,,2.64.3,en
4f55d50a-8eb2-48b7-b947-f3f3941f04e2,A Google user,https://play-lh.googleusercontent.com/EGemoI2NTXmTsBVtJqk8jxF9rh8ApRWfsIMQSt2uE4OcpQqbFu7f7NbTK05lx80nuSijCz7sc3a277R67g,Game Is FUN!!,5,0,2.64.3,2025-11-08 19:16:29,,,2.64.3,en
58a61f39-474c-4ed6-8267-462e68189c26,A Google user,https://play-lh.googleusercontent.com/EGemoI2NTXmTsBVtJqk8jxF9rh8ApRWfsIMQSt2uE4OcpQqbFu7f7NbTK05lx80nuSijCz7sc3a277R67g,great to play. love it 🥰👌,5,0,2.64.3,2025-11-08 19:04:06,,,2.64.3,en
bd06c53d-5386-4a21-a032-8ca113d827bd,A Google user,https://play-lh.googleusercontent.com/EGemoI2NTXmTsBVtJqk8jxF9rh8ApRWfsIMQSt2uE4OcpQqbFu7f7NbTK05lx80nuSijCz7sc3a277R67g,"I quite enjoy the game but the ads are excessive and many of them do not allow you to close and redirect you to download other apps on the Play Store. as such, you need to exit the play store and press back repeatedly to hope you return to where you left off. If only there was a paid option to remove ads.",3,0,2.64.1,2025-11-08 18:55:42,,,2.64.1,en
5a32659b-f8e4-4c64-9b98-da73fd645763,A Google user,https://play-lh.googleusercontent.com/EGemoI2NTXmTsBVtJqk8jxF9rh8ApRWfsIMQSt2uE4OcpQqbFu7f7NbTK05lx80nuSijCz7sc3a277R67g,IT'S A GREAT GAME I ENJOY THE CHALLENGE I HATE HAVING TO PUT IT DOWN 😄😄😄,5,0,2.65.0,2025-11-08 18:54:54,,,2.65.0,en
76b1151d-9a77-428b-8e85-b4fa537cb144,A Google user,https://play-lh.googleusercontent.com/EGemoI2NTXmTsBVtJqk8jxF9rh8ApRWfsIMQSt2uE4OcpQqbFu7f7NbTK05lx80nuSijCz7sc3a277R67g,this is amaizing at all,5,0,2.63.2,2025-11-08 18:53:33,,,2.63.2,en
632d43c1-da4a-4fb5-a409-a1fcf47b22b3,A Google user,https://play-lh.googleusercontent.com/EGemoI2NTXmTsBVtJqk8jxF9rh8ApRWfsIMQSt2uE4OcpQqbFu7f7NbTK05lx80nuSijCz7sc3a277R67g,Seriously more ish,5,0,2.64.3,2025-11-08 18:52:09,,,2.64.3,en
a09a3412-e809-42ab-8e47-23ab612428d9,A Google user,https://play-lh.googleusercontent.com/EGemoI2NTXmTsBVtJqk8jxF9rh8ApRWfsIMQSt2uE4OcpQqbFu7f7NbTK05lx80nuSijCz7sc3a277R67g,"The ads are wrong, so far there are no cylindrical levels that I know of. They're all flat. And it is not ad free.",2,0,2.64.3,2025-11-08 18:49:26,,,2.64.3,en
99fb5009-48eb-4f52-8030-cf8f2b76a590,A Google user,https://play-lh.googleusercontent.com/EGemoI2NTXmTsBVtJqk8jxF9rh8ApRWfsIMQSt2uE4OcpQqbFu7f7NbTK05lx80nuSijCz7sc3a277R67g,Great game for mind coordination.,5,0,2.64.3,2025-11-08 18:45:54,,,2.64.3,en
617a62c4-1245-4d45-91ef-9350e21157a0,A Google user,https://play-lh.googleusercontent.com/EGemoI2NTXmTsBVtJqk8jxF9rh8ApRWfsIMQSt2uE4OcpQqbFu7f7NbTK05lx80nuSijCz7sc3a277R67g,I gave it a three because the ad I saw said it paid money. i haven't seen any money won at all. it is a good game to play.,3,0,2.64.3,2025-11-08 18:34:27,,,2.64.3,en
a1210e68-a964-452c-8392-eba9f8e2588a,A Google user,https://play-lh.googleusercontent.com/EGemoI2NTXmTsBVtJqk8jxF9rh8ApRWfsIMQSt2uE4OcpQqbFu7f7NbTK05lx80nuSijCz7sc3a277R67g,"OMG the ads! Way too many and often you have to exit to get out of them. The higher level you go, the more ads you get. I finally deleted because of this.",1,0,,2025-11-08 18:28:40,,,,en
2791cc79-28d4-403e-8962-306489e62d70,A Google user,https://play-lh.googleusercontent.com/EGemoI2NTXmTsBVtJqk8jxF9rh8ApRWfsIMQSt2uE4OcpQqbFu7f7NbTK05lx80nuSijCz7sc3a277R67g,gets your mind focused,5,0,2.64.3,2025-11-08 18:22:41,,,2.64.3,en
e425e8b1-ff94-4912-a048-28339ca658a8,A Google user,https://play-lh.googleusercontent.com/EGemoI2NTXmTsBVtJqk8jxF9rh8ApRWfsIMQSt2uE4OcpQqbFu7f7NbTK05lx80nuSijCz7sc3a277R67g,"you say ad free? I say BULLCRAP. I get annoying after I win a level. sometimes I get two. update read response. I get ads half way through a game, not after solving still tiles on screen, then commercial. then it starts a different game",2,0,2.64.3,2025-11-08 18:14:30,We promise no ads during gameplay — only optional short ads between rounds to keep the game free and support new content! 🆓✨ Thanks for playing! 🎮💙,2025-09-25 03:18:48,2.64.3,en
6ba8538a-e856-4edb-89f6-ae2e76f4b12b,A Google user,https://play-lh.googleusercontent.com/EGemoI2NTXmTsBVtJqk8jxF9rh8ApRWfsIMQSt2uE4OcpQqbFu7f7NbTK05lx80nuSijCz7sc3a277R67g,Great game,5,0,2.64.3,2025-11-08 18:10:48,,,2.64.3,en
23a461d1-e04c-45c6-839e-ac4748c37391,A Google user,https://play-lh.googleusercontent.com/EGemoI2NTXmTsBVtJqk8jxF9rh8ApRWfsIMQSt2uE4OcpQqbFu7f7NbTK05lx80nuSijCz7sc3a277R67g,"This is a completely different game from the ad I clicked on. The ad was for the two player mahjong, but this is the single player game.",2,0,2.64.3,2025-11-08 17:40:16,,,2.64.3,en
3383222b-e370-4d2a-a542-09c195a172e7,A Google user,https://play-lh.googleusercontent.com/EGemoI2NTXmTsBVtJqk8jxF9rh8ApRWfsIMQSt2uE4OcpQqbFu7f7NbTK05lx80nuSijCz7sc3a277R67g,I love this games. it very calm and relax games for stress.,5,0,2.63.2,2025-11-08 17:12:01,,,2.63.2,en
d24091e4-a33b-4e14-98e6-fdca0626b52b,A Google user,https://play-lh.googleusercontent.com/EGemoI2NTXmTsBVtJqk8jxF9rh8ApRWfsIMQSt2uE4OcpQqbFu7f7NbTK05lx80nuSijCz7sc3a277R67g,let us create opay to in any games,5,0,2.63.2,2025-11-08 17:03:22,,,2.63.2,en
52239f82-9543-41d4-8df9-f51c740267b2,A Google user,https://play-lh.googleusercontent.com/EGemoI2NTXmTsBVtJqk8jxF9rh8ApRWfsIMQSt2uE4OcpQqbFu7f7NbTK05lx80nuSijCz7sc3a277R67g,"Game is fun, but just like every other similar app, is LOADED with the new predatory ads between every puzzle, forcing you to open the play store and wasting your battery and data. don't waste your time.",2,0,2.65.0,2025-11-08 16:52:39,,,2.65.0,en
f6dec01d-2ca4-4424-a33f-32ca0cd731f6,A Google user,https://play-lh.googleusercontent.com/EGemoI2NTXmTsBVtJqk8jxF9rh8ApRWfsIMQSt2uE4OcpQqbFu7f7NbTK05lx80nuSijCz7sc3a277R67g,Mind fresh,5,0,2.61.3,2025-11-08 16:42:21,,,2.61.3,en
fc7bac2b-8ba4-46ca-9fca-9ab70f867d2a,A Google user,https://play-lh.googleusercontent.com/EGemoI2NTXmTsBVtJqk8jxF9rh8ApRWfsIMQSt2uE4OcpQqbFu7f7NbTK05lx80nuSijCz7sc3a277R67g,don't play this game a lot but it's pretty fun when I do it's a real brain teaser plus very little adds. 5 Stars,5,0,2.60.3,2025-11-08 16:40:09,,,2.60.3,en
af2637fc-be2d-429f-a003-9f31d751bd7a,A Google user,https://play-lh.googleusercontent.com/EGemoI2NTXmTsBVtJqk8jxF9rh8ApRWfsIMQSt2uE4OcpQqbFu7f7NbTK05lx80nuSijCz7sc3a277R67g,- a fine way to-- pass time,5,0,2.64.3,2025-11-08 16:37:11,,,2.64.3,en
10a91017-a749-466d-b39e-f629fd30779d,A Google user,https://play-lh.googleusercontent.com/EGemoI2NTXmTsBVtJqk8jxF9rh8ApRWfsIMQSt2uE4OcpQqbFu7f7NbTK05lx80nuSijCz7sc3a277R67g,Love the game!,5,0,2.64.3,2025-11-08 16:22:38,,,2.64.3,en
08639329-d109-4d9c-a4de-1732ef5029fe,A Google user,https://play-lh.googleusercontent.com/EGemoI2NTXmTsBVtJqk8jxF9rh8ApRWfsIMQSt2uE4OcpQqbFu7f7NbTK05lx80nuSijCz7sc3a277R67g,I love playing this game.,5,0,2.64.3,2025-11-08 16:17:24,,,2.64.3,en
5f905902-42fd-4544-8c38-c0b96ee2c0b6,A Google user,https://play-lh.googleusercontent.com/EGemoI2NTXmTsBVtJqk8jxF9rh8ApRWfsIMQSt2uE4OcpQqbFu7f7NbTK05lx80nuSijCz7sc3a277R67g,cool,5,0,,2025-11-08 16:16:09,,,,en
f090b562-eab5-4f58-996a-8c63d23b97bd,A Google user,https://play-lh.googleusercontent.com/EGemoI2NTXmTsBVtJqk8jxF9rh8ApRWfsIMQSt2uE4OcpQqbFu7f7NbTK05lx80nuSijCz7sc3a277R67g,"it's so good and easy to play, it also refreshing mind.",5,0,2.65.0,2025-11-08 16:14:30,,,2.65.0,en
4751e887-aa42-4b61-b182-19a85a88b31b,A Google user,https://play-lh.googleusercontent.com/EGemoI2NTXmTsBVtJqk8jxF9rh8ApRWfsIMQSt2uE4OcpQqbFu7f7NbTK05lx80nuSijCz7sc3a277R67g,Interesting. I just discovered Vita Mahjong lately. wanted to give it a try. playing the same tempo & same tiles can be bored after sometime. But phone battery finishing fast.,5,0,2.64.3,2025-11-08 15:42:52,,,2.64.3,en
2a801f7f-9d16-40fd-998e-8504a9d4341c,A Google user,https://play-lh.googleusercontent.com/EGemoI2NTXmTsBVtJqk8jxF9rh8ApRWfsIMQSt2uE4OcpQqbFu7f7NbTK05lx80nuSijCz7sc3a277R67g,too many advertisements,1,0,,2025-11-08 15:38:32,,,,en
73cf7957-1a4f-41c7-aeee-35bba948832e,A Google user,https://play-lh.googleusercontent.com/EGemoI2NTXmTsBVtJqk8jxF9rh8ApRWfsIMQSt2uE4OcpQqbFu7f7NbTK05lx80nuSijCz7sc3a277R67g,A game of mind opening,5,0,2.65.0,2025-11-08 15:27:18,,,2.65.0,en
0333e3a8-6d11-4ad1-b3a4-f883c395dcbb,A Google user,https://play-lh.googleusercontent.com/EGemoI2NTXmTsBVtJqk8jxF9rh8ApRWfsIMQSt2uE4OcpQqbFu7f7NbTK05lx80nuSijCz7sc3a277R67g,great game very relaxing 😎,5,0,2.65.0,2025-11-08 15:26:35,,,2.65.0,en
a3810d76-6869-4144-9ca5-cdb1fdacf20a,A Google user,https://play-lh.googleusercontent.com/EGemoI2NTXmTsBVtJqk8jxF9rh8ApRWfsIMQSt2uE4OcpQqbFu7f7NbTK05lx80nuSijCz7sc3a277R67g,new super. good👍,4,0,2.64.3,2025-11-08 14:56:03,,,2.64.3,en
9f03868b-ae6e-4d1e-b342-d602596eb5aa,A Google user,https://play-lh.googleusercontent.com/EGemoI2NTXmTsBVtJqk8jxF9rh8ApRWfsIMQSt2uE4OcpQqbFu7f7NbTK05lx80nuSijCz7sc3a277R67g,fun game now it's after every level. Ads. and I do mean every level.,2,0,,2025-11-08 14:29:53,,,,en
cb65b387-3354-4f41-8aa1-5eb4ca1ccb0d,A Google user,https://play-lh.googleusercontent.com/EGemoI2NTXmTsBVtJqk8jxF9rh8ApRWfsIMQSt2uE4OcpQqbFu7f7NbTK05lx80nuSijCz7sc3a277R67g,I like this game,1,0,2.64.3,2025-11-08 13:41:43,,,2.64.3,en
4f7673af-c931-4e8f-af06-59ec0ad6503f,A Google user,https://play-lh.googleusercontent.com/EGemoI2NTXmTsBVtJqk8jxF9rh8ApRWfsIMQSt2uE4OcpQqbFu7f7NbTK05lx80nuSijCz7sc3a277R67g,the all the challenges and the calmness/focus this game gives me.,5,0,2.64.3,2025-11-08 13:40:27,,,2.64.3,en
731661a1-bb74-42d4-832e-d1e4a087371c,A Google user,https://play-lh.googleusercontent.com/EGemoI2NTXmTsBVtJqk8jxF9rh8ApRWfsIMQSt2uE4OcpQqbFu7f7NbTK05lx80nuSijCz7sc3a277R67g,yes its really nice game not boring,5,0,2.64.3,2025-11-08 13:05:18,,,2.64.3,en
8036b297-ee88-47a3-afa0-c3b4fe97cee6,A Google user,https://play-lh.googleusercontent.com/EGemoI2NTXmTsBVtJqk8jxF9rh8ApRWfsIMQSt2uE4OcpQqbFu7f7NbTK05lx80nuSijCz7sc3a277R67g,"Good game - SO MANY ADS tho - I mean, to a frustrating degree!! had to uninstall, unfortunately. I really liked the game, but the unbelievable amount of ads is just bad.",1,0,2.64.3,2025-11-08 12:59:53,,,2.64.3,en
81f4deb2-dd61-4640-9711-2f20256e7c1e,A Google user,https://play-lh.googleusercontent.com/EGemoI2NTXmTsBVtJqk8jxF9rh8ApRWfsIMQSt2uE4OcpQqbFu7f7NbTK05lx80nuSijCz7sc3a277R67g,great game 😁,5,0,2.61.0,2025-11-08 12:46:19,,,2.61.0,en
bf8f2572-8272-4cb3-b3bb-28dfe5d5d1c7,A Google user,https://play-lh.googleusercontent.com/EGemoI2NTXmTsBVtJqk8jxF9rh8ApRWfsIMQSt2uE4OcpQqbFu7f7NbTK05lx80nuSijCz7sc3a277R67g,No ads and challenging to eye the next move. No glitches so far. 😄,5,0,2.64.3,2025-11-08 12:33:24,,,2.64.3,en
4d5af7f8-9bcf-4bb4-b414-2df718f639fb,A Google user,https://play-lh.googleusercontent.com/EGemoI2NTXmTsBVtJqk8jxF9rh8ApRWfsIMQSt2uE4OcpQqbFu7f7NbTK05lx80nuSijCz7sc3a277R67g,"very excited,good games",5,0,2.65.0,2025-11-08 12:30:27,,,2.65.0,en
a21a22e2-6f69-4b48-ba96-756a1025f0bd,A Google user,https://play-lh.googleusercontent.com/EGemoI2NTXmTsBVtJqk8jxF9rh8ApRWfsIMQSt2uE4OcpQqbFu7f7NbTK05lx80nuSijCz7sc3a277R67g,awesome gaming experience top notch app,5,0,2.64.3,2025-11-08 12:19:51,,,2.64.3,en
ecf38916-22b9-4fce-a097-cfdb293e0b11,A Google user,https://play-lh.googleusercontent.com/EGemoI2NTXmTsBVtJqk8jxF9rh8ApRWfsIMQSt2uE4OcpQqbFu7f7NbTK05lx80nuSijCz7sc3a277R67g,l like this game,5,0,2.65.0,2025-11-08 12:11:22,,,2.65.0,en
38cb871d-f1c1-4ec4-bb0e-039d07a1b4bb,A Google user,https://play-lh.googleusercontent.com/EGemoI2NTXmTsBVtJqk8jxF9rh8ApRWfsIMQSt2uE4OcpQqbFu7f7NbTK05lx80nuSijCz7sc3a277R67g,it's a good game,5,0,2.59.0,2025-11-08 12:04:03,,,2.59.0,en
870bc5f1-7b83-4868-8869-917e17175dae,A Google user,https://play-lh.googleusercontent.com/EGemoI2NTXmTsBVtJqk8jxF9rh8ApRWfsIMQSt2uE4OcpQqbFu7f7NbTK05lx80nuSijCz7sc3a277R67g,"Unfortunately, a good game is spoiled by the increasing amount of prolonged adverts such that it is almost impossible to play - I have deleted it !!!",5,0,2.61.3,2025-11-08 11:44:14,,,2.61.3,en
088d9889-8842-4cf0-8adc-d6c575936ba9,A Google user,https://play-lh.googleusercontent.com/EGemoI2NTXmTsBVtJqk8jxF9rh8ApRWfsIMQSt2uE4OcpQqbFu7f7NbTK05lx80nuSijCz7sc3a277R67g,great game,5,0,2.65.0,2025-11-08 11:37:46,,,2.65.0,en
3504ed02-3085-4349-94a5-3282d3a9588d,A Google user,https://play-lh.googleusercontent.com/EGemoI2NTXmTsBVtJqk8jxF9rh8ApRWfsIMQSt2uE4OcpQqbFu7f7NbTK05lx80nuSijCz7sc3a277R67g,keeps my brain sharp,5,0,,2025-11-08 11:32:45,,,,en
d8872cde-7bc7-432b-b145-cd3dfd5463dd,A Google user,https://play-lh.googleusercontent.com/EGemoI2NTXmTsBVtJqk8jxF9rh8ApRWfsIMQSt2uE4OcpQqbFu7f7NbTK05lx80nuSijCz7sc3a277R67g,I cannot play with snakes in the game.,1,0,,2025-11-08 11:07:55,,,,en
4a839dea-a6e7-4dce-865d-7342f40f9acd,A Google user,https://play-lh.googleusercontent.com/EGemoI2NTXmTsBVtJqk8jxF9rh8ApRWfsIMQSt2uE4OcpQqbFu7f7NbTK05lx80nuSijCz7sc3a277R67g,Mind relaxing,5,0,2.63.2,2025-11-08 11:00:51,,,2.63.2,en
7b5ddcf4-205c-4fca-9327-90f50280a8bc,A Google user,https://play-lh.googleusercontent.com/EGemoI2NTXmTsBVtJqk8jxF9rh8ApRWfsIMQSt2uE4OcpQqbFu7f7NbTK05lx80nuSijCz7sc3a277R67g,"love this game, I find it very relaxing",5,0,2.64.3,2025-11-08 11:00:10,,,2.64.3,en
98e192e3-a8e3-4666-aeb9-b1f5c98b775d,A Google user,https://play-lh.googleusercontent.com/EGemoI2NTXmTsBVtJqk8jxF9rh8ApRWfsIMQSt2uE4OcpQqbFu7f7NbTK05lx80nuSijCz7sc3a277R67g,"i like it , mynde controling, nice one",5,0,2.65.0,2025-11-08 10:50:18,,,2.65.0,en
a3444e39-ba96-4576-b7a8-6a75f2093a61,A Google user,https://play-lh.googleusercontent.com/EGemoI2NTXmTsBVtJqk8jxF9rh8ApRWfsIMQSt2uE4OcpQqbFu7f7NbTK05lx80nuSijCz7sc3a277R67g,this is no game- it is ad viewer,1,0,2.64.3,2025-11-08 10:45:40,,,2.64.3,en
bb39aaa3-4d1e-43e1-9857-9dbacdaf6bb9,A Google user,https://play-lh.googleusercontent.com/EGemoI2NTXmTsBVtJqk8jxF9rh8ApRWfsIMQSt2uE4OcpQqbFu7f7NbTK05lx80nuSijCz7sc3a277R67g,Its very fantastic game never seen👍🏻,5,0,2.64.3,2025-11-08 10:44:56,,,2.64.3,en
0c7dee1f-4519-45b4-b19e-384257f117c8,A Google user,https://play-lh.googleusercontent.com/EGemoI2NTXmTsBVtJqk8jxF9rh8ApRWfsIMQSt2uE4OcpQqbFu7f7NbTK05lx80nuSijCz7sc3a277R67g,excellent game and very 👍👍👍👍👍👍👍👍👍👍👍👍👍👍👍👍👍👍👍👍👍👍👍👍👍👍,5,0,2.64.3,2025-11-08 10:44:01,,,2.64.3,en
0e50d9b8-6af8-4a21-a185-e07b0c3db18d,A Google user,https://play-lh.googleusercontent.com/EGemoI2NTXmTsBVtJqk8jxF9rh8ApRWfsIMQSt2uE4OcpQqbFu7f7NbTK05lx80nuSijCz7sc3a277R67g,It's a relaxing way to unwind your mind. Awesome!!! 👍,5,0,,2025-11-08 10:13:23,,,,en
ce8b584b-55e6-4e15-9376-a53286b91a25,A Google user,https://play-lh.googleusercontent.com/EGemoI2NTXmTsBVtJqk8jxF9rh8ApRWfsIMQSt2uE4OcpQqbFu7f7NbTK05lx80nuSijCz7sc3a277R67g,good. but not gave money,4,0,2.64.3,2025-11-08 10:03:38,,,2.64.3,en
6788a60b-7759-453e-ac96-6b3573e453cc,A Google user,https://play-lh.googleusercontent.com/EGemoI2NTXmTsBVtJqk8jxF9rh8ApRWfsIMQSt2uE4OcpQqbFu7f7NbTK05lx80nuSijCz7sc3a277R67g,great for booster memories,5,0,2.64.3,2025-11-08 10:03:03,,,2.64.3,en
4c0aea98-edee-4e49-a783-abfc4631dcbb,A Google user,https://play-lh.googleusercontent.com/EGemoI2NTXmTsBVtJqk8jxF9rh8ApRWfsIMQSt2uE4OcpQqbFu7f7NbTK05lx80nuSijCz7sc3a277R67g,I like this game 🥰🥰,5,0,2.65.0,2025-11-08 09:59:06,,,2.65.0,en
9e10d8b8-f99c-436a-aa69-3e42e141e256,A Google user,https://play-lh.googleusercontent.com/EGemoI2NTXmTsBVtJqk8jxF9rh8ApRWfsIMQSt2uE4OcpQqbFu7f7NbTK05lx80nuSijCz7sc3a277R67g,money,5,0,2.64.3,2025-11-08 09:27:39,,,2.64.3,en
2211fd06-65ec-4b08-8c8c-e372d1bf24b8,A Google user,https://play-lh.googleusercontent.com/EGemoI2NTXmTsBVtJqk8jxF9rh8ApRWfsIMQSt2uE4OcpQqbFu7f7NbTK05lx80nuSijCz7sc3a277R67g,"""Very enjoyable and relaxing game! Loved the graphics and gameplay.""",5,0,2.64.3,2025-11-08 08:44:55,,,2.64.3,en
c98e5b93-0270-4735-8d1c-ba3090b13fd4,A Google user,https://play-lh.googleusercontent.com/EGemoI2NTXmTsBVtJqk8jxF9rh8ApRWfsIMQSt2uE4OcpQqbFu7f7NbTK05lx80nuSijCz7sc3a277R67g,what a pleasant game,5,0,,2025-11-08 08:37:16,,,,en
c485acfa-f1f8-49cf-af39-1fa5207495b4,A Google user,https://play-lh.googleusercontent.com/EGemoI2NTXmTsBVtJqk8jxF9rh8ApRWfsIMQSt2uE4OcpQqbFu7f7NbTK05lx80nuSijCz7sc3a277R67g,too many ads after every game. ugh!,1,0,2.64.3,2025-11-08 08:25:05,,,2.64.3,en
c30b64b0-032e-4d89-89ab-e38f4e79e9da,A Google user,https://play-lh.googleusercontent.com/EGemoI2NTXmTsBVtJqk8jxF9rh8ApRWfsIMQSt2uE4OcpQqbFu7f7NbTK05lx80nuSijCz7sc3a277R67g,this is a great game,5,0,2.64.3,2025-11-08 08:12:32,,,2.64.3,en
0dc61a25-8f04-4072-996d-c3b3a201acfe,A Google user,https://play-lh.googleusercontent.com/EGemoI2NTXmTsBVtJqk8jxF9rh8ApRWfsIMQSt2uE4OcpQqbFu7f7NbTK05lx80nuSijCz7sc3a277R67g,Nice game but I get sick of the ads so i delete it,4,0,,2025-11-08 07:47:23,,,,en
60d2e3f0-e9d6-44b0-afe9-a0da557cfb0a,A Google user,https://play-lh.googleusercontent.com/EGemoI2NTXmTsBVtJqk8jxF9rh8ApRWfsIMQSt2uE4OcpQqbFu7f7NbTK05lx80nuSijCz7sc3a277R67g,I'm loving this game. it's addictive. lol glad I found it. I'm gonna be 60 soon so it's good to exercise my brain.,5,0,2.65.0,2025-11-08 07:29:09,,,2.65.0,en
5d06e8af-aa2d-4471-ad03-d236d14d2d62,A Google user,https://play-lh.googleusercontent.com/EGemoI2NTXmTsBVtJqk8jxF9rh8ApRWfsIMQSt2uE4OcpQqbFu7f7NbTK05lx80nuSijCz7sc3a277R67g,Manoj kumar Sharmaits very nice game time pass and earning good eye support,5,0,2.64.3,2025-11-08 07:13:42,,,2.64.3,en
02baf5ef-b8ef-45bc-83e4-e08b478c6f5f,A Google user,https://play-lh.googleusercontent.com/EGemoI2NTXmTsBVtJqk8jxF9rh8ApRWfsIMQSt2uE4OcpQqbFu7f7NbTK05lx80nuSijCz7sc3a277R67g,"awesome game, I'm enjoying so much 😎👍",5,0,2.65.0,2025-11-08 07:09:37,,,2.65.0,en
e7617e78-4b5e-444b-ae68-62f4e9417522,A Google user,https://play-lh.googleusercontent.com/EGemoI2NTXmTsBVtJqk8jxF9rh8ApRWfsIMQSt2uE4OcpQqbFu7f7NbTK05lx80nuSijCz7sc3a277R67g,"Really enjoy this game, I play for hours.",5,0,2.65.0,2025-11-08 06:57:46,,,2.65.0,en
d4c36c24-ccd8-4bf1-873a-137eb66d5f7c,A Google user,https://play-lh.googleusercontent.com/EGemoI2NTXmTsBVtJqk8jxF9rh8ApRWfsIMQSt2uE4OcpQqbFu7f7NbTK05lx80nuSijCz7sc3a277R67g,"in case of event, once I m entering in the event and back to home then I can't reply the event and can't re-enter the event of this game..",3,0,2.65.0,2025-11-08 06:52:06,,,2.65.0,en
72c9968c-080b-4807-8880-e9b6de8029e4,A Google user,https://play-lh.googleusercontent.com/EGemoI2NTXmTsBVtJqk8jxF9rh8ApRWfsIMQSt2uE4OcpQqbFu7f7NbTK05lx80nuSijCz7sc3a277R67g,very nice game 👏,5,0,,2025-11-08 06:44:28,,,,en
ea5f4f6c-224c-4fb4-91f7-4c1cf63ab720,A Google user,https://play-lh.googleusercontent.com/EGemoI2NTXmTsBVtJqk8jxF9rh8ApRWfsIMQSt2uE4OcpQqbFu7f7NbTK05lx80nuSijCz7sc3a277R67g,lot of unstoppable ads. No use of using shuffling card since a week,1,0,2.64.3,2025-11-08 06:35:51,,,2.64.3,en
57f1e5ba-35c9-4383-b67c-16948f096985,A Google user,https://play-lh.googleusercontent.com/EGemoI2NTXmTsBVtJqk8jxF9rh8ApRWfsIMQSt2uE4OcpQqbFu7f7NbTK05lx80nuSijCz7sc3a277R67g,I love to play Vita Mahjong takes my daily stress away 🥰🥰🥰🥰🥰,5,0,2.64.3,2025-11-08 06:31:06,,,2.64.3,en
18b6471d-4bda-42ed-939d-cc26ecec6f60,A Google user,https://play-lh.googleusercontent.com/EGemoI2NTXmTsBVtJqk8jxF9rh8ApRWfsIMQSt2uE4OcpQqbFu7f7NbTK05lx80nuSijCz7sc3a277R67g,very worst scam don't use this app,1,0,,2025-11-08 06:11:56,,,,en
55248a89-ee88-4588-aa2c-9b89b2efe91c,A Google user,https://play-lh.googleusercontent.com/EGemoI2NTXmTsBVtJqk8jxF9rh8ApRWfsIMQSt2uE4OcpQqbFu7f7NbTK05lx80nuSijCz7sc3a277R67g,"coordination, it centers yourself, Quickest decision making, rapid improve ment. woosah!",5,0,2.64.3,2025-11-08 06:01:55,,,2.64.3,en
e90e4759-b6a3-4a70-b41a-c5b68044ff0c,A Google user,https://play-lh.googleusercontent.com/EGemoI2NTXmTsBVtJqk8jxF9rh8ApRWfsIMQSt2uE4OcpQqbFu7f7NbTK05lx80nuSijCz7sc3a277R67g,my favorite game. good to be back playing it,5,0,,2025-11-08 06:00:00,,,,en
554dcf18-bff7-4835-a0a2-c41c2ce91fc2,A Google user,https://play-lh.googleusercontent.com/EGemoI2NTXmTsBVtJqk8jxF9rh8ApRWfsIMQSt2uE4OcpQqbFu7f7NbTK05lx80nuSijCz7sc3a277R67g,worth my time,5,0,2.64.3,2025-11-08 05:54:49,,,2.64.3,en
7a0c145d-8448-4965-9eab-8b12e2ff1c32,A Google user,https://play-lh.googleusercontent.com/EGemoI2NTXmTsBVtJqk8jxF9rh8ApRWfsIMQSt2uE4OcpQqbFu7f7NbTK05lx80nuSijCz7sc3a277R67g,"Very addicting and fun game to play. the only issue that I have, is that both me and my wife have the same game and she gets alot of different features on her game that I never get on my game. Also the game randomly will get rid of my undo button and then add it back. I enjoy having that button on the game.",5,0,2.64.3,2025-11-08 05:46:51,,,2.64.3,en
a22cad45-a354-4241-8ed4-e7896c4fe3e3,A Google user,https://play-lh.googleusercontent.com/EGemoI2NTXmTsBVtJqk8jxF9rh8ApRWfsIMQSt2uE4OcpQqbFu7f7NbTK05lx80nuSijCz7sc3a277R67g,This game is a huge stress reliever,5,0,2.64.3,2025-11-08 05:42:25,,,2.64.3,en
94b087c0-fc84-45cf-b19c-2730f2d0e310,A Google user,https://play-lh.googleusercontent.com/EGemoI2NTXmTsBVtJqk8jxF9rh8ApRWfsIMQSt2uE4OcpQqbFu7f7NbTK05lx80nuSijCz7sc3a277R67g,this game is thought you when praying the game you are winning,5,0,2.64.3,2025-11-08 05:05:16,,,2.64.3,en
254c2c46-b88e-40e0-a838-d93160705bb1,A Google user,https://play-lh.googleusercontent.com/EGemoI2NTXmTsBVtJqk8jxF9rh8ApRWfsIMQSt2uE4OcpQqbFu7f7NbTK05lx80nuSijCz7sc3a277R67g,having a great time!!!!,5,0,2.64.3,2025-11-08 05:04:44,,,2.64.3,en
7f015d24-4a75-456e-9502-3ada72348759,A Google user,https://play-lh.googleusercontent.com/EGemoI2NTXmTsBVtJqk8jxF9rh8ApRWfsIMQSt2uE4OcpQqbFu7f7NbTK05lx80nuSijCz7sc3a277R67g,Fun to play and really helps me with being more aware of details.,5,0,2.64.3,2025-11-08 04:57:42,,,2.64.3,en
acce6bd6-29e4-4c8c-bbb4-1e6716c9161e,A Google user,https://play-lh.googleusercontent.com/EGemoI2NTXmTsBVtJqk8jxF9rh8ApRWfsIMQSt2uE4OcpQqbFu7f7NbTK05lx80nuSijCz7sc3a277R67g,I like the game it's challenging but fun.,5,0,,2025-11-08 03:52:36,,,,en
04bdfff6-56c3-4973-8c02-69c18c82cf78,A Google user,https://play-lh.googleusercontent.com/EGemoI2NTXmTsBVtJqk8jxF9rh8ApRWfsIMQSt2uE4OcpQqbFu7f7NbTK05lx80nuSijCz7sc3a277R67g,really enjoy this game,5,0,2.65.0,2025-11-08 03:39:00,,,2.65.0,en
c03e2163-c002-42d8-83c1-71042b2875fe,A Google user,https://play-lh.googleusercontent.com/EGemoI2NTXmTsBVtJqk8jxF9rh8ApRWfsIMQSt2uE4OcpQqbFu7f7NbTK05lx80nuSijCz7sc3a277R67g,glad it's fixed to turn off voice!,4,2,2.64.3,2025-11-08 03:34:22,"We’re sorry the new voice feature is bothering you—we never want to ruin your enjoyment! We’ll look into adding an option to disable it in the next update. Thanks for sticking with us, and we hope to win you back soon!",2025-07-14 01:09:28,2.64.3,en
948d6e48-6f67-4bdc-bd2a-e53c0c565be0,A Google user,https://play-lh.googleusercontent.com/EGemoI2NTXmTsBVtJqk8jxF9rh8ApRWfsIMQSt2uE4OcpQqbFu7f7NbTK05lx80nuSijCz7sc3a277R67g,"This game had my devotion for a long while. but now after being on level 1206 it seems to have changed. In the beginning I downloaded because after a few levels I could play the push tile mahjong. like after every 4 or 5 levels won. Eventually it stopped being a reward. and for the first 1200 levels there was a tile box at the top where I could hold 2 tiles and still match tiles:gone. I had 3 helpers I earned through watching ads undo, shuffle, & hint. now the undo is missing. change it back plz",3,0,2.64.3,2025-11-08 03:11:18,,,2.64.3,en
1d750f1c-16bb-4051-8eb4-f22671056c36,A Google user,https://play-lh.googleusercontent.com/EGemoI2NTXmTsBVtJqk8jxF9rh8ApRWfsIMQSt2uE4OcpQqbFu7f7NbTK05lx80nuSijCz7sc3a277R67g,I still love the game. But please bring back the undo button. UPDATE I appreciate your response and I understand about the ads. I really am enjoying the game. ORIGINAL The ads for this game say no ads but there are ads. AND the ads open my Google Play app automatically. This is pushy and invasive! Actual game play is fun.,5,5,2.64.3,2025-11-08 03:04:16,"We deeply apologize for the negative experience you have had. The game refers to ad-free as no ad pop-ups that interfere with your game.To be honest, our games rely on ad revenue to stay free and to support continuous improvements. However, we are working to find the right balance. Looking forward to your understanding!",2025-01-07 07:28:56,2.64.3,en
55bbbd28-75af-4dbb-acd1-973d5f0d582c,A Google user,https://play-lh.googleusercontent.com/EGemoI2NTXmTsBVtJqk8jxF9rh8ApRWfsIMQSt2uE4OcpQqbFu7f7NbTK05lx80nuSijCz7sc3a277R67g,"love this game, I play everyday .",5,0,2.63.2,2025-11-08 03:03:54,,,2.63.2,en
093063bf-4a51-4eb9-ba85-3784d3d77584,A Google user,https://play-lh.googleusercontent.com/EGemoI2NTXmTsBVtJqk8jxF9rh8ApRWfsIMQSt2uE4OcpQqbFu7f7NbTK05lx80nuSijCz7sc3a277R67g,really loved the game until the ads started happening after every level.,3,0,2.64.3,2025-11-08 02:57:09,,,2.64.3,en
303880fc-b81f-4480-858b-48620626e9ba,A Google user,https://play-lh.googleusercontent.com/EGemoI2NTXmTsBVtJqk8jxF9rh8ApRWfsIMQSt2uE4OcpQqbFu7f7NbTK05lx80nuSijCz7sc3a277R67g,I love this game. It can be challenging & fun. I've seen ads for this game lately. The ads say there are no ads & there are. That's false advertising.,4,0,2.64.3,2025-11-08 02:55:20,,,2.64.3,en
ca43178d-520c-40dd-9c3b-3ecabb1463f5,A Google user,https://play-lh.googleusercontent.com/EGemoI2NTXmTsBVtJqk8jxF9rh8ApRWfsIMQSt2uE4OcpQqbFu7f7NbTK05lx80nuSijCz7sc3a277R67g,very good for mind,5,0,2.64.3,2025-11-08 02:40:54,,,2.64.3,en
66f160af-6836-4f73-9e28-28888f03a654,A Google user,https://play-lh.googleusercontent.com/EGemoI2NTXmTsBVtJqk8jxF9rh8ApRWfsIMQSt2uE4OcpQqbFu7f7NbTK05lx80nuSijCz7sc3a277R67g,cool,5,0,2.64.3,2025-11-08 02:29:48,,,2.64.3,en
1482b4f4-bd71-4edd-9a06-7d23b0273a21,A Google user,https://play-lh.googleusercontent.com/EGemoI2NTXmTsBVtJqk8jxF9rh8ApRWfsIMQSt2uE4OcpQqbFu7f7NbTK05lx80nuSijCz7sc3a277R67g,love this game!!!,5,0,,2025-11-08 02:05:32,,,,en
5106889e-1c5d-49f6-b75b-8a28b9b5776d,A Google user,https://play-lh.googleusercontent.com/EGemoI2NTXmTsBVtJqk8jxF9rh8ApRWfsIMQSt2uE4OcpQqbFu7f7NbTK05lx80nuSijCz7sc3a277R67g,"easy to play, keep you concentrated",5,0,2.64.3,2025-11-08 01:51:05,,,2.64.3,en
93f5e868-bd7b-4da6-9390-e640c561c020,A Google user,https://play-lh.googleusercontent.com/EGemoI2NTXmTsBVtJqk8jxF9rh8ApRWfsIMQSt2uE4OcpQqbFu7f7NbTK05lx80nuSijCz7sc3a277R67g,I'm not sure what red tiles and green ones mean,4,0,2.63.2,2025-11-08 01:51:03,,,2.63.2,en
05e9d309-c6a9-441c-b32a-66fed829fc58,A Google user,https://play-lh.googleusercontent.com/EGemoI2NTXmTsBVtJqk8jxF9rh8ApRWfsIMQSt2uE4OcpQqbFu7f7NbTK05lx80nuSijCz7sc3a277R67g,Yes English no English great app enjoy 😜😜😜😜,4,0,2.58.0,2025-11-08 01:49:19,,,2.58.0,en
706d69ab-682d-4fb9-b72b-4c816d5e9cb6,A Google user,https://play-lh.googleusercontent.com/EGemoI2NTXmTsBVtJqk8jxF9rh8ApRWfsIMQSt2uE4OcpQqbFu7f7NbTK05lx80nuSijCz7sc3a277R67g,l love this match game it really makes you think,5,0,2.64.3,2025-11-08 01:47:08,,,2.64.3,en
0c7824a3-57ca-4726-92da-a8e7c88c0456,A Google user,https://play-lh.googleusercontent.com/EGemoI2NTXmTsBVtJqk8jxF9rh8ApRWfsIMQSt2uE4OcpQqbFu7f7NbTK05lx80nuSijCz7sc3a277R67g,the ads are not actually like the game I was very disappointed when I started playing and it was just normal mahjong instead of what was advertised and I'm reading the reviews of others saying the same thing and the company says we will fix the misleading parts but it's been months and still the same misleading ads,1,0,,2025-11-08 01:46:11,,,,en
5aefe913-f592-49d0-b0a1-64f898b8b386,A Google user,https://play-lh.googleusercontent.com/EGemoI2NTXmTsBVtJqk8jxF9rh8ApRWfsIMQSt2uE4OcpQqbFu7f7NbTK05lx80nuSijCz7sc3a277R67g,I love this game,5,0,2.64.3,2025-11-08 01:31:25,,,2.64.3,en
4a55c5bb-ef35-4b20-8429-d1468353571c,A Google user,https://play-lh.googleusercontent.com/EGemoI2NTXmTsBVtJqk8jxF9rh8ApRWfsIMQSt2uE4OcpQqbFu7f7NbTK05lx80nuSijCz7sc3a277R67g,Great game,5,0,2.64.3,2025-11-08 01:17:09,,,2.64.3,en
49906c3f-e114-4914-8757-00318e599fcb,A Google user,https://play-lh.googleusercontent.com/EGemoI2NTXmTsBVtJqk8jxF9rh8ApRWfsIMQSt2uE4OcpQqbFu7f7NbTK05lx80nuSijCz7sc3a277R67g,love this game give it go..,5,0,2.64.3,2025-11-08 01:10:42,,,2.64.3,en
5b0af5e1-386a-479e-9564-ffdca59ba055,A Google user,https://play-lh.googleusercontent.com/EGemoI2NTXmTsBVtJqk8jxF9rh8ApRWfsIMQSt2uE4OcpQqbFu7f7NbTK05lx80nuSijCz7sc3a277R67g,I love this game.,5,0,2.51.0,2025-11-08 01:04:11,,,2.51.0,en
c1279519-eab3-4233-86e6-3176047d47b9,A Google user,https://play-lh.googleusercontent.com/EGemoI2NTXmTsBVtJqk8jxF9rh8ApRWfsIMQSt2uE4OcpQqbFu7f7NbTK05lx80nuSijCz7sc3a277R67g,"I enjoy the games, but this is more annoying than keeping me peaceful and relaxed. Sorry 😐.",2,0,,2025-11-08 00:58:03,,,,en
30e86fc9-9590-42f9-bdf7-a279271f36bf,A Google user,https://play-lh.googleusercontent.com/EGemoI2NTXmTsBVtJqk8jxF9rh8ApRWfsIMQSt2uE4OcpQqbFu7f7NbTK05lx80nuSijCz7sc3a277R67g,it is very annoying when it plays music after I have turned off all sound in the game. Suddenly for no reason it starts and doesn't stop until I close the game completely. I am playing on a Pixel 8 pro phone. it just recently started doing this. Other than that it is a great game that I will have to stop playing.,3,0,2.64.3,2025-11-08 00:52:08,,,2.64.3,en
8e4acbe3-b951-43b8-afc3-a8bd6d0699d1,A Google user,https://play-lh.googleusercontent.com/EGemoI2NTXmTsBVtJqk8jxF9rh8ApRWfsIMQSt2uE4OcpQqbFu7f7NbTK05lx80nuSijCz7sc3a277R67g,Vita mahjong is a very good game😄,5,0,2.64.3,2025-11-08 00:45:25,,,2.64.3,en
1ca7df75-38c0-480d-a694-d84ca4d1cc1a,A Google user,https://play-lh.googleusercontent.com/EGemoI2NTXmTsBVtJqk8jxF9rh8ApRWfsIMQSt2uE4OcpQqbFu7f7NbTK05lx80nuSijCz7sc3a277R67g,Veeery relaxing. I love it 😭,5,0,2.64.3,2025-11-08 00:29:51,,,2.64.3,en
0ea523dd-d1e1-4beb-93c7-a83b2cb469f7,A Google user,https://play-lh.googleusercontent.com/EGemoI2NTXmTsBVtJqk8jxF9rh8ApRWfsIMQSt2uE4OcpQqbFu7f7NbTK05lx80nuSijCz7sc3a277R67g,I think this mind map take a big place on mind,5,0,2.64.3,2025-11-08 00:26:14,,,2.64.3,en
53a27882-66ba-4b5b-8776-217899538dc8,A Google user,https://play-lh.googleusercontent.com/EGemoI2NTXmTsBVtJqk8jxF9rh8ApRWfsIMQSt2uE4OcpQqbFu7f7NbTK05lx80nuSijCz7sc3a277R67g,this game calms me we,5,0,,2025-11-08 00:21:45,,,,en
1f6fcfac-7340-4519-b953-3eeb5280184f,A Google user,https://play-lh.googleusercontent.com/EGemoI2NTXmTsBVtJqk8jxF9rh8ApRWfsIMQSt2uE4OcpQqbFu7f7NbTK05lx80nuSijCz7sc3a277R67g,"Not even real mahjong, just match-2 garbage. Trash.",1,0,2.64.3,2025-11-08 00:20:22,,,2.64.3,en
f574c180-f96b-4165-8a45-a10d8ab44220,A Google user,https://play-lh.googleusercontent.com/EGemoI2NTXmTsBVtJqk8jxF9rh8ApRWfsIMQSt2uE4OcpQqbFu7f7NbTK05lx80nuSijCz7sc3a277R67g,keep you focused,5,0,,2025-11-08 00:03:14,,,,en
857d8729-a670-466b-9e7c-4d6011c89c24,A Google user,https://play-lh.googleusercontent.com/EGemoI2NTXmTsBVtJqk8jxF9rh8ApRWfsIMQSt2uE4OcpQqbFu7f7NbTK05lx80nuSijCz7sc3a277R67g,all I can say that the game is superb,5,0,2.64.3,2025-11-07 23:56:33,,,2.64.3,en
582568f4-dd07-42d9-abd3-9a0147ea6349,A Google user,https://play-lh.googleusercontent.com/EGemoI2NTXmTsBVtJqk8jxF9rh8ApRWfsIMQSt2uE4OcpQqbFu7f7NbTK05lx80nuSijCz7sc3a277R67g,I don't know where to find my account information. I use the Google browser...is that it? If I uninstall/reinstall won't that wipe out my old data for good??!!?,2,0,2.64.3,2025-11-07 23:55:00,"We're very sorry for the loss of your game progress. This may be due to a data synchronization issue after the update. Please try restarting the game or reinstalling it, and make sure to log in with the same account. If the problem persists, please contact our customer support and provide your account information",2025-11-07 01:19:42,2.64.3,en
1f951325-d425-4611-bca8-0ff4dc6747e7,A Google user,https://play-lh.googleusercontent.com/EGemoI2NTXmTsBVtJqk8jxF9rh8ApRWfsIMQSt2uE4OcpQqbFu7f7NbTK05lx80nuSijCz7sc3a277R67g,"Love the game, but there are many ads.",5,0,2.64.3,2025-11-07 23:52:13,,,2.64.3,en
6d6eea4f-8545-494e-8ff5-9de67614d7e5,A Google user,https://play-lh.googleusercontent.com/EGemoI2NTXmTsBVtJqk8jxF9rh8ApRWfsIMQSt2uE4OcpQqbFu7f7NbTK05lx80nuSijCz7sc3a277R67g,Bring back the Undo button!!!! Game was great until you removed it. Now when it auto picks one you can't undo it and often have to shuffle the board.,4,0,2.64.3,2025-11-07 23:39:27,,,2.64.3,en
c7947466-ceb5-433e-8f84-8b8d83dda442,A Google user,https://play-lh.googleusercontent.com/EGemoI2NTXmTsBVtJqk8jxF9rh8ApRWfsIMQSt2uE4OcpQqbFu7f7NbTK05lx80nuSijCz7sc3a277R67g,"This was an addictive game but, there are a bunch of matches that you can match the same tiles but not a lot, the ads are decent and less that all the special tiles, the voice is pretty good when I make a move, it always calm and this is the #1 mahjong game.",5,0,2.65.0,2025-11-07 23:37:21,,,2.65.0,en
2bd8ea3a-817c-462e-bd7b-88093bcdaf48,A Google user,https://play-lh.googleusercontent.com/EGemoI2NTXmTsBVtJqk8jxF9rh8ApRWfsIMQSt2uE4OcpQqbFu7f7NbTK05lx80nuSijCz7sc3a277R67g,I love this game but I can't get them to answer my email for help for some reason I can't get the video to load to earn hints and the other thing it's really frustrating,5,0,2.64.3,2025-11-07 23:32:10,,,2.64.3,en
a5e61e44-becb-4e4e-90fc-3ced5d958e77,A Google user,https://play-lh.googleusercontent.com/EGemoI2NTXmTsBVtJqk8jxF9rh8ApRWfsIMQSt2uE4OcpQqbFu7f7NbTK05lx80nuSijCz7sc3a277R67g,"great game , very competitive but too many ads !",4,0,2.65.0,2025-11-07 23:09:25,,,2.65.0,en
c6b5a1ec-dea7-4c17-91ab-8f6dedaa500a,A Google user,https://play-lh.googleusercontent.com/EGemoI2NTXmTsBVtJqk8jxF9rh8ApRWfsIMQSt2uE4OcpQqbFu7f7NbTK05lx80nuSijCz7sc3a277R67g,"great game but you say no ads, there is ads and a hell of a lot of them, feels like non stop, if you say no ads why do I get so many.",3,0,2.64.3,2025-11-07 22:50:33,,,2.64.3,en
ab0787dd-afa2-4299-93a1-5108b4e04d73,A Google user,https://play-lh.googleusercontent.com/EGemoI2NTXmTsBVtJqk8jxF9rh8ApRWfsIMQSt2uE4OcpQqbFu7f7NbTK05lx80nuSijCz7sc3a277R67g,beautiful I always see this game online didn't know it works in Cameroon it's amazing but why I can't get my own money too,5,0,2.65.0,2025-11-07 22:35:09,,,2.65.0,en
f3c6a464-9f97-4d28-a3c7-83793b176e9d,A Google user,https://play-lh.googleusercontent.com/EGemoI2NTXmTsBVtJqk8jxF9rh8ApRWfsIMQSt2uE4OcpQqbFu7f7NbTK05lx80nuSijCz7sc3a277R67g,supposed to be free from ads. not true!!,2,0,2.63.2,2025-11-07 22:10:32,,,2.63.2,en
c7e6d33a-0a11-4301-ba20-7e0f4716829f,A Google user,https://play-lh.googleusercontent.com/EGemoI2NTXmTsBVtJqk8jxF9rh8ApRWfsIMQSt2uE4OcpQqbFu7f7NbTK05lx80nuSijCz7sc3a277R67g,this app has been flagged by two security apps as containing malware.,1,0,2.22.0,2025-11-07 21:43:44,,,2.22.0,en
6f68f60d-4381-4539-85ec-d93f24ab601a,A Google user,https://play-lh.googleusercontent.com/EGemoI2NTXmTsBVtJqk8jxF9rh8ApRWfsIMQSt2uE4OcpQqbFu7f7NbTK05lx80nuSijCz7sc3a277R67g,Great Game. Lots of fun. The game moves along rapidly.,5,0,2.64.3,2025-11-07 21:38:46,,,2.64.3,en
89a71b66-4cf0-479b-91c1-f866ee8243b3,A Google user,https://play-lh.googleusercontent.com/EGemoI2NTXmTsBVtJqk8jxF9rh8ApRWfsIMQSt2uE4OcpQqbFu7f7NbTK05lx80nuSijCz7sc3a277R67g,is it possible to change my name?,5,0,2.64.3,2025-11-07 21:32:41,,,2.64.3,en
7b904cdd-6f4d-4a1e-b88b-87666eb39622,A Google user,https://play-lh.googleusercontent.com/EGemoI2NTXmTsBVtJqk8jxF9rh8ApRWfsIMQSt2uE4OcpQqbFu7f7NbTK05lx80nuSijCz7sc3a277R67g,I don't like the ads and apps they suggest,2,0,2.64.3,2025-11-07 21:17:06,,,2.64.3,en
4a864fd3-d94a-4341-9307-62ca34ee7919,A Google user,https://play-lh.googleusercontent.com/EGemoI2NTXmTsBVtJqk8jxF9rh8ApRWfsIMQSt2uE4OcpQqbFu7f7NbTK05lx80nuSijCz7sc3a277R67g,Game suddenly froze. I had to reinstall and lost over 2 weeks of scores and position. very disappointing.,2,0,2.65.0,2025-11-07 21:11:47,,,2.65.0,en
b925fdb1-fd8f-4cb6-977c-f0c440530013,A Google user,https://play-lh.googleusercontent.com/EGemoI2NTXmTsBVtJqk8jxF9rh8ApRWfsIMQSt2uE4OcpQqbFu7f7NbTK05lx80nuSijCz7sc3a277R67g,"I rated this game before and complained about the use of ai, but still nothing seems to be done about it. Infact, theres even more ai now. They ""assured"" me that everything is well crafted by their design team, but the events, profile pictures and the google play bannera are all ai.. I reached out to customer support since this is what i got suggested by their response if i still have more complaints. I showed proof and yet still the same. Its really a shame, but ill be playing other games.",1,0,,2025-11-07 20:53:34,,,,en
563d9051-7c6c-4d7f-ab7b-026d0d6b3258,A Google user,https://play-lh.googleusercontent.com/EGemoI2NTXmTsBVtJqk8jxF9rh8ApRWfsIMQSt2uE4OcpQqbFu7f7NbTK05lx80nuSijCz7sc3a277R67g,great stress removal,5,0,,2025-11-07 20:39:51,,,,en
88563d75-1f59-49d9-9bf7-d1f1994ee07c,A Google user,https://play-lh.googleusercontent.com/EGemoI2NTXmTsBVtJqk8jxF9rh8ApRWfsIMQSt2uE4OcpQqbFu7f7NbTK05lx80nuSijCz7sc3a277R67g,I'm on Level 1252 and still pushing to the top. I really love this game. Especially the Daily Quotes on the opening of the app. Still my rating would be 5 🌟 stars. I love it and it really made me sleep soundly. I really love this game 🎮,5,1,2.65.0,2025-11-07 20:33:13,This warms our hearts so much! 😭💖 Nothing makes us happier than knowing our game brings you joy and restful sleep! 🌙✨ Thank you for sharing this with us!,2025-10-21 23:32:07,2.65.0,en
53a894d5-b427-44b4-947e-c62fe5e1da40,A Google user,https://play-lh.googleusercontent.com/EGemoI2NTXmTsBVtJqk8jxF9rh8ApRWfsIMQSt2uE4OcpQqbFu7f7NbTK05lx80nuSijCz7sc3a277R67g,"this is very nice and interested, how to earn money of this game ?...",3,0,2.64.1,2025-11-07 19:22:38,,,2.64.1,en
e33c77b7-3c67-4385-acb7-357d3d644570,A Google user,https://play-lh.googleusercontent.com/EGemoI2NTXmTsBVtJqk8jxF9rh8ApRWfsIMQSt2uE4OcpQqbFu7f7NbTK05lx80nuSijCz7sc3a277R67g,it's Mind Blowing,5,0,2.64.3,2025-11-07 19:16:08,,,2.64.3,en
cb1c4f84-373f-4354-8cff-9a44d2f73130,A Google user,https://play-lh.googleusercontent.com/EGemoI2NTXmTsBVtJqk8jxF9rh8ApRWfsIMQSt2uE4OcpQqbFu7f7NbTK05lx80nuSijCz7sc3a277R67g,I wish it wouldn't take tiles away. It's messed up several moves I wanted to make.,5,0,2.61.3,2025-11-07 19:05:02,,,2.61.3,en
1e61d66a-862b-41b6-a260-b490e899e37c,A Google user,https://play-lh.googleusercontent.com/EGemoI2NTXmTsBVtJqk8jxF9rh8ApRWfsIMQSt2uE4OcpQqbFu7f7NbTK05lx80nuSijCz7sc3a277R67g,it didn't start on the last update. it started after the update before that. I was hoping the last update would have corrected it. I sent picture attachments to your email help desk. I have a moto G4 play 2024. one picture shows the last two tiles left. They do not match. but I am able to close them. Plus a couple more examples. if you need anything else please let me know...,1,0,2.64.3,2025-11-07 18:55:46,"We're sorry that the last update caused this problem. Please try restarting the game first to see if it can be fixed. If the issue persists, please provide us with your device model, the specific time when the problem occurred, and a screenshot or video of the problem. This will help us locate and fix the problem more quickly. Thank you",2025-11-07 01:21:44,2.64.3,en
0bd72b9f-ccd3-4ea0-9b35-2dccd78d8223,A Google user,https://play-lh.googleusercontent.com/EGemoI2NTXmTsBVtJqk8jxF9rh8ApRWfsIMQSt2uE4OcpQqbFu7f7NbTK05lx80nuSijCz7sc3a277R67g,Game has become unplayable. So many ads and game crashes with every single ad. They removed the redo button. 😐,2,17,2.63.2,2025-11-07 18:51:06,,,2.63.2,en
f10e3bd8-9faf-4135-b7e3-8dcde6371b4f,A Google user,https://play-lh.googleusercontent.com/EGemoI2NTXmTsBVtJqk8jxF9rh8ApRWfsIMQSt2uE4OcpQqbFu7f7NbTK05lx80nuSijCz7sc3a277R67g,Great game,5,0,2.65.0,2025-11-07 18:49:22,,,2.65.0,en
fca972d6-1251-42af-a3f6-80d617f17efd,A Google user,https://play-lh.googleusercontent.com/EGemoI2NTXmTsBVtJqk8jxF9rh8ApRWfsIMQSt2uE4OcpQqbFu7f7NbTK05lx80nuSijCz7sc3a277R67g,Don't always get my rewards.,3,0,2.64.3,2025-11-07 18:39:26,,,2.64.3,en
c9d1eab8-6df7-402c-8ba0-5383866fc35b,A Google user,https://play-lh.googleusercontent.com/EGemoI2NTXmTsBVtJqk8jxF9rh8ApRWfsIMQSt2uE4OcpQqbFu7f7NbTK05lx80nuSijCz7sc3a277R67g,"When you are out of shuffles and press GET ONE, it tells you to wait. You can wait 10 minutes and another shuffle never comes up and the only alternative is to press to do game over. This is in need of repair for a few weeks now. 9/13/25. A fun game became so frustrating. Very few shuffles are given and when out, you have to replay the game sometimes 4 times or more, without any other choice. it's a waste of time when competing for 1st place. Please get back to the old game.",1,5,2.64.3,2025-11-07 18:26:09,,,2.64.3,en
d2466d47-234d-435e-af0a-4851ec016de2,A Google user,https://play-lh.googleusercontent.com/EGemoI2NTXmTsBVtJqk8jxF9rh8ApRWfsIMQSt2uE4OcpQqbFu7f7NbTK05lx80nuSijCz7sc3a277R67g,This game is mind concentration.,5,0,,2025-11-07 18:25:15,,,,en
503cad5f-d0f8-480f-8b84-c502a862b356,A Google user,https://play-lh.googleusercontent.com/EGemoI2NTXmTsBVtJqk8jxF9rh8ApRWfsIMQSt2uE4OcpQqbFu7f7NbTK05lx80nuSijCz7sc3a277R67g,this is good game but give us mony for playing this game,5,0,2.64.3,2025-11-07 18:17:35,,,2.64.3,en
b022b3b2-df63-4ee2-97fa-27d1a89dd07e,A Google user,https://play-lh.googleusercontent.com/EGemoI2NTXmTsBVtJqk8jxF9rh8ApRWfsIMQSt2uE4OcpQqbFu7f7NbTK05lx80nuSijCz7sc3a277R67g,thank you,5,0,2.64.3,2025-11-07 18:14:38,,,2.64.3,en
a2644034-62c0-49b0-9ec4-0caa8cc23b4b,A Google user,https://play-lh.googleusercontent.com/EGemoI2NTXmTsBVtJqk8jxF9rh8ApRWfsIMQSt2uE4OcpQqbFu7f7NbTK05lx80nuSijCz7sc3a277R67g,"This isn't even the game advertised, this is just regular mahjong, but they advertise it as a different, 2 player tile matching game",1,0,2.64.3,2025-11-07 18:11:56,,,2.64.3,en
28af1e52-b95f-4bd3-9061-3fa3fd29303f,A Google user,https://play-lh.googleusercontent.com/EGemoI2NTXmTsBVtJqk8jxF9rh8ApRWfsIMQSt2uE4OcpQqbFu7f7NbTK05lx80nuSijCz7sc3a277R67g,Great game,5,0,2.64.1,2025-11-07 17:43:23,,,2.64.1,en
ebf148bd-ad31-4fe7-b917-d958a815bd85,A Google user,https://play-lh.googleusercontent.com/EGemoI2NTXmTsBVtJqk8jxF9rh8ApRWfsIMQSt2uE4OcpQqbFu7f7NbTK05lx80nuSijCz7sc3a277R67g,release strees methods. it is the best,5,0,2.64.3,2025-11-07 17:43:02,,,2.64.3,en
342b1dac-8f48-4c65-bdde-990fea259636,A Google user,https://play-lh.googleusercontent.com/EGemoI2NTXmTsBVtJqk8jxF9rh8ApRWfsIMQSt2uE4OcpQqbFu7f7NbTK05lx80nuSijCz7sc3a277R67g,Not played Mahjong before v ery addictive,5,0,2.63.2,2025-11-07 17:29:00,,,2.63.2,en
8aa4fc92-e741-4f63-859e-f0de71480d09,A Google user,https://play-lh.googleusercontent.com/EGemoI2NTXmTsBVtJqk8jxF9rh8ApRWfsIMQSt2uE4OcpQqbFu7f7NbTK05lx80nuSijCz7sc3a277R67g,Says on the banner no ads....,1,0,2.64.3,2025-11-07 17:06:20,,,2.64.3,en
a2495c80-d33c-4272-801b-99fc1e1b50d7,A Google user,https://play-lh.googleusercontent.com/EGemoI2NTXmTsBVtJqk8jxF9rh8ApRWfsIMQSt2uE4OcpQqbFu7f7NbTK05lx80nuSijCz7sc3a277R67g,Quite interesting and release of stressful times and days,5,0,2.64.3,2025-11-07 17:02:58,,,2.64.3,en
c5207bc9-5bb0-4109-9f87-de3aace4c648,A Google user,https://play-lh.googleusercontent.com/EGemoI2NTXmTsBVtJqk8jxF9rh8ApRWfsIMQSt2uE4OcpQqbFu7f7NbTK05lx80nuSijCz7sc3a277R67g,"Great game, relaxing while absorbing",5,0,2.63.2,2025-11-07 17:02:40,,,2.63.2,en
79a97148-5709-4ba9-9cd7-d7b30fa488dc,A Google user,https://play-lh.googleusercontent.com/EGemoI2NTXmTsBVtJqk8jxF9rh8ApRWfsIMQSt2uE4OcpQqbFu7f7NbTK05lx80nuSijCz7sc3a277R67g,"not good, can't even play the game as it asked me to read and accept the conditions, have you seen them!!! my god its just a game why about 10 pages of T&Cs ??? NO THANKS . its just a game, why pages and pages... shame. clearly after info",1,0,2.53.1,2025-11-07 16:55:33,,,2.53.1,en
193e0dcd-aada-4210-a10c-b483adb69f58,A Google user,https://play-lh.googleusercontent.com/EGemoI2NTXmTsBVtJqk8jxF9rh8ApRWfsIMQSt2uE4OcpQqbFu7f7NbTK05lx80nuSijCz7sc3a277R67g,fun and relaxing,5,0,2.64.3,2025-11-07 16:49:56,,,2.64.3,en
e3d1af8b-e12b-4d24-9f59-f6141a1d3d61,A Google user,https://play-lh.googleusercontent.com/EGemoI2NTXmTsBVtJqk8jxF9rh8ApRWfsIMQSt2uE4OcpQqbFu7f7NbTK05lx80nuSijCz7sc3a277R67g,is nice,5,0,2.63.2,2025-11-07 16:41:13,,,2.63.2,en
2ea527e6-4476-4f22-9c96-7ebe36ef70d2,A Google user,https://play-lh.googleusercontent.com/EGemoI2NTXmTsBVtJqk8jxF9rh8ApRWfsIMQSt2uE4OcpQqbFu7f7NbTK05lx80nuSijCz7sc3a277R67g,"Great Brain exercise, love it!",5,0,2.64.3,2025-11-07 16:26:28,,,2.64.3,en
ea2bdb14-b840-4be5-8724-a68221e745e8,A Google user,https://play-lh.googleusercontent.com/EGemoI2NTXmTsBVtJqk8jxF9rh8ApRWfsIMQSt2uE4OcpQqbFu7f7NbTK05lx80nuSijCz7sc3a277R67g,"Small unobtrusive ad at the bottom, nice game.",5,0,2.64.3,2025-11-07 16:04:40,,,2.64.3,en
79854bf3-16be-4cbc-beef-4441ac28429b,A Google user,https://play-lh.googleusercontent.com/EGemoI2NTXmTsBVtJqk8jxF9rh8ApRWfsIMQSt2uE4OcpQqbFu7f7NbTK05lx80nuSijCz7sc3a277R67g,"good game, passes the time and good exercise for the brain",5,0,2.64.3,2025-11-07 15:51:36,,,2.64.3,en
0b616b87-47c5-4295-b920-6078c92510d2,A Google user,https://play-lh.googleusercontent.com/EGemoI2NTXmTsBVtJqk8jxF9rh8ApRWfsIMQSt2uE4OcpQqbFu7f7NbTK05lx80nuSijCz7sc3a277R67g,love this,5,0,2.64.3,2025-11-07 15:13:47,,,2.64.3,en
e51fbba0-2067-496c-8cec-f1e0b506c5c0,A Google user,https://play-lh.googleusercontent.com/EGemoI2NTXmTsBVtJqk8jxF9rh8ApRWfsIMQSt2uE4OcpQqbFu7f7NbTK05lx80nuSijCz7sc3a277R67g,lot of fun,5,0,2.63.2,2025-11-07 15:12:43,,,2.63.2,en
f5b69f71-b7f8-4317-9989-09ddfaf0c618,A Google user,https://play-lh.googleusercontent.com/EGemoI2NTXmTsBVtJqk8jxF9rh8ApRWfsIMQSt2uE4OcpQqbFu7f7NbTK05lx80nuSijCz7sc3a277R67g,"made it 2 stars. fun, not relaxing. some things are not made clear. for example, what is holders.. have looked at many places. you need to have a list of terms and rules. I enjoy playing the game , but am seriously annoyed",2,0,2.64.3,2025-11-07 15:10:25,,,2.64.3,en
70353815-d7dd-44a8-995a-1f544533ac1d,A Google user,https://play-lh.googleusercontent.com/EGemoI2NTXmTsBVtJqk8jxF9rh8ApRWfsIMQSt2uE4OcpQqbFu7f7NbTK05lx80nuSijCz7sc3a277R67g,"Good game, but insane and annoying amount of unskippable adds. At least one after every level, and sometimes during the playthrough.",2,0,2.64.3,2025-11-07 14:47:21,,,2.64.3,en
0041e599-eb6c-4921-921d-a89367b9b15b,A Google user,https://play-lh.googleusercontent.com/EGemoI2NTXmTsBVtJqk8jxF9rh8ApRWfsIMQSt2uE4OcpQqbFu7f7NbTK05lx80nuSijCz7sc3a277R67g,That is good.I would like to play more and give chances,5,0,2.64.3,2025-11-07 14:40:26,,,2.64.3,en
589c197f-8372-4d6b-8fdf-c4093b887ccb,A Google user,https://play-lh.googleusercontent.com/EGemoI2NTXmTsBVtJqk8jxF9rh8ApRWfsIMQSt2uE4OcpQqbFu7f7NbTK05lx80nuSijCz7sc3a277R67g,love it sooooo much,5,0,2.65.0,2025-11-07 14:39:23,,,2.65.0,en
2972c3ab-3a40-43f2-863a-382ba27e01f8,A Google user,https://play-lh.googleusercontent.com/EGemoI2NTXmTsBVtJqk8jxF9rh8ApRWfsIMQSt2uE4OcpQqbFu7f7NbTK05lx80nuSijCz7sc3a277R67g,"Makes you think bout what are doing each move.. still, it's relaxing so good for those recovering from a stroke being a s .I myself find this a great Game... hope you will to 😎👍🏻 THANK YOU.. ITS Brilliant ... Do yourself a Big Favour and download the game you'll be glad you did.....",5,0,2.64.3,2025-11-07 14:36:11,,,2.64.3,en
711c8f8d-8667-4239-84ec-29a2f0904847,A Google user,https://play-lh.googleusercontent.com/EGemoI2NTXmTsBVtJqk8jxF9rh8ApRWfsIMQSt2uE4OcpQqbFu7f7NbTK05lx80nuSijCz7sc3a277R67g,Don't play anyone because it's very worst getting multiple ad's very boring,1,0,2.61.3,2025-11-07 14:31:11,,,2.61.3,en
548a4d04-162a-4f15-b04f-6ece1fbacee4,A Google user,https://play-lh.googleusercontent.com/EGemoI2NTXmTsBVtJqk8jxF9rh8ApRWfsIMQSt2uE4OcpQqbFu7f7NbTK05lx80nuSijCz7sc3a277R67g,It's just enjoying my time,5,0,2.64.3,2025-11-07 14:17:39,,,2.64.3,en
255e1607-8229-4a16-b0a0-16a19963e94e,A Google user,https://play-lh.googleusercontent.com/EGemoI2NTXmTsBVtJqk8jxF9rh8ApRWfsIMQSt2uE4OcpQqbFu7f7NbTK05lx80nuSijCz7sc3a277R67g,Not the game shown in advertisement,1,0,2.64.3,2025-11-07 14:10:41,,,2.64.3,en
deb4a283-661a-42ed-a127-223c06240c69,A Google user,https://play-lh.googleusercontent.com/EGemoI2NTXmTsBVtJqk8jxF9rh8ApRWfsIMQSt2uE4OcpQqbFu7f7NbTK05lx80nuSijCz7sc3a277R67g,that's good thanks,5,0,2.64.3,2025-11-07 14:02:57,,,2.64.3,en
7ebf3677-6430-4c82-9261-a4b0a8dc86ff,A Google user,https://play-lh.googleusercontent.com/EGemoI2NTXmTsBVtJqk8jxF9rh8ApRWfsIMQSt2uE4OcpQqbFu7f7NbTK05lx80nuSijCz7sc3a277R67g,great game,5,0,2.64.3,2025-11-07 14:02:19,,,2.64.3,en
01ad76e4-8e96-4451-aacb-673036b99954,A Google user,https://play-lh.googleusercontent.com/EGemoI2NTXmTsBVtJqk8jxF9rh8ApRWfsIMQSt2uE4OcpQqbFu7f7NbTK05lx80nuSijCz7sc3a277R67g,Apparently the reward for getting high ranking is to be inundated by adds between every single game. The only way to get out of the add is to close the whole thing and start over. Thanks for becoming just like all the other greedy idiots out there that we have to contend with.,1,0,,2025-11-07 13:35:54,,,,en
783325ce-3b60-4f8d-98fa-74f8f36d8963,A Google user,https://play-lh.googleusercontent.com/EGemoI2NTXmTsBVtJqk8jxF9rh8ApRWfsIMQSt2uE4OcpQqbFu7f7NbTK05lx80nuSijCz7sc3a277R67g,Good for me!,5,0,,2025-11-07 13:18:58,,,,en
9e8f51dd-b362-4592-af95-6e35b987a354,A Google user,https://play-lh.googleusercontent.com/EGemoI2NTXmTsBVtJqk8jxF9rh8ApRWfsIMQSt2uE4OcpQqbFu7f7NbTK05lx80nuSijCz7sc3a277R67g,"Good Graphics, keeps you interested",5,0,2.64.1,2025-11-07 13:17:56,,,2.64.1,en
dd68ccd9-f4bf-4b82-bcfb-f03c061aea00,A Google user,https://play-lh.googleusercontent.com/EGemoI2NTXmTsBVtJqk8jxF9rh8ApRWfsIMQSt2uE4OcpQqbFu7f7NbTK05lx80nuSijCz7sc3a277R67g,Great love it,5,0,,2025-11-07 13:14:47,,,,en
f2a58278-7736-4d1f-ab28-e4d6d9a5ef9a,A Google user,https://play-lh.googleusercontent.com/EGemoI2NTXmTsBVtJqk8jxF9rh8ApRWfsIMQSt2uE4OcpQqbFu7f7NbTK05lx80nuSijCz7sc3a277R67g,I'm enjoying this lovely game,5,0,2.64.3,2025-11-07 13:14:24,,,2.64.3,en
f90c7cb9-4080-4d1a-bd8a-22ae4ff875f3,A Google user,https://play-lh.googleusercontent.com/EGemoI2NTXmTsBVtJqk8jxF9rh8ApRWfsIMQSt2uE4OcpQqbFu7f7NbTK05lx80nuSijCz7sc3a277R67g,great game,5,0,,2025-11-07 13:11:45,,,,en
82fdabb0-72e1-4822-ab0a-25a18426b401,A Google user,https://play-lh.googleusercontent.com/EGemoI2NTXmTsBVtJqk8jxF9rh8ApRWfsIMQSt2uE4OcpQqbFu7f7NbTK05lx80nuSijCz7sc3a277R67g,This is really a good game,5,0,2.65.0,2025-11-07 13:10:21,,,2.65.0,en
50ef3546-8172-471e-817d-0e7e8d8e4e6f,A Google user,https://play-lh.googleusercontent.com/EGemoI2NTXmTsBVtJqk8jxF9rh8ApRWfsIMQSt2uE4OcpQqbFu7f7NbTK05lx80nuSijCz7sc3a277R67g,I like the game it's nice,5,0,2.64.3,2025-11-07 12:57:33,,,2.64.3,en
fa9377cd-cbca-4c1d-92f7-946ce74e56f7,A Google user,https://play-lh.googleusercontent.com/EGemoI2NTXmTsBVtJqk8jxF9rh8ApRWfsIMQSt2uE4OcpQqbFu7f7NbTK05lx80nuSijCz7sc3a277R67g,sharpen the brain,5,0,2.64.3,2025-11-07 12:43:13,,,2.64.3,en
b41e03d2-856b-4458-a25c-3086aa18b7c3,A Google user,https://play-lh.googleusercontent.com/EGemoI2NTXmTsBVtJqk8jxF9rh8ApRWfsIMQSt2uE4OcpQqbFu7f7NbTK05lx80nuSijCz7sc3a277R67g,love it great game,5,0,2.64.1,2025-11-07 12:27:04,,,2.64.1,en
d34c4c3f-3058-4daf-96a5-907254217846,A Google user,https://play-lh.googleusercontent.com/EGemoI2NTXmTsBVtJqk8jxF9rh8ApRWfsIMQSt2uE4OcpQqbFu7f7NbTK05lx80nuSijCz7sc3a277R67g,it's fun,4,0,2.64.3,2025-11-07 12:26:18,,,2.64.3,en
a49dbe05-43bb-4fb0-ace4-b0d1b4f2f89e,A Google user,https://play-lh.googleusercontent.com/EGemoI2NTXmTsBVtJqk8jxF9rh8ApRWfsIMQSt2uE4OcpQqbFu7f7NbTK05lx80nuSijCz7sc3a277R67g,nice relaxation,5,0,2.64.3,2025-11-07 12:21:33,,,2.64.3,en
ccfc66d2-a399-4d33-a06e-6ad220321f4a,A Google user,https://play-lh.googleusercontent.com/EGemoI2NTXmTsBVtJqk8jxF9rh8ApRWfsIMQSt2uE4OcpQqbFu7f7NbTK05lx80nuSijCz7sc3a277R67g,The mahjong tiles' sounds are super crispy & the background is water sounds Super fun! Can win many times!,5,0,,2025-11-07 12:19:30,,,,en
0c2da6c5-a159-46cc-9b17-53efc390eea8,A Google user,https://play-lh.googleusercontent.com/EGemoI2NTXmTsBVtJqk8jxF9rh8ApRWfsIMQSt2uE4OcpQqbFu7f7NbTK05lx80nuSijCz7sc3a277R67g,the best game,5,0,2.64.3,2025-11-07 12:18:24,,,2.64.3,en
1e686749-18e6-4680-8773-5887e603d696,A Google user,https://play-lh.googleusercontent.com/EGemoI2NTXmTsBVtJqk8jxF9rh8ApRWfsIMQSt2uE4OcpQqbFu7f7NbTK05lx80nuSijCz7sc3a277R67g,very smooth actually it helps me improve focus but also to relax,5,0,2.62.2,2025-11-07 12:11:52,,,2.62.2,en
c278beb7-ca08-4747-b2e8-a936b7215b01,A Google user,https://play-lh.googleusercontent.com/EGemoI2NTXmTsBVtJqk8jxF9rh8ApRWfsIMQSt2uE4OcpQqbFu7f7NbTK05lx80nuSijCz7sc3a277R67g,"nice game but as we reach higher level, game stops giving undo rewards.",4,0,,2025-11-07 12:01:01,,,,en
e8ce1304-89a8-4b25-8e9c-eb9c9971caca,A Google user,https://play-lh.googleusercontent.com/EGemoI2NTXmTsBVtJqk8jxF9rh8ApRWfsIMQSt2uE4OcpQqbFu7f7NbTK05lx80nuSijCz7sc3a277R67g,"Hi, good application.. I like it This application",5,0,,2025-11-07 11:52:11,,,,en
485497d6-b5fb-4e45-bf96-ac784fa27ba6,A Google user,https://play-lh.googleusercontent.com/EGemoI2NTXmTsBVtJqk8jxF9rh8ApRWfsIMQSt2uE4OcpQqbFu7f7NbTK05lx80nuSijCz7sc3a277R67g,thank you,5,0,2.64.1,2025-11-07 11:35:47,,,2.64.1,en
dcb91a23-f30e-462d-a17e-211f0eb21f2f,A Google user,https://play-lh.googleusercontent.com/EGemoI2NTXmTsBVtJqk8jxF9rh8ApRWfsIMQSt2uE4OcpQqbFu7f7NbTK05lx80nuSijCz7sc3a277R67g,this is so cool,5,0,2.64.3,2025-11-07 11:25:48,,,2.64.3,en
04972f6c-0963-4ad2-8f2a-99caa7f2a7a3,A Google user,https://play-lh.googleusercontent.com/EGemoI2NTXmTsBVtJqk8jxF9rh8ApRWfsIMQSt2uE4OcpQqbFu7f7NbTK05lx80nuSijCz7sc3a277R67g,The game challenges the brain to come up with strategies to unlock stagnation,5,0,,2025-11-07 11:23:32,,,,en
8e09eb85-0253-4db1-af0c-5739911c35ba,A Google user,https://play-lh.googleusercontent.com/EGemoI2NTXmTsBVtJqk8jxF9rh8ApRWfsIMQSt2uE4OcpQqbFu7f7NbTK05lx80nuSijCz7sc3a277R67g,Great game love it large,5,0,2.64.3,2025-11-07 11:23:05,,,2.64.3,en
9f4684f4-4b30-45df-862f-34685a27563e,A Google user,https://play-lh.googleusercontent.com/EGemoI2NTXmTsBVtJqk8jxF9rh8ApRWfsIMQSt2uE4OcpQqbFu7f7NbTK05lx80nuSijCz7sc3a277R67g,Relaxing,3,0,2.63.2,2025-11-07 11:15:58,,,2.63.2,en
46ee3bbe-44c2-46b4-9835-e3d2ab684a7e,A Google user,https://play-lh.googleusercontent.com/EGemoI2NTXmTsBVtJqk8jxF9rh8ApRWfsIMQSt2uE4OcpQqbFu7f7NbTK05lx80nuSijCz7sc3a277R67g,very comfortable game,5,0,2.63.2,2025-11-07 10:59:33,,,2.63.2,en
95093959-85b9-4e44-8f81-747461003694,A Google user,https://play-lh.googleusercontent.com/EGemoI2NTXmTsBVtJqk8jxF9rh8ApRWfsIMQSt2uE4OcpQqbFu7f7NbTK05lx80nuSijCz7sc3a277R67g,"relaxing game, I love it",5,0,2.64.1,2025-11-07 10:38:14,,,2.64.1,en
3bfb35d5-4450-4d4a-8aa6-13629bcd9f98,A Google user,https://play-lh.googleusercontent.com/EGemoI2NTXmTsBVtJqk8jxF9rh8ApRWfsIMQSt2uE4OcpQqbFu7f7NbTK05lx80nuSijCz7sc3a277R67g,its very coll I really like it but the add will come many time I will we very irritate,5,0,2.64.3,2025-11-07 10:04:11,,,2.64.3,en
fe330eb8-e260-43aa-9d74-944fbd4a2f37,A Google user,https://play-lh.googleusercontent.com/EGemoI2NTXmTsBVtJqk8jxF9rh8ApRWfsIMQSt2uE4OcpQqbFu7f7NbTK05lx80nuSijCz7sc3a277R67g,"False Advertisement. This game is garbage. If this game was really good, you wouldn't need to upload fake ads on Facebook to trick people into downloading it. uninstalled",1,0,,2025-11-07 10:01:35,,,,en
5358e161-66af-4216-aeee-b71aa49cb5f8,A Google user,https://play-lh.googleusercontent.com/EGemoI2NTXmTsBVtJqk8jxF9rh8ApRWfsIMQSt2uE4OcpQqbFu7f7NbTK05lx80nuSijCz7sc3a277R67g,it's a nice app but you need to be in a network zone so you can watch the adds for a shuffle,5,0,,2025-11-07 09:59:40,,,,en
81ab2917-d440-4c47-bb13-b057fe21085c,A Google user,https://play-lh.googleusercontent.com/EGemoI2NTXmTsBVtJqk8jxF9rh8ApRWfsIMQSt2uE4OcpQqbFu7f7NbTK05lx80nuSijCz7sc3a277R67g,"I really like this game! no ads, thank you!!! it's not impossibly difficult which makes me want to play it non stop. it's so refreshing I going a game that isn't plagued by ads.",5,0,2.63.2,2025-11-07 08:51:50,,,2.63.2,en
ea675f97-924d-461c-88af-0f1799dfae3a,A Google user,https://play-lh.googleusercontent.com/EGemoI2NTXmTsBVtJqk8jxF9rh8ApRWfsIMQSt2uE4OcpQqbFu7f7NbTK05lx80nuSijCz7sc3a277R67g,I would like to play this game on and on.🥰,5,0,,2025-11-07 08:41:47,,,,en
584830e5-2932-4344-955d-ecd577672de1,A Google user,https://play-lh.googleusercontent.com/EGemoI2NTXmTsBVtJqk8jxF9rh8ApRWfsIMQSt2uE4OcpQqbFu7f7NbTK05lx80nuSijCz7sc3a277R67g,Stress gone,5,0,2.64.3,2025-11-07 08:36:08,,,2.64.3,en
b1e73980-c1e0-4e03-b28c-7d4c035952f4,A Google user,https://play-lh.googleusercontent.com/EGemoI2NTXmTsBVtJqk8jxF9rh8ApRWfsIMQSt2uE4OcpQqbFu7f7NbTK05lx80nuSijCz7sc3a277R67g,bloody fantastic game,5,0,2.64.3,2025-11-07 07:28:17,,,2.64.3,en
4f51c3ad-8313-4ec1-8175-f2db8d984c8a,A Google user,https://play-lh.googleusercontent.com/EGemoI2NTXmTsBVtJqk8jxF9rh8ApRWfsIMQSt2uE4OcpQqbFu7f7NbTK05lx80nuSijCz7sc3a277R67g,I really like this game. What I don't like is having click 5 different times to close the ad after I have watched the ad.,4,0,,2025-11-07 07:18:01,,,,en
5b71fff0-e010-4fa4-9e06-c908bcf1c523,A Google user,https://play-lh.googleusercontent.com/EGemoI2NTXmTsBVtJqk8jxF9rh8ApRWfsIMQSt2uE4OcpQqbFu7f7NbTK05lx80nuSijCz7sc3a277R67g,Too many ads there use to be little ones now there is long ads every time you finsh a round. I'm not going to play anymore,2,0,2.64.1,2025-11-07 07:16:52,,,2.64.1,en
963a0e87-e426-43b4-9506-a541a008cba8,A Google user,https://play-lh.googleusercontent.com/EGemoI2NTXmTsBVtJqk8jxF9rh8ApRWfsIMQSt2uE4OcpQqbFu7f7NbTK05lx80nuSijCz7sc3a277R67g,Great game,5,0,2.64.3,2025-11-07 06:20:15,,,2.64.3,en
8765dab1-f65f-42e5-854a-1ef8687a9f76,A Google user,https://play-lh.googleusercontent.com/EGemoI2NTXmTsBVtJqk8jxF9rh8ApRWfsIMQSt2uE4OcpQqbFu7f7NbTK05lx80nuSijCz7sc3a277R67g,"Love this game, but mine has just stopped",3,0,2.64.3,2025-11-07 06:20:08,,,2.64.3,en
180aa550-3fef-4711-86d6-83aff6b2a4d4,A Google user,https://play-lh.googleusercontent.com/EGemoI2NTXmTsBVtJqk8jxF9rh8ApRWfsIMQSt2uE4OcpQqbFu7f7NbTK05lx80nuSijCz7sc3a277R67g,it a great game everyone should play it,5,0,2.64.3,2025-11-07 06:15:39,,,2.64.3,en
190e0865-9c3a-4a4a-9b52-4d4fefff0d23,A Google user,https://play-lh.googleusercontent.com/EGemoI2NTXmTsBVtJqk8jxF9rh8ApRWfsIMQSt2uE4OcpQqbFu7f7NbTK05lx80nuSijCz7sc3a277R67g,"whenever you're on a match streak it will at times automatically grab two other tiles and match them for you but it doesn't match the correct tiles it just matches them at random so if you have three of a tile and there's only one correct match that will let you progress while the others soft lock you, it more often than not chooses the matching that screws you over forcing you to either use a shuffle, or restart losing your multiplier. by having this mechanic the game intentionally screws you.",2,0,2.64.3,2025-11-07 06:13:40,,,2.64.3,en
3b3f9548-4915-413d-834a-83569bdcbe11,A Google user,https://play-lh.googleusercontent.com/EGemoI2NTXmTsBVtJqk8jxF9rh8ApRWfsIMQSt2uE4OcpQqbFu7f7NbTK05lx80nuSijCz7sc3a277R67g,very fun and challenging!,5,0,2.65.0,2025-11-07 06:06:57,,,2.65.0,en
0ccbf40c-3203-447f-99c5-c160fb00681f,A Google user,https://play-lh.googleusercontent.com/EGemoI2NTXmTsBVtJqk8jxF9rh8ApRWfsIMQSt2uE4OcpQqbFu7f7NbTK05lx80nuSijCz7sc3a277R67g,mind relaxing,5,0,2.64.1,2025-11-07 05:55:58,,,2.64.1,en
e607d419-733c-4d60-ac9b-74d4c44744f5,A Google user,https://play-lh.googleusercontent.com/EGemoI2NTXmTsBVtJqk8jxF9rh8ApRWfsIMQSt2uE4OcpQqbFu7f7NbTK05lx80nuSijCz7sc3a277R67g,Intresting,5,0,2.63.2,2025-11-07 05:37:41,,,2.63.2,en
3ab1fff5-d04b-4006-9c42-965993e4a2ad,A Google user,https://play-lh.googleusercontent.com/EGemoI2NTXmTsBVtJqk8jxF9rh8ApRWfsIMQSt2uE4OcpQqbFu7f7NbTK05lx80nuSijCz7sc3a277R67g,"i need to know why the 'undo' button gone missing,thank you fornthe respond, but the undo button is a must pleasee i'll give the 5star later on after got the undo button",3,0,2.63.2,2025-11-07 05:28:53,"We’ve temporarily removed the ""Undo"" button while optimizing it. Thanks for your patience.",2025-11-07 01:23:34,2.63.2,en
e34a3f6d-41e5-4582-8e3c-7fc738821a1a,A Google user,https://play-lh.googleusercontent.com/EGemoI2NTXmTsBVtJqk8jxF9rh8ApRWfsIMQSt2uE4OcpQqbFu7f7NbTK05lx80nuSijCz7sc3a277R67g,"Good game. easy to play, but...being bombarded by ads for the same companies I have already been using for years that I cannot turn off like shopee and Lazada. Edit...the game has also started to crash lately caused by those intrusive ads like shopee and Lazada plus others. have to restart to continue play. getting really intrusive! the game crashed alot recently..all to do with ads. and often it doesn't restart the same game or where it left off.",4,4,2.64.3,2025-11-07 05:12:23,,,2.64.3,en
2057e73c-8224-47aa-9693-444942ecfc41,A Google user,https://play-lh.googleusercontent.com/EGemoI2NTXmTsBVtJqk8jxF9rh8ApRWfsIMQSt2uE4OcpQqbFu7f7NbTK05lx80nuSijCz7sc3a277R67g,Love how this version of Mahjong is so fun and easy to play. You see other players scores and can tell how well you are doing compared to others.,5,0,2.64.1,2025-11-07 05:10:58,,,2.64.1,en
6a313421-f768-4b60-9c46-193910ac9fa0,A Google user,https://play-lh.googleusercontent.com/EGemoI2NTXmTsBVtJqk8jxF9rh8ApRWfsIMQSt2uE4OcpQqbFu7f7NbTK05lx80nuSijCz7sc3a277R67g,Not bad for a simple game played thousands of levels did 1000+today the ads aren't too annoying only takes a few seconds to shut them and reopen the game the only thing that annoys me is when it helpfully removed a pair for me but if there are 3 tiles for it to choose from it always takes the pairing that I wouldn't have chosen🤔 hence only 4 stars. 🙂,4,0,2.64.3,2025-11-07 04:55:23,,,2.64.3,en
12c30a41-999d-4d86-ad49-d1928410d6bb,A Google user,https://play-lh.googleusercontent.com/EGemoI2NTXmTsBVtJqk8jxF9rh8ApRWfsIMQSt2uE4OcpQqbFu7f7NbTK05lx80nuSijCz7sc3a277R67g,this is a very fun game,5,0,2.64.3,2025-11-07 04:18:24,,,2.64.3,en
c5a4106a-2f31-4797-ae0c-935ca9c72afb,A Google user,https://play-lh.googleusercontent.com/EGemoI2NTXmTsBVtJqk8jxF9rh8ApRWfsIMQSt2uE4OcpQqbFu7f7NbTK05lx80nuSijCz7sc3a277R67g,I like the game so much😍,5,0,2.63.2,2025-11-07 03:58:31,,,2.63.2,en
001d3ab8-4a94-4ba9-885e-142323ba852f,A Google user,https://play-lh.googleusercontent.com/EGemoI2NTXmTsBVtJqk8jxF9rh8ApRWfsIMQSt2uE4OcpQqbFu7f7NbTK05lx80nuSijCz7sc3a277R67g,The sound of the tiles matching is so so satisfying. My only critique: please let me buy the ads off 🥲 Edit: just updated the app and linked my Google account. Thanks!!,5,0,2.65.0,2025-11-07 03:26:03,,,2.65.0,en
21a3b275-2e0f-4eb1-9002-6f05fff8e15a,A Google user,https://play-lh.googleusercontent.com/EGemoI2NTXmTsBVtJqk8jxF9rh8ApRWfsIMQSt2uE4OcpQqbFu7f7NbTK05lx80nuSijCz7sc3a277R67g,"False advertising, images not related to game itself",1,0,2.64.3,2025-11-07 03:18:25,,,2.64.3,en
abaa1734-04f3-4474-b993-bc0f4ba3fa54,A Google user,https://play-lh.googleusercontent.com/EGemoI2NTXmTsBVtJqk8jxF9rh8ApRWfsIMQSt2uE4OcpQqbFu7f7NbTK05lx80nuSijCz7sc3a277R67g,great game...,5,0,,2025-11-07 02:59:58,,,,en
94da9e68-891d-433c-9726-7c7559d351a5,A Google user,https://play-lh.googleusercontent.com/EGemoI2NTXmTsBVtJqk8jxF9rh8ApRWfsIMQSt2uE4OcpQqbFu7f7NbTK05lx80nuSijCz7sc3a277R67g,I just love this game it's so much fun I love it,5,0,2.64.0,2025-11-07 02:47:28,,,2.64.0,en
ade46cae-f4d3-45aa-9a1b-26f7d191c28f,A Google user,https://play-lh.googleusercontent.com/EGemoI2NTXmTsBVtJqk8jxF9rh8ApRWfsIMQSt2uE4OcpQqbFu7f7NbTK05lx80nuSijCz7sc3a277R67g,I'm hooked! 😁 I love this game.,5,0,2.64.3,2025-11-07 02:33:59,,,2.64.3,en
3f969279-6163-4b28-a9ca-94bd36a4cb6c,A Google user,https://play-lh.googleusercontent.com/EGemoI2NTXmTsBVtJqk8jxF9rh8ApRWfsIMQSt2uE4OcpQqbFu7f7NbTK05lx80nuSijCz7sc3a277R67g,"was up to level 800 on this game and had told people it was the most addictive game id ever played. loved it so much. the latest update with the stupid bar at the top instead of the shuffle has just ruined it. now rather than shuffle you have to select single tiles, which ruins the point. such a shame! they took this away now put it back again. up to level 1100 but cannot play any more! :-(",1,1,2.64.3,2025-11-07 02:18:54,"Dear player, we’re truly sorry the latest update ruined your experience—reaching level 800 means so much, and we hate to let you down. Our team hears your frustration with the top bar and tile selection change. We’re reviewing this feedback urgently to adjust and restore the fun. Thank you for loving our game, and we hope to make it right!",2025-10-26 15:36:34,2.64.3,en
cb90b8d3-8176-45c6-bb9e-d9f540f1359f,A Google user,https://play-lh.googleusercontent.com/EGemoI2NTXmTsBVtJqk8jxF9rh8ApRWfsIMQSt2uE4OcpQqbFu7f7NbTK05lx80nuSijCz7sc3a277R67g,Fun and challenging.,5,0,2.64.1,2025-11-07 02:17:42,,,2.64.1,en
06f7d67a-737a-4a53-8f39-e1e6606c57bf,A Google user,https://play-lh.googleusercontent.com/EGemoI2NTXmTsBVtJqk8jxF9rh8ApRWfsIMQSt2uE4OcpQqbFu7f7NbTK05lx80nuSijCz7sc3a277R67g,this is my favorite,5,0,2.58.0,2025-11-07 02:14:00,,,2.58.0,en
0408871d-4023-408a-941d-cd0854afb105,A Google user,https://play-lh.googleusercontent.com/EGemoI2NTXmTsBVtJqk8jxF9rh8ApRWfsIMQSt2uE4OcpQqbFu7f7NbTK05lx80nuSijCz7sc3a277R67g,some levels are impossible to solve without using the reshuffle perk and even after a short game for some reason im obliged to watch ads,2,0,2.64.1,2025-11-07 01:43:09,,,2.64.1,en
3b29eb32-934b-4d92-9ab7-13678ad3ea04,A Google user,https://play-lh.googleusercontent.com/EGemoI2NTXmTsBVtJqk8jxF9rh8ApRWfsIMQSt2uE4OcpQqbFu7f7NbTK05lx80nuSijCz7sc3a277R67g,very relaxing,5,0,2.63.2,2025-11-07 01:32:41,,,2.63.2,en
14cee17f-59ae-457b-ade9-23ab7bfb9c7f,A Google user,https://play-lh.googleusercontent.com/EGemoI2NTXmTsBVtJqk8jxF9rh8ApRWfsIMQSt2uE4OcpQqbFu7f7NbTK05lx80nuSijCz7sc3a277R67g,I love this game.,5,0,,2025-11-07 01:27:22,,,,en
f339fd4b-ea3f-4982-bef4-b961b8bdf820,A Google user,https://play-lh.googleusercontent.com/EGemoI2NTXmTsBVtJqk8jxF9rh8ApRWfsIMQSt2uE4OcpQqbFu7f7NbTK05lx80nuSijCz7sc3a277R67g,"For a while, I started to get used to it. It's a good game until you feel not to leave your seat. Thumbs up.",5,0,2.64.3,2025-11-07 01:23:11,,,2.64.3,en
4e3e7241-7296-49b9-aabb-b4b623a63a89,A Google user,https://play-lh.googleusercontent.com/EGemoI2NTXmTsBVtJqk8jxF9rh8ApRWfsIMQSt2uE4OcpQqbFu7f7NbTK05lx80nuSijCz7sc3a277R67g,fun and challenging,5,0,,2025-11-07 01:14:17,,,,en
120afe0f-c015-439c-89b0-9e05b48bb7cb,A Google user,https://play-lh.googleusercontent.com/EGemoI2NTXmTsBVtJqk8jxF9rh8ApRWfsIMQSt2uE4OcpQqbFu7f7NbTK05lx80nuSijCz7sc3a277R67g,"I enjoy this game despite the ads. However, as a senior, I'm finding the increased NUMBER and SMALL size of the tiles increasingly difficult to navigate. I'm sure I can download the senior version of the game and would, however, I don't want to lose my ""60"", first place winning streak. 🙂 So, my questions are: 1) is there a way to increase the size of the tiles in the current app and 2) if I switch to the senior version, will my winning streak transfer to the new app if my ID remains the same?",4,0,2.64.3,2025-11-07 01:12:20,"Thank you for your feedback! Currently, the game does not have a ""Senior Version"" feature and does not support adjusting tile size. However, we will carefully consider your suggestion and evaluate whether to add relevant options in the future to enhance the gaming experience for senior players.",2025-11-06 23:33:14,2.64.3,en
1fa35c99-4fab-4090-94db-d31026f53070,A Google user,https://play-lh.googleusercontent.com/EGemoI2NTXmTsBVtJqk8jxF9rh8ApRWfsIMQSt2uE4OcpQqbFu7f7NbTK05lx80nuSijCz7sc3a277R67g,Good game it makes you concentrate,5,0,2.63.2,2025-11-07 00:42:53,,,2.63.2,en
50803d9f-cff2-4785-8ea0-0072e982aca7,A Google user,https://play-lh.googleusercontent.com/EGemoI2NTXmTsBVtJqk8jxF9rh8ApRWfsIMQSt2uE4OcpQqbFu7f7NbTK05lx80nuSijCz7sc3a277R67g,I love how relaxing and calm this game makes me when I play.😌,5,0,,2025-11-07 00:34:51,,,,en
1d5c3a65-d5d1-40e5-838e-bc46c507b2da,A Google user,https://play-lh.googleusercontent.com/EGemoI2NTXmTsBVtJqk8jxF9rh8ApRWfsIMQSt2uE4OcpQqbFu7f7NbTK05lx80nuSijCz7sc3a277R67g,really 👍 Great,5,0,2.64.1,2025-11-07 00:27:41,,,2.64.1,en
917f246f-7d88-4245-a384-9f10a692b5c6,A Google user,https://play-lh.googleusercontent.com/EGemoI2NTXmTsBVtJqk8jxF9rh8ApRWfsIMQSt2uE4OcpQqbFu7f7NbTK05lx80nuSijCz7sc3a277R67g,It's great for my relaxation.,5,0,,2025-11-07 00:24:21,,,,en
be2b15cc-2a0c-4620-b70f-a05f3058f5f1,A Google user,https://play-lh.googleusercontent.com/EGemoI2NTXmTsBVtJqk8jxF9rh8ApRWfsIMQSt2uE4OcpQqbFu7f7NbTK05lx80nuSijCz7sc3a277R67g,"Overwhelming ads... Instead of relaxing, your blood pressure goes up... LOL 🤭",3,0,,2025-11-07 00:22:05,,,,en
b8044f57-7396-4d44-b27b-77f66e404127,A Google user,https://play-lh.googleusercontent.com/EGemoI2NTXmTsBVtJqk8jxF9rh8ApRWfsIMQSt2uE4OcpQqbFu7f7NbTK05lx80nuSijCz7sc3a277R67g,Just started playing this game so far it is really fun and addictive.,5,0,2.64.3,2025-11-07 00:17:15,,,2.64.3,en
de03dc7c-044f-4489-967e-d19d113396f5,A Google user,https://play-lh.googleusercontent.com/EGemoI2NTXmTsBVtJqk8jxF9rh8ApRWfsIMQSt2uE4OcpQqbFu7f7NbTK05lx80nuSijCz7sc3a277R67g,Lots of fun,5,0,,2025-11-07 00:11:38,,,,en
a7c0759d-7258-4058-b81b-209db8a91967,A Google user,https://play-lh.googleusercontent.com/EGemoI2NTXmTsBVtJqk8jxF9rh8ApRWfsIMQSt2uE4OcpQqbFu7f7NbTK05lx80nuSijCz7sc3a277R67g,my go to happy place,5,0,2.64.3,2025-11-07 00:11:35,,,2.64.3,en
e2dfbc90-4494-4313-89e0-13453ef50ba1,A Google user,https://play-lh.googleusercontent.com/EGemoI2NTXmTsBVtJqk8jxF9rh8ApRWfsIMQSt2uE4OcpQqbFu7f7NbTK05lx80nuSijCz7sc3a277R67g,"entertaining and educational..,great fun ☺️",5,0,2.64.3,2025-11-07 00:08:36,,,2.64.3,en
d84c9ba7-03cc-433e-86a6-d79850431b8f,A Google user,https://play-lh.googleusercontent.com/EGemoI2NTXmTsBVtJqk8jxF9rh8ApRWfsIMQSt2uE4OcpQqbFu7f7NbTK05lx80nuSijCz7sc3a277R67g,This type of game is new to me but its fun to play .good game .,5,0,2.64.3,2025-11-07 00:04:28,,,2.64.3,en
93acb427-b6ce-4e4c-8556-679ad9f8ce1f,A Google user,https://play-lh.googleusercontent.com/EGemoI2NTXmTsBVtJqk8jxF9rh8ApRWfsIMQSt2uE4OcpQqbFu7f7NbTK05lx80nuSijCz7sc3a277R67g,what happened to Vita Color all of a sudden it disappeared. I loved that game the colors were so vibrant and now its gone. Will it be back? I certainly hope so. Vita Majong is relaxing and enjoyable.,5,0,,2025-11-07 00:00:39,,,,en
b3cdd1f1-4ef0-4fdb-aebd-ff358d8c772a,A Google user,https://play-lh.googleusercontent.com/EGemoI2NTXmTsBVtJqk8jxF9rh8ApRWfsIMQSt2uE4OcpQqbFu7f7NbTK05lx80nuSijCz7sc3a277R67g,too many ads. long winded ads after every single level. sometimes 2/3 ads. really destroys the game.. uninstalling. it advertised as no ads.tgats why I installed it. totally ruined the gaming experience,2,0,2.62.1,2025-11-06 23:43:06,,,2.62.1,en
2ee3d333-ec9d-4e50-b7c9-c79b25180ad7,A Google user,https://play-lh.googleusercontent.com/EGemoI2NTXmTsBVtJqk8jxF9rh8ApRWfsIMQSt2uE4OcpQqbFu7f7NbTK05lx80nuSijCz7sc3a277R67g,i think it is a great game,5,0,2.62.2,2025-11-06 23:34:21,,,2.62.2,en
84a1d938-66a3-45c6-b546-d73a2f85adf1,A Google user,https://play-lh.googleusercontent.com/EGemoI2NTXmTsBVtJqk8jxF9rh8ApRWfsIMQSt2uE4OcpQqbFu7f7NbTK05lx80nuSijCz7sc3a277R67g,Great,5,0,,2025-11-06 23:27:37,,,,en
7a95b21f-9a1d-4737-b301-d32a89fadb60,A Google user,https://play-lh.googleusercontent.com/EGemoI2NTXmTsBVtJqk8jxF9rh8ApRWfsIMQSt2uE4OcpQqbFu7f7NbTK05lx80nuSijCz7sc3a277R67g,"I love the game, but I'm a very fast player and those ads are driving me nuts. I don't mind an ad every now and then, but between each game is over the top. Some of the ads are way too long, advertise for games that hold no interest for me and generally are destroying my pleasure in the game.",4,0,2.63.2,2025-11-06 23:22:20,,,2.63.2,en
ba083cd2-e64c-4665-970b-b36f35151aa4,A Google user,https://play-lh.googleusercontent.com/EGemoI2NTXmTsBVtJqk8jxF9rh8ApRWfsIMQSt2uE4OcpQqbFu7f7NbTK05lx80nuSijCz7sc3a277R67g,Level 1019 cut off any chance when out of moves to shuffle basicly told me to quit the game. Very disappointing!!!!! Ads are constant and unneeded Description not accurate would have continued to endure it but read about.,1,0,2.64.3,2025-11-06 23:07:44,,,2.64.3,en
77e88bce-7125-41cf-bcc1-4545966a28b6,A Google user,https://play-lh.googleusercontent.com/EGemoI2NTXmTsBVtJqk8jxF9rh8ApRWfsIMQSt2uE4OcpQqbFu7f7NbTK05lx80nuSijCz7sc3a277R67g,"no ads, love playing Vita Mahjong",5,0,2.55.0,2025-11-06 22:40:35,,,2.55.0,en
380f787b-8888-4aef-b5ca-5014a63b2700,A Google user,https://play-lh.googleusercontent.com/EGemoI2NTXmTsBVtJqk8jxF9rh8ApRWfsIMQSt2uE4OcpQqbFu7f7NbTK05lx80nuSijCz7sc3a277R67g,enjoy the size and the different combinations at each level,5,0,2.63.2,2025-11-06 22:24:15,,,2.63.2,en
43c448fa-27ce-448d-b594-24dd031c760b,A Google user,https://play-lh.googleusercontent.com/EGemoI2NTXmTsBVtJqk8jxF9rh8ApRWfsIMQSt2uE4OcpQqbFu7f7NbTK05lx80nuSijCz7sc3a277R67g,this game helps me relax and helps me open my mind you should try it maybe it will help you too 😊💅👍,5,0,,2025-11-06 22:22:30,,,,en
1534e087-6cf4-4e3d-8910-e671d8f358c3,A Google user,https://play-lh.googleusercontent.com/EGemoI2NTXmTsBVtJqk8jxF9rh8ApRWfsIMQSt2uE4OcpQqbFu7f7NbTK05lx80nuSijCz7sc3a277R67g,No advertisement- BS. I downloaded this because promise was no ads. This is lie. You have to watch ads just to continue playing,2,0,2.64.3,2025-11-06 22:08:48,,,2.64.3,en
ef6ce5a8-f774-4500-88ea-732e689a9e78,A Google user,https://play-lh.googleusercontent.com/EGemoI2NTXmTsBVtJqk8jxF9rh8ApRWfsIMQSt2uE4OcpQqbFu7f7NbTK05lx80nuSijCz7sc3a277R67g,I find it relaxing,5,0,2.64.3,2025-11-06 22:08:33,,,2.64.3,en
42542161-7d2a-46d0-996f-536660b74f67,A Google user,https://play-lh.googleusercontent.com/EGemoI2NTXmTsBVtJqk8jxF9rh8ApRWfsIMQSt2uE4OcpQqbFu7f7NbTK05lx80nuSijCz7sc3a277R67g,I was thoroughly enjoying this game however the adds started appearing mid game. Eventually took the enjoyment away to the point I deleted it.,1,0,,2025-11-06 21:58:30,,,,en
72e7711b-555c-429f-ba68-a903632f3d49,A Google user,https://play-lh.googleusercontent.com/EGemoI2NTXmTsBVtJqk8jxF9rh8ApRWfsIMQSt2uE4OcpQqbFu7f7NbTK05lx80nuSijCz7sc3a277R67g,"addictive, fun to play",5,0,,2025-11-06 21:34:37,,,,en
87c33404-5a9c-4c10-addd-96a5432eeeb7,A Google user,https://play-lh.googleusercontent.com/EGemoI2NTXmTsBVtJqk8jxF9rh8ApRWfsIMQSt2uE4OcpQqbFu7f7NbTK05lx80nuSijCz7sc3a277R67g,The amount of ads are truly ridiculous! You can't even finish a game without ads. Then when you really get going.... it freezes up!! Not worth it!,1,0,2.63.2,2025-11-06 21:33:22,"We’re truly sorry the number of ads feels ridiculous and ruined your experience. As an IAA game, ads help sustain our small team, but we realize we’ve overdone it. We’ll urgently adjust ad frequency in the next update to balance operation and your experience. Thank you for your honest feedback—we’re working to fix this ASAP.",2025-09-24 01:49:51,2.63.2,en
30fe6a93-50e6-4f05-a45f-f6968986981c,A Google user,https://play-lh.googleusercontent.com/EGemoI2NTXmTsBVtJqk8jxF9rh8ApRWfsIMQSt2uE4OcpQqbFu7f7NbTK05lx80nuSijCz7sc3a277R67g,"Funny, easy game. Beat 30+ levels hoping to play the one that was advertised. It's just regular Mahjong. Disappointing.",2,0,2.64.3,2025-11-06 21:25:55,,,2.64.3,en
29229399-2343-429b-8792-19aff53ccfa7,A Google user,https://play-lh.googleusercontent.com/EGemoI2NTXmTsBVtJqk8jxF9rh8ApRWfsIMQSt2uE4OcpQqbFu7f7NbTK05lx80nuSijCz7sc3a277R67g,great game easy to see and fun. love it good for seniors,5,0,2.63.2,2025-11-06 21:12:44,,,2.63.2,en
a2ad0a84-568c-406c-b2f0-5e35926a83b9,A Google user,https://play-lh.googleusercontent.com/EGemoI2NTXmTsBVtJqk8jxF9rh8ApRWfsIMQSt2uE4OcpQqbFu7f7NbTK05lx80nuSijCz7sc3a277R67g,I'm thinking about this can help me about my suation,5,0,2.63.2,2025-11-06 21:12:37,,,2.63.2,en
915a4fa8-2fc7-4f25-a03a-1ee57854b9fc,A Google user,https://play-lh.googleusercontent.com/EGemoI2NTXmTsBVtJqk8jxF9rh8ApRWfsIMQSt2uE4OcpQqbFu7f7NbTK05lx80nuSijCz7sc3a277R67g,You are still forced to watch ads even AFTER you pay for NO ADS!!,1,0,2.64.3,2025-11-06 21:06:15,,,2.64.3,en
da9a6a2c-aea8-4a1f-a9e0-f31b733cccca,A Google user,https://play-lh.googleusercontent.com/EGemoI2NTXmTsBVtJqk8jxF9rh8ApRWfsIMQSt2uE4OcpQqbFu7f7NbTK05lx80nuSijCz7sc3a277R67g,cool game,5,0,2.64.3,2025-11-06 21:04:17,,,2.64.3,en
d85e1a1d-7802-4b18-9a10-38743de52565,A Google user,https://play-lh.googleusercontent.com/EGemoI2NTXmTsBVtJqk8jxF9rh8ApRWfsIMQSt2uE4OcpQqbFu7f7NbTK05lx80nuSijCz7sc3a277R67g,just started this game and I really like it,5,0,2.63.2,2025-11-06 20:42:09,,,2.63.2,en
ae84975a-6c9d-4ec3-89a3-7e59eabf7979,A Google user,https://play-lh.googleusercontent.com/EGemoI2NTXmTsBVtJqk8jxF9rh8ApRWfsIMQSt2uE4OcpQqbFu7f7NbTK05lx80nuSijCz7sc3a277R67g,this is fun I like for peace of mind,5,1,2.64.3,2025-11-06 20:39:17,,,2.64.3,en
6780128a-e77f-493c-8b82-8e09da6e8b04,A Google user,https://play-lh.googleusercontent.com/EGemoI2NTXmTsBVtJqk8jxF9rh8ApRWfsIMQSt2uE4OcpQqbFu7f7NbTK05lx80nuSijCz7sc3a277R67g,"OMG, Really NO adds. Just fun no frustration.",5,0,2.64.3,2025-11-06 20:17:23,,,2.64.3,en
128ffb66-af35-462a-bc73-440d174edef5,A Google user,https://play-lh.googleusercontent.com/EGemoI2NTXmTsBVtJqk8jxF9rh8ApRWfsIMQSt2uE4OcpQqbFu7f7NbTK05lx80nuSijCz7sc3a277R67g,nice that all amazing,5,0,2.64.3,2025-11-06 20:13:59,,,2.64.3,en
a4616207-bb15-4101-90d3-3863053c50bf,A Google user,https://play-lh.googleusercontent.com/EGemoI2NTXmTsBVtJqk8jxF9rh8ApRWfsIMQSt2uE4OcpQqbFu7f7NbTK05lx80nuSijCz7sc3a277R67g,great mind relaxer,5,0,2.64.3,2025-11-06 19:53:59,,,2.64.3,en
4ad10e76-13ce-46b6-9924-c96e430ee483,A Google user,https://play-lh.googleusercontent.com/EGemoI2NTXmTsBVtJqk8jxF9rh8ApRWfsIMQSt2uE4OcpQqbFu7f7NbTK05lx80nuSijCz7sc3a277R67g,"Game is super good. but it stops working after a few days, it happens again and again. why I am facing this problem?",1,0,,2025-11-06 19:32:41,,,,en
aa487834-5421-4f6f-82aa-154189704677,A Google user,https://play-lh.googleusercontent.com/EGemoI2NTXmTsBVtJqk8jxF9rh8ApRWfsIMQSt2uE4OcpQqbFu7f7NbTK05lx80nuSijCz7sc3a277R67g,LOVE IT,5,0,2.63.2,2025-11-06 19:31:09,,,2.63.2,en
037107e9-f2d2-4f04-ba02-ccb59ec91193,A Google user,https://play-lh.googleusercontent.com/EGemoI2NTXmTsBVtJqk8jxF9rh8ApRWfsIMQSt2uE4OcpQqbFu7f7NbTK05lx80nuSijCz7sc3a277R67g,",I love it!",5,0,2.64.3,2025-11-06 19:29:51,,,2.64.3,en
230b8182-3387-463c-b3d5-29f7ac789fff,A Google user,https://play-lh.googleusercontent.com/EGemoI2NTXmTsBVtJqk8jxF9rh8ApRWfsIMQSt2uE4OcpQqbFu7f7NbTK05lx80nuSijCz7sc3a277R67g,"l enjoy the board so colorful, graffic in nature. it's challenging too. Rubin",5,0,2.64.1,2025-11-06 19:13:35,,,2.64.1,en
5fd06b75-b41d-4090-b534-938921b21dc7,A Google user,https://play-lh.googleusercontent.com/EGemoI2NTXmTsBVtJqk8jxF9rh8ApRWfsIMQSt2uE4OcpQqbFu7f7NbTK05lx80nuSijCz7sc3a277R67g,after a day or two at least 50% of the games are set up as impossible to beat without spending shuffles ads become more intrusive attempting to download apps plus corrupt messages saying game needs updating only to download a completely different game from your collection. so good at first then shockingly poor hidden agenda to trick into spending why have a table to encourage competition and need to be successful,1,0,2.64.3,2025-11-06 19:12:33,,,2.64.3,en
69fe03bb-cc21-4853-9cc5-ca614fc4377d,A Google user,https://play-lh.googleusercontent.com/EGemoI2NTXmTsBVtJqk8jxF9rh8ApRWfsIMQSt2uE4OcpQqbFu7f7NbTK05lx80nuSijCz7sc3a277R67g,really enjoyed playing this game,5,0,2.64.3,2025-11-06 19:08:10,,,2.64.3,en
ff124b67-99db-4bc5-839b-f936abf0d20a,A Google user,https://play-lh.googleusercontent.com/EGemoI2NTXmTsBVtJqk8jxF9rh8ApRWfsIMQSt2uE4OcpQqbFu7f7NbTK05lx80nuSijCz7sc3a277R67g,so great so much fun,5,0,,2025-11-06 18:47:01,,,,en
d185f101-5de8-4695-a392-b34627c5340c,A Google user,https://play-lh.googleusercontent.com/EGemoI2NTXmTsBVtJqk8jxF9rh8ApRWfsIMQSt2uE4OcpQqbFu7f7NbTK05lx80nuSijCz7sc3a277R67g,One of the funniest games ever and yes it does get your mind stronger,5,0,2.64.3,2025-11-06 18:16:38,,,2.64.3,en
115df99c-a346-475b-815e-df2d1d7b9137,A Google user,https://play-lh.googleusercontent.com/EGemoI2NTXmTsBVtJqk8jxF9rh8ApRWfsIMQSt2uE4OcpQqbFu7f7NbTK05lx80nuSijCz7sc3a277R67g,"I am tired of you putting the Journey and the Vita challenge together,,, t You just dropped to no Star, as you keep charging format. I am a senior. and Changing ICON OF TILES, IS IRRITATING, AND YOU KEEP ADDING OR CHANGING EX ROISTER, RABBIT, QUIT MIXING THE TILES UP..... Also I hit the new game derogatory challenge m but didn't start....ARRGGHH",1,16,2.64.1,2025-11-06 18:06:39,,,2.64.1,en
c3cbfaf1-618f-4957-a948-3cb842949d84,A Google user,https://play-lh.googleusercontent.com/EGemoI2NTXmTsBVtJqk8jxF9rh8ApRWfsIMQSt2uE4OcpQqbFu7f7NbTK05lx80nuSijCz7sc3a277R67g,very Very soothing game,5,0,2.63.2,2025-11-06 17:56:48,,,2.63.2,en
4f450bdf-bb8c-4096-89b2-f9cf1e50cea6,A Google user,https://play-lh.googleusercontent.com/EGemoI2NTXmTsBVtJqk8jxF9rh8ApRWfsIMQSt2uE4OcpQqbFu7f7NbTK05lx80nuSijCz7sc3a277R67g,the best game ever love it,5,0,2.65.0,2025-11-06 17:42:47,,,2.65.0,en
96c41d48-6a66-4c15-8b1a-2a5b60679da9,A Google user,https://play-lh.googleusercontent.com/EGemoI2NTXmTsBVtJqk8jxF9rh8ApRWfsIMQSt2uE4OcpQqbFu7f7NbTK05lx80nuSijCz7sc3a277R67g,easy to play,5,0,2.63.2,2025-11-06 17:39:51,,,2.63.2,en
771acfca-1c05-4cf4-afce-b64c5b056df8,A Google user,https://play-lh.googleusercontent.com/EGemoI2NTXmTsBVtJqk8jxF9rh8ApRWfsIMQSt2uE4OcpQqbFu7f7NbTK05lx80nuSijCz7sc3a277R67g,"very nice game,and im enjoying it...",5,0,2.64.3,2025-11-06 17:06:25,,,2.64.3,en
014ac181-0f93-4287-9d25-a772384d61f7,A Google user,https://play-lh.googleusercontent.com/EGemoI2NTXmTsBVtJqk8jxF9rh8ApRWfsIMQSt2uE4OcpQqbFu7f7NbTK05lx80nuSijCz7sc3a277R67g,"love this game it does e very thing you said in the advert but I am swamped with adds as soon as I finish game ,the adds are on me ,sometimes they cling on and stop me enjoying winning, I have had to terminate the game twice but because I like it I have battled on ,but I will not be intimidated by adds thank you for this game.",5,0,2.60.3,2025-11-06 16:56:48,,,2.60.3,en
8470f5d1-3269-49fa-9284-fc152eb08596,A Google user,https://play-lh.googleusercontent.com/EGemoI2NTXmTsBVtJqk8jxF9rh8ApRWfsIMQSt2uE4OcpQqbFu7f7NbTK05lx80nuSijCz7sc3a277R67g,very nice game,5,0,2.64.1,2025-11-06 16:44:51,,,2.64.1,en
a16d5c88-2eff-4714-a583-aefeabe39a38,A Google user,https://play-lh.googleusercontent.com/EGemoI2NTXmTsBVtJqk8jxF9rh8ApRWfsIMQSt2uE4OcpQqbFu7f7NbTK05lx80nuSijCz7sc3a277R67g,"Fun mahjong! You can choose what kind of tiles to use and customize background. There's also fun mini games. I just figured out how to get out of the constant leveling, and you can leave anytime and pick up where you left off later.",4,1,2.63.2,2025-11-06 16:40:18,"Glad you’re enjoying it! The customization and mini-games really add a nice touch, and being able to pause and resume makes it much more relaxing. 🎉🀄",2025-11-06 23:34:16,2.63.2,en
4f6e2b1d-cfa0-4d89-a962-9f0bc0bce7ec,A Google user,https://play-lh.googleusercontent.com/EGemoI2NTXmTsBVtJqk8jxF9rh8ApRWfsIMQSt2uE4OcpQqbFu7f7NbTK05lx80nuSijCz7sc3a277R67g,it is interesting I enjoyed the game,5,0,2.64.3,2025-11-06 16:06:17,,,2.64.3,en
d103eac5-efaa-44cd-9f80-151d891cdce0,A Google user,https://play-lh.googleusercontent.com/EGemoI2NTXmTsBVtJqk8jxF9rh8ApRWfsIMQSt2uE4OcpQqbFu7f7NbTK05lx80nuSijCz7sc3a277R67g,great game,5,0,2.64.3,2025-11-06 15:51:17,Thanks for loving our game! We’ll keep upgrading to bring you more fun. Feel free to share suggestions anytime!,2025-11-07 01:57:03,2.64.3,en
50112f43-b822-42fc-add0-9ca6b63a5331,A Google user,https://play-lh.googleusercontent.com/EGemoI2NTXmTsBVtJqk8jxF9rh8ApRWfsIMQSt2uE4OcpQqbFu7f7NbTK05lx80nuSijCz7sc3a277R67g,"great game, I recommend 👌",5,0,,2025-11-06 15:43:26,,,,en
5c0a562a-da7a-45bb-8a1c-0325c9854cae,A Google user,https://play-lh.googleusercontent.com/EGemoI2NTXmTsBVtJqk8jxF9rh8ApRWfsIMQSt2uE4OcpQqbFu7f7NbTK05lx80nuSijCz7sc3a277R67g,"fun relaxing game, very few advertisements, and it is easier to fall asleep after playing a couple games",5,0,2.64.1,2025-11-06 15:29:52,That sounds perfect! 🌙🀄 A relaxing game with minimal ads is exactly what you want before bedtime. Playing a few rounds to calm your mind and ease into sleep is such a great way to unwind.,2025-11-06 23:35:59,2.64.1,en
9a2e7f50-9145-4e8c-beb0-299954d180ba,A Google user,https://play-lh.googleusercontent.com/EGemoI2NTXmTsBVtJqk8jxF9rh8ApRWfsIMQSt2uE4OcpQqbFu7f7NbTK05lx80nuSijCz7sc3a277R67g,nice game and great 👍,4,0,2.63.2,2025-11-06 15:24:38,,,2.63.2,en
07f6b876-80a3-4f24-ad9b-899715fb9c95,A Google user,https://play-lh.googleusercontent.com/EGemoI2NTXmTsBVtJqk8jxF9rh8ApRWfsIMQSt2uE4OcpQqbFu7f7NbTK05lx80nuSijCz7sc3a277R67g,very nice game,5,0,2.63.2,2025-11-06 15:14:59,,,2.63.2,en
10b05545-c841-47a1-90ad-6f84b86c2c50,A Google user,https://play-lh.googleusercontent.com/EGemoI2NTXmTsBVtJqk8jxF9rh8ApRWfsIMQSt2uE4OcpQqbFu7f7NbTK05lx80nuSijCz7sc3a277R67g,very nice game,5,0,2.63.2,2025-11-06 14:30:57,,,2.63.2,en
689a4bc9-d962-4045-9501-3a73fd6c5875,A Google user,https://play-lh.googleusercontent.com/EGemoI2NTXmTsBVtJqk8jxF9rh8ApRWfsIMQSt2uE4OcpQqbFu7f7NbTK05lx80nuSijCz7sc3a277R67g,It makes me to think wholeheartedly ♥️,5,0,,2025-11-06 14:29:00,,,,en
5b4082ab-4100-44f0-a1e1-73e5bb1baf90,A Google user,https://play-lh.googleusercontent.com/EGemoI2NTXmTsBVtJqk8jxF9rh8ApRWfsIMQSt2uE4OcpQqbFu7f7NbTK05lx80nuSijCz7sc3a277R67g,great game,5,0,2.63.2,2025-11-06 14:11:50,,,2.63.2,en
ebd575f5-a50a-4ac4-9af4-11726133598f,A Google user,https://play-lh.googleusercontent.com/EGemoI2NTXmTsBVtJqk8jxF9rh8ApRWfsIMQSt2uE4OcpQqbFu7f7NbTK05lx80nuSijCz7sc3a277R67g,"stupendous game. really gets you thinking, even from level .",5,0,2.63.2,2025-11-06 13:40:41,,,2.63.2,en
d35569ad-4872-47fc-bc90-439985018db5,A Google user,https://play-lh.googleusercontent.com/EGemoI2NTXmTsBVtJqk8jxF9rh8ApRWfsIMQSt2uE4OcpQqbFu7f7NbTK05lx80nuSijCz7sc3a277R67g,Powerful brain strenghting game,5,0,2.63.2,2025-11-06 13:36:50,,,2.63.2,en
103645a4-163e-48ce-967c-442385922a3b,A Google user,https://play-lh.googleusercontent.com/EGemoI2NTXmTsBVtJqk8jxF9rh8ApRWfsIMQSt2uE4OcpQqbFu7f7NbTK05lx80nuSijCz7sc3a277R67g,enjoying it truly. unfortunately I wish we could have more than 2 rewind per ads,5,0,2.63.2,2025-11-06 13:09:13,,,2.63.2,en
adde8579-469e-4ffa-93a8-d6ba65848755,A Google user,https://play-lh.googleusercontent.com/EGemoI2NTXmTsBVtJqk8jxF9rh8ApRWfsIMQSt2uE4OcpQqbFu7f7NbTK05lx80nuSijCz7sc3a277R67g,I was enjoying this game even though there are ads between nearly every level. now though a shopping app that I already have keeps randomly opening when im making a move in the middle of the level. not happy with that at all.,3,0,2.64.1,2025-11-06 13:06:22,,,2.64.1,en
9daff1db-18a1-4cac-875e-26368835c4bf,A Google user,https://play-lh.googleusercontent.com/EGemoI2NTXmTsBVtJqk8jxF9rh8ApRWfsIMQSt2uE4OcpQqbFu7f7NbTK05lx80nuSijCz7sc3a277R67g,love it so addicting,5,0,,2025-11-06 13:02:02,,,,en
0c5dc8a7-415f-49e1-9555-463ffb4feea5,A Google user,https://play-lh.googleusercontent.com/EGemoI2NTXmTsBVtJqk8jxF9rh8ApRWfsIMQSt2uE4OcpQqbFu7f7NbTK05lx80nuSijCz7sc3a277R67g,"great way to turn my head off, when I can't sleep I play.",4,0,2.64.1,2025-11-06 12:53:20,,,2.64.1,en
dedd919a-b9aa-4bfd-9016-6581995e4461,A Google user,https://play-lh.googleusercontent.com/EGemoI2NTXmTsBVtJqk8jxF9rh8ApRWfsIMQSt2uE4OcpQqbFu7f7NbTK05lx80nuSijCz7sc3a277R67g,It an intelligent game very good and excellent,5,0,2.63.2,2025-11-06 12:45:28,,,2.63.2,en
a2c3dce2-0a5c-4da7-9a93-3f7467b2f5ca,A Google user,https://play-lh.googleusercontent.com/EGemoI2NTXmTsBVtJqk8jxF9rh8ApRWfsIMQSt2uE4OcpQqbFu7f7NbTK05lx80nuSijCz7sc3a277R67g,wow really calms the mind,5,0,2.54.2,2025-11-06 12:40:08,,,2.54.2,en
f7ba49af-2a74-4c00-8de4-61bcbb955e62,A Google user,https://play-lh.googleusercontent.com/EGemoI2NTXmTsBVtJqk8jxF9rh8ApRWfsIMQSt2uE4OcpQqbFu7f7NbTK05lx80nuSijCz7sc3a277R67g,great game,3,0,2.64.3,2025-11-06 12:32:16,Thank you for the positive vibes! Anything you'd like to share to make it perfect? 🤔,2025-11-06 23:00:26,2.64.3,en
e2508b5c-b827-4583-b09d-ea39df3eda30,A Google user,https://play-lh.googleusercontent.com/EGemoI2NTXmTsBVtJqk8jxF9rh8ApRWfsIMQSt2uE4OcpQqbFu7f7NbTK05lx80nuSijCz7sc3a277R67g,This game is really soothing the brain and creating opening for happiness within.,5,0,2.63.2,2025-11-06 12:26:06,,,2.63.2,en
042148b3-1c59-4917-8130-71da5f70a3dd,A Google user,https://play-lh.googleusercontent.com/EGemoI2NTXmTsBVtJqk8jxF9rh8ApRWfsIMQSt2uE4OcpQqbFu7f7NbTK05lx80nuSijCz7sc3a277R67g,this game is a mind blowing game.. I feel at ease while playing this game..,5,0,2.64.3,2025-11-06 12:17:40,,,2.64.3,en
5ecb984b-c378-42f8-bc96-e040646023d6,A Google user,https://play-lh.googleusercontent.com/EGemoI2NTXmTsBVtJqk8jxF9rh8ApRWfsIMQSt2uE4OcpQqbFu7f7NbTK05lx80nuSijCz7sc3a277R67g,love playing it though sometimes it's difficult but love the challenge,5,0,2.64.1,2025-11-06 12:17:14,,,2.64.1,en
3f0f650c-a0e7-496e-b4ca-365bf295689b,A Google user,https://play-lh.googleusercontent.com/EGemoI2NTXmTsBVtJqk8jxF9rh8ApRWfsIMQSt2uE4OcpQqbFu7f7NbTK05lx80nuSijCz7sc3a277R67g,Good way to relax the brain,5,0,2.63.2,2025-11-06 12:05:15,,,2.63.2,en
92a91bd3-2aaf-4fdc-974b-bdd3f6fa8876,A Google user,https://play-lh.googleusercontent.com/EGemoI2NTXmTsBVtJqk8jxF9rh8ApRWfsIMQSt2uE4OcpQqbFu7f7NbTK05lx80nuSijCz7sc3a277R67g,very nice good,5,0,2.64.1,2025-11-06 11:17:44,,,2.64.1,en
e8024a49-015e-405b-a066-8ebaf77cefbd,A Google user,https://play-lh.googleusercontent.com/EGemoI2NTXmTsBVtJqk8jxF9rh8ApRWfsIMQSt2uE4OcpQqbFu7f7NbTK05lx80nuSijCz7sc3a277R67g,I apologize & thank you. The problem has been resolved. You've done a great job. And now it's no longer a problem. And I think this is a good application that I like.,5,0,2.63.2,2025-11-06 10:53:53,"We're truly sorry for the inconvenience. It's not our intention to mislead you. There might be a technical issue causing the ads to still appear. Our team is actively looking into this problem. Please give us some time to fix it. If the issue isn't resolved, we'll offer you a satisfactory solution, such as a refund. We value your feedback",2025-10-16 16:19:49,2.63.2,en
485fdaa6-e251-47a2-b9c5-102f709149e7,A Google user,https://play-lh.googleusercontent.com/EGemoI2NTXmTsBVtJqk8jxF9rh8ApRWfsIMQSt2uE4OcpQqbFu7f7NbTK05lx80nuSijCz7sc3a277R67g,good game but ruined by constant ads after every level,1,0,2.63.2,2025-11-06 10:49:25,"We’re really glad you enjoy the game 😊 Ads help keep it free, but we understand they can become frustrating when they appear too often. Your feedback means a lot — we’ll share it with the team to help improve the balance so you can enjoy smoother gameplay in future updates 🎮✨",2025-11-06 23:03:29,2.63.2,en
5613b57d-b01e-418d-9221-ef6e21c06fa0,A Google user,https://play-lh.googleusercontent.com/EGemoI2NTXmTsBVtJqk8jxF9rh8ApRWfsIMQSt2uE4OcpQqbFu7f7NbTK05lx80nuSijCz7sc3a277R67g,its a great game but on Facebook the advert shows that it pays but here in Malawi its not paying,3,0,2.63.2,2025-11-06 10:25:40,,,2.63.2,en
eebed24b-95c9-4979-bf7d-bd3fbf43a2bb,A Google user,https://play-lh.googleusercontent.com/EGemoI2NTXmTsBVtJqk8jxF9rh8ApRWfsIMQSt2uE4OcpQqbFu7f7NbTK05lx80nuSijCz7sc3a277R67g,the best game for mental development,5,0,2.64.3,2025-11-06 10:23:13,,,2.64.3,en
d848caa3-3865-4db4-a7f4-49f97e47e292,A Google user,https://play-lh.googleusercontent.com/EGemoI2NTXmTsBVtJqk8jxF9rh8ApRWfsIMQSt2uE4OcpQqbFu7f7NbTK05lx80nuSijCz7sc3a277R67g,it's nice to play mahjong come and have fun look,5,0,,2025-11-06 10:19:56,,,,en
7006cc35-c3e2-4af9-8ac6-920ef9ecca95,A Google user,https://play-lh.googleusercontent.com/EGemoI2NTXmTsBVtJqk8jxF9rh8ApRWfsIMQSt2uE4OcpQqbFu7f7NbTK05lx80nuSijCz7sc3a277R67g,Great game!,5,0,,2025-11-06 10:19:35,,,,en
2e5168f9-9061-4923-b4ff-86e94559d9d5,A Google user,https://play-lh.googleusercontent.com/EGemoI2NTXmTsBVtJqk8jxF9rh8ApRWfsIMQSt2uE4OcpQqbFu7f7NbTK05lx80nuSijCz7sc3a277R67g,I hate so many ads. I get through them but awful time consuming.,5,0,,2025-11-06 10:12:25,,,,en
51eac7fa-8850-4d4c-b752-b8e03c586b95,A Google user,https://play-lh.googleusercontent.com/EGemoI2NTXmTsBVtJqk8jxF9rh8ApRWfsIMQSt2uE4OcpQqbFu7f7NbTK05lx80nuSijCz7sc3a277R67g,Easy to pair and i enjoy it.. 🤣,5,0,2.64.3,2025-11-06 09:46:12,,,2.64.3,en
ee9fd4ba-91f6-4d99-b45d-4b5f06cb3780,A Google user,https://play-lh.googleusercontent.com/EGemoI2NTXmTsBVtJqk8jxF9rh8ApRWfsIMQSt2uE4OcpQqbFu7f7NbTK05lx80nuSijCz7sc3a277R67g,it's a great game,5,0,2.64.3,2025-11-06 09:34:20,,,2.64.3,en
cfc76671-0b72-4aa6-afa0-d813995d8663,A Google user,https://play-lh.googleusercontent.com/EGemoI2NTXmTsBVtJqk8jxF9rh8ApRWfsIMQSt2uE4OcpQqbFu7f7NbTK05lx80nuSijCz7sc3a277R67g,very exciting and Mind refreshing,5,0,2.63.2,2025-11-06 09:24:08,,,2.63.2,en
4ee45110-c65b-424c-b9be-97e708706f2b,A Google user,https://play-lh.googleusercontent.com/EGemoI2NTXmTsBVtJqk8jxF9rh8ApRWfsIMQSt2uE4OcpQqbFu7f7NbTK05lx80nuSijCz7sc3a277R67g,best game and it's addictive I bet you try it,5,0,2.63.2,2025-11-06 08:56:26,,,2.63.2,en
02a28ada-ea63-4e17-8220-e430e876681b,A Google user,https://play-lh.googleusercontent.com/EGemoI2NTXmTsBVtJqk8jxF9rh8ApRWfsIMQSt2uE4OcpQqbFu7f7NbTK05lx80nuSijCz7sc3a277R67g,"the ads aren't real, been playing for weeks but the screens advertising the game never appear ? 3 months ago, you said you would fix it, but you haven’t....",3,1,2.64.1,2025-11-06 08:38:19,We’re sorry the ads don’t match in-game content. We’ll check and fix this promptly. Thanks for your feedback.,2025-08-11 02:09:28,2.64.1,en
3ec5d9fc-7c38-47f2-86cd-257afa9685e3,A Google user,https://play-lh.googleusercontent.com/EGemoI2NTXmTsBVtJqk8jxF9rh8ApRWfsIMQSt2uE4OcpQqbFu7f7NbTK05lx80nuSijCz7sc3a277R67g,great game and very entertaining.,5,0,2.64.1,2025-11-06 08:36:35,,,2.64.1,en
fb2c62e6-fcfd-4481-9946-2784a06d833e,A Google user,https://play-lh.googleusercontent.com/EGemoI2NTXmTsBVtJqk8jxF9rh8ApRWfsIMQSt2uE4OcpQqbFu7f7NbTK05lx80nuSijCz7sc3a277R67g,Dont mach with desription and pictures of game,1,0,,2025-11-06 08:27:16,Thanks for letting us know. It sounds like the game didn’t match what you expected from the description or images — we understand that’s disappointing 😕 We’ll forward your feedback to the team to help make ads and previews more accurate in the future.,2025-11-06 23:06:51,,en
bc5d9143-930b-44cc-9def-5ee4e93d715c,A Google user,https://play-lh.googleusercontent.com/EGemoI2NTXmTsBVtJqk8jxF9rh8ApRWfsIMQSt2uE4OcpQqbFu7f7NbTK05lx80nuSijCz7sc3a277R67g,cool 😌,5,0,2.62.2,2025-11-06 08:13:42,,,2.62.2,en
a8e7313d-53b9-421c-b356-153aa027e01b,A Google user,https://play-lh.googleusercontent.com/EGemoI2NTXmTsBVtJqk8jxF9rh8ApRWfsIMQSt2uE4OcpQqbFu7f7NbTK05lx80nuSijCz7sc3a277R67g,good games 👍 🥰🥳👍. I love ❣️ it 💝.,5,0,,2025-11-06 08:12:42,,,,en
f542e75e-d0ae-4985-a956-a62e8d0f15ff,A Google user,https://play-lh.googleusercontent.com/EGemoI2NTXmTsBVtJqk8jxF9rh8ApRWfsIMQSt2uE4OcpQqbFu7f7NbTK05lx80nuSijCz7sc3a277R67g,Keeps my MIND SHARP!!! 🤗,5,0,2.64.3,2025-11-06 08:04:18,,,2.64.3,en
d3e76498-2140-4fe7-9cb8-9e06987b832e,A Google user,https://play-lh.googleusercontent.com/EGemoI2NTXmTsBVtJqk8jxF9rh8ApRWfsIMQSt2uE4OcpQqbFu7f7NbTK05lx80nuSijCz7sc3a277R67g,Excellent game that revive body and mind.,5,0,2.63.2,2025-11-06 07:26:32,,,2.63.2,en
769aad60-2960-48ab-8eb2-a996a0654de5,A Google user,https://play-lh.googleusercontent.com/EGemoI2NTXmTsBVtJqk8jxF9rh8ApRWfsIMQSt2uE4OcpQqbFu7f7NbTK05lx80nuSijCz7sc3a277R67g,I went to a new phone and where I was way ahead (1 year plus) I am now back in kindergarden! There should be a way this can be corrected! Not happy!,5,0,2.63.2,2025-11-06 07:00:29,,,2.63.2,en
577da650-fc4f-420e-a231-c95c2e0531c3,A Google user,https://play-lh.googleusercontent.com/EGemoI2NTXmTsBVtJqk8jxF9rh8ApRWfsIMQSt2uE4OcpQqbFu7f7NbTK05lx80nuSijCz7sc3a277R67g,Awesome perfect,5,0,2.63.2,2025-11-06 06:52:05,,,2.63.2,en
16181f16-82b5-44e5-a22c-7579cfadc8f1,A Google user,https://play-lh.googleusercontent.com/EGemoI2NTXmTsBVtJqk8jxF9rh8ApRWfsIMQSt2uE4OcpQqbFu7f7NbTK05lx80nuSijCz7sc3a277R67g,"fun, and challenging",5,0,,2025-11-06 06:39:16,,,,en
090cc436-2758-4de8-8ffb-4e1f262a3525,A Google user,https://play-lh.googleusercontent.com/EGemoI2NTXmTsBVtJqk8jxF9rh8ApRWfsIMQSt2uE4OcpQqbFu7f7NbTK05lx80nuSijCz7sc3a277R67g,Nice game 👍👍👍👍👍,5,0,2.63.2,2025-11-06 06:33:04,,,2.63.2,en
47ba1357-fefe-4806-9d74-9384c298a351,A Google user,https://play-lh.googleusercontent.com/EGemoI2NTXmTsBVtJqk8jxF9rh8ApRWfsIMQSt2uE4OcpQqbFu7f7NbTK05lx80nuSijCz7sc3a277R67g,Too many adds. very irritating. there should should be certain level of adds. beyond that it will irritate people to play the game.,1,0,2.63.2,2025-11-06 06:21:18,"You’re right — excessive ads can really ruin the flow of a game. 😕 Ideally, ads should appear at reasonable intervals so they don’t interrupt gameplay or frustrate players. Reporting overly intrusive ads through the in-game support can sometimes help developers adjust the experience.",2025-11-06 23:07:35,2.63.2,en
1c00d2c2-3ef4-4404-b757-5fede6bc0ae9,A Google user,https://play-lh.googleusercontent.com/EGemoI2NTXmTsBVtJqk8jxF9rh8ApRWfsIMQSt2uE4OcpQqbFu7f7NbTK05lx80nuSijCz7sc3a277R67g,Great mind exercise,5,0,,2025-11-06 06:15:41,,,,en
1827b3e7-5ce6-4ac6-82d4-66f791aaa9c7,A Google user,https://play-lh.googleusercontent.com/EGemoI2NTXmTsBVtJqk8jxF9rh8ApRWfsIMQSt2uE4OcpQqbFu7f7NbTK05lx80nuSijCz7sc3a277R67g,"False Advertising It seems the further you progress, the more ads you get. Specifically, after every stage. The most frustrating thing, is the amount of (double) ads, which more often than not, get stuck, so you are forced to shut the game down and reopen. I did the right thing and sent a report a week ago, but it seems, nobody cares. Which is a shame as it is a good game. I have no patience, or time for companies who claim they care about our enjoyment, but clearly can't be bothered.",1,1,,2025-11-06 06:03:36,"Вы можете обратиться в службу поддержки внутри игры — они подскажут, как пропускать рекламу и избежать прерываний на каждом уровне. 🎮",2025-11-06 23:13:25,,en
85cb7cd4-5743-459a-a7e6-d27e7681cf60,A Google user,https://play-lh.googleusercontent.com/EGemoI2NTXmTsBVtJqk8jxF9rh8ApRWfsIMQSt2uE4OcpQqbFu7f7NbTK05lx80nuSijCz7sc3a277R67g,thank you so much that's keep me busy tealeaves stress,5,0,2.64.3,2025-11-06 05:57:57,,,2.64.3,en
ceafc686-f972-4f37-96e0-bfd401e75304,A Google user,https://play-lh.googleusercontent.com/EGemoI2NTXmTsBVtJqk8jxF9rh8ApRWfsIMQSt2uE4OcpQqbFu7f7NbTK05lx80nuSijCz7sc3a277R67g,definitely recommend,5,0,2.63.2,2025-11-06 05:45:22,,,2.63.2,en
0527f65b-fbc0-48c0-b999-394b3b20dbc2,A Google user,https://play-lh.googleusercontent.com/EGemoI2NTXmTsBVtJqk8jxF9rh8ApRWfsIMQSt2uE4OcpQqbFu7f7NbTK05lx80nuSijCz7sc3a277R67g,good band easy to play,5,0,2.64.1,2025-11-06 05:23:29,,,2.64.1,en
5cd73915-f292-40d1-a430-364a03206e8b,A Google user,https://play-lh.googleusercontent.com/EGemoI2NTXmTsBVtJqk8jxF9rh8ApRWfsIMQSt2uE4OcpQqbFu7f7NbTK05lx80nuSijCz7sc3a277R67g,great app,5,0,2.63.2,2025-11-06 05:13:47,,,2.63.2,en
7c51a57b-2eb9-4d30-9116-0a182c1aea7f,A Google user,https://play-lh.googleusercontent.com/EGemoI2NTXmTsBVtJqk8jxF9rh8ApRWfsIMQSt2uE4OcpQqbFu7f7NbTK05lx80nuSijCz7sc3a277R67g,very relaxing,5,0,,2025-11-06 04:50:45,,,,en
2dd849f7-17bd-479e-8a63-1463c7e7bd4d,A Google user,https://play-lh.googleusercontent.com/EGemoI2NTXmTsBVtJqk8jxF9rh8ApRWfsIMQSt2uE4OcpQqbFu7f7NbTK05lx80nuSijCz7sc3a277R67g,so go to play it is very useful to memory,5,0,2.63.2,2025-11-06 04:44:34,,,2.63.2,en
3d7a9772-7024-477f-9ea2-86b4cef0d494,A Google user,https://play-lh.googleusercontent.com/EGemoI2NTXmTsBVtJqk8jxF9rh8ApRWfsIMQSt2uE4OcpQqbFu7f7NbTK05lx80nuSijCz7sc3a277R67g,Great to easy your mind!,5,0,2.63.2,2025-11-06 04:33:43,,,2.63.2,en
ac11462b-3301-438a-a45f-72a564568c18,A Google user,https://play-lh.googleusercontent.com/EGemoI2NTXmTsBVtJqk8jxF9rh8ApRWfsIMQSt2uE4OcpQqbFu7f7NbTK05lx80nuSijCz7sc3a277R67g,Your last update ruined the game for me.,1,0,2.63.2,2025-11-06 04:03:16,We understand how frustrating that can be. Could you describe what specifically changed or stopped working after the update? This will help clarify the issue.,2025-11-06 23:13:01,2.63.2,en
af324e63-ebb0-4da5-998c-a8b15038f652,A Google user,https://play-lh.googleusercontent.com/EGemoI2NTXmTsBVtJqk8jxF9rh8ApRWfsIMQSt2uE4OcpQqbFu7f7NbTK05lx80nuSijCz7sc3a277R67g,Love it,5,0,,2025-11-06 03:35:49,,,,en
03114a12-7ccc-41dd-a989-4e57b09825aa,A Google user,https://play-lh.googleusercontent.com/EGemoI2NTXmTsBVtJqk8jxF9rh8ApRWfsIMQSt2uE4OcpQqbFu7f7NbTK05lx80nuSijCz7sc3a277R67g,love the calming water in the background as I play,5,0,2.63.2,2025-11-06 03:30:04,,,2.63.2,en
b40353f1-04fa-4257-ad1f-b228c7c6aef3,A Google user,https://play-lh.googleusercontent.com/EGemoI2NTXmTsBVtJqk8jxF9rh8ApRWfsIMQSt2uE4OcpQqbFu7f7NbTK05lx80nuSijCz7sc3a277R67g,great game I can't put it down,5,0,2.63.2,2025-11-06 03:29:16,,,2.63.2,en
4da1dac2-8099-4ada-b766-87e98716a42c,A Google user,https://play-lh.googleusercontent.com/EGemoI2NTXmTsBVtJqk8jxF9rh8ApRWfsIMQSt2uE4OcpQqbFu7f7NbTK05lx80nuSijCz7sc3a277R67g,"I love this game but for some reason even though I turned off the sound, music and vibration music keeps playing in the background.",5,0,2.64.3,2025-11-06 03:27:25,,,2.64.3,en
b7572062-ea13-4a14-91a1-97415007fc36,A Google user,https://play-lh.googleusercontent.com/EGemoI2NTXmTsBVtJqk8jxF9rh8ApRWfsIMQSt2uE4OcpQqbFu7f7NbTK05lx80nuSijCz7sc3a277R67g,claims that there are no ads. not true.,2,0,2.63.2,2025-11-06 03:26:55,"We understand your concern. While the game offers an option to remove ads, the free version does include some advertisements between rounds. They do not appear during gameplay itself, only between levels, so you can still enjoy the core game.",2025-11-06 23:15:24,2.63.2,en
e4d33e8a-bbac-4d53-b3f8-645babaeeabb,A Google user,https://play-lh.googleusercontent.com/EGemoI2NTXmTsBVtJqk8jxF9rh8ApRWfsIMQSt2uE4OcpQqbFu7f7NbTK05lx80nuSijCz7sc3a277R67g,"advertised as without ad, but liar!!!",1,0,,2025-11-06 03:26:54,"The game does show ads if you choose to watch them for rewards, but other ads can be skipped. If you think something isn’t working properly, you can contact in-game support for help.",2025-11-06 23:16:37,,en
e26837ae-5c37-4298-8442-00dc5e9e30db,A Google user,https://play-lh.googleusercontent.com/EGemoI2NTXmTsBVtJqk8jxF9rh8ApRWfsIMQSt2uE4OcpQqbFu7f7NbTK05lx80nuSijCz7sc3a277R67g,"ads everywhere, during gameplay, and finishing the level/starting the next level. Bro, for a rated game, it's not worth playing.",1,0,2.39.2,2025-11-06 03:26:39,"We understand how frustrating that can be. Ads in the free version can appear between levels, but they should not interrupt your actual gameplay. If you’re seeing ads during active play, please report it via the in-game customer support so the team can investigate.",2025-11-06 23:16:31,2.39.2,en
258f9fa6-b994-4940-ab75-329b37faf801,A Google user,https://play-lh.googleusercontent.com/EGemoI2NTXmTsBVtJqk8jxF9rh8ApRWfsIMQSt2uE4OcpQqbFu7f7NbTK05lx80nuSijCz7sc3a277R67g,sensational creative,5,0,2.63.2,2025-11-06 03:18:17,,,2.63.2,en
3cfbd925-4a7e-4d7f-b4af-437c6f4f02ee,A Google user,https://play-lh.googleusercontent.com/EGemoI2NTXmTsBVtJqk8jxF9rh8ApRWfsIMQSt2uE4OcpQqbFu7f7NbTK05lx80nuSijCz7sc3a277R67g,I used to love playing this game to chill and relax but the update is silly. They added too many fuss it's rather annoying and not fun to play anymore. They also removed the Themes settings when you're playing offline so it keeps getting back to Default Theme which I hate 'cause the symbols hurt my eyes. I'm pissed with the update is all. I don't think I'm playing this game anymore.,1,0,2.63.2,2025-11-06 03:12:16,"We understand your frustration. Your feedback about the update hurting the experience is valid, and sharing it with the developers can help them improve future updates.",2025-11-06 23:17:37,2.63.2,en
dbb164f6-4dd5-4eaa-a831-f3fb26d53285,A Google user,https://play-lh.googleusercontent.com/EGemoI2NTXmTsBVtJqk8jxF9rh8ApRWfsIMQSt2uE4OcpQqbFu7f7NbTK05lx80nuSijCz7sc3a277R67g,"they showing its earning game but after 30 round didn't get anything, its just game",1,0,2.63.2,2025-11-06 03:05:24,,,2.63.2,en
7b423bd6-17b0-4365-9d6b-02b693dcaecd,A Google user,https://play-lh.googleusercontent.com/EGemoI2NTXmTsBVtJqk8jxF9rh8ApRWfsIMQSt2uE4OcpQqbFu7f7NbTK05lx80nuSijCz7sc3a277R67g,this game is outstanding. hooked from the first tile match. this game is worth tons. find a better market team and put this as 9.99 in the play store and you will make some serious cash. 6 stars all the way.,5,0,2.63.2,2025-11-06 02:51:46,,,2.63.2,en
3abb9b9c-fcc5-4b94-8397-c256c0c5f1d2,A Google user,https://play-lh.googleusercontent.com/EGemoI2NTXmTsBVtJqk8jxF9rh8ApRWfsIMQSt2uE4OcpQqbFu7f7NbTK05lx80nuSijCz7sc3a277R67g,woo 🙌 this game is nice 👍 i love it hope i will reacive my win,5,0,2.63.2,2025-11-06 02:12:08,,,2.63.2,en
0ab58306-3d95-4250-b592-7dd37b172db5,A Google user,https://play-lh.googleusercontent.com/EGemoI2NTXmTsBVtJqk8jxF9rh8ApRWfsIMQSt2uE4OcpQqbFu7f7NbTK05lx80nuSijCz7sc3a277R67g,"this was quite fun until I caught on that it cheats! how can someone or a bot, jump 11 points? I was in 1st place but with these cheating scores I'm about to uninstall. Why do you feel the need to garbage a really good game with a cheating algorithm?? I HATE cheaters! In real life & on line! There's no need for it!! I'll never play any game you people put out now! I would've given this 5 stars but then then cheating happened! Uninstalling now!👎👎👎👎",1,0,2.63.2,2025-11-06 02:08:10,"We understand your frustration. The ranking system can sometimes seem unfair because the leaderboard updates at the end of each countdown, which may change positions even if you are actively playing. All scores are processed according to the game’s algorithm, not by bots or cheating players. You can keep track of the countdown timer and progress.",2025-11-06 23:21:15,2.63.2,en
aad79070-7ed2-45ab-8dc9-6fb993980b74,A Google user,https://play-lh.googleusercontent.com/EGemoI2NTXmTsBVtJqk8jxF9rh8ApRWfsIMQSt2uE4OcpQqbFu7f7NbTK05lx80nuSijCz7sc3a277R67g,"This is a great game. I love the challenge. it's very moreish, I don't want to stop playing.",5,0,2.64.1,2025-11-06 02:06:36,,,2.64.1,en
f53cf3bd-ef1a-42de-b66b-c38459914017,A Google user,https://play-lh.googleusercontent.com/EGemoI2NTXmTsBVtJqk8jxF9rh8ApRWfsIMQSt2uE4OcpQqbFu7f7NbTK05lx80nuSijCz7sc3a277R67g,I love this game vita Mahjong I have got really good at this game,5,0,2.64.1,2025-11-06 01:46:24,,,2.64.1,en
0b235b8e-00a7-42a6-a8b5-e0e6f4fa7902,A Google user,https://play-lh.googleusercontent.com/EGemoI2NTXmTsBVtJqk8jxF9rh8ApRWfsIMQSt2uE4OcpQqbFu7f7NbTK05lx80nuSijCz7sc3a277R67g,"it's a brain 🧠 teaser, keeps you focused and fun",5,0,2.64.1,2025-11-06 01:33:51,,,2.64.1,en
f2f68998-f93d-4204-8bc7-c0ac6d2e5cb8,A Google user,https://play-lh.googleusercontent.com/EGemoI2NTXmTsBVtJqk8jxF9rh8ApRWfsIMQSt2uE4OcpQqbFu7f7NbTK05lx80nuSijCz7sc3a277R67g,love love love this game but the only thing is why do I need to use my shuffles for no matches just think is abit annoying,4,0,2.63.2,2025-11-06 01:31:07,,,2.63.2,en
47aba687-fc86-4d79-88aa-9bc22b22a932,A Google user,https://play-lh.googleusercontent.com/EGemoI2NTXmTsBVtJqk8jxF9rh8ApRWfsIMQSt2uE4OcpQqbFu7f7NbTK05lx80nuSijCz7sc3a277R67g,"Too many useless ads!! Not as clean as it used to be..,...",5,0,,2025-11-06 01:28:43,,,,en
2c60ea24-2a00-4bf0-afed-db1470ebaa8d,A Google user,https://play-lh.googleusercontent.com/EGemoI2NTXmTsBVtJqk8jxF9rh8ApRWfsIMQSt2uE4OcpQqbFu7f7NbTK05lx80nuSijCz7sc3a277R67g,use two fingers ~ it goes faster!,5,0,2.64.1,2025-11-06 01:26:20,,,2.64.1,en
6d63ed7d-6f1f-4b3b-b0b8-6cb62c7f9795,A Google user,https://play-lh.googleusercontent.com/EGemoI2NTXmTsBVtJqk8jxF9rh8ApRWfsIMQSt2uE4OcpQqbFu7f7NbTK05lx80nuSijCz7sc3a277R67g,i remove this apps because admin post dirty culture,1,0,,2025-11-06 01:00:42,,,,en
aa4432d7-5888-4cba-81e9-4e1eab9d7405,A Google user,https://play-lh.googleusercontent.com/EGemoI2NTXmTsBVtJqk8jxF9rh8ApRWfsIMQSt2uE4OcpQqbFu7f7NbTK05lx80nuSijCz7sc3a277R67g,It is relaxing,5,0,2.64.1,2025-11-06 00:58:40,,,2.64.1,en
bc0d8a99-45cf-47af-afaf-1ff810da3736,A Google user,https://play-lh.googleusercontent.com/EGemoI2NTXmTsBVtJqk8jxF9rh8ApRWfsIMQSt2uE4OcpQqbFu7f7NbTK05lx80nuSijCz7sc3a277R67g,its very relaxing,5,0,,2025-11-06 00:54:08,,,,en
2dbd6577-d345-4a45-9421-c3b84e99d539,A Google user,https://play-lh.googleusercontent.com/EGemoI2NTXmTsBVtJqk8jxF9rh8ApRWfsIMQSt2uE4OcpQqbFu7f7NbTK05lx80nuSijCz7sc3a277R67g,Entertaining and great for keeping the brain sharp.,5,0,2.64.1,2025-11-06 00:49:50,,,2.64.1,en
f66b38ee-c435-418d-87c1-d73328390989,A Google user,https://play-lh.googleusercontent.com/EGemoI2NTXmTsBVtJqk8jxF9rh8ApRWfsIMQSt2uE4OcpQqbFu7f7NbTK05lx80nuSijCz7sc3a277R67g,lots of fun,5,0,2.64.1,2025-11-06 00:27:24,,,2.64.1,en
5f397968-4f3d-49cd-80a2-ba4bddc75280,A Google user,https://play-lh.googleusercontent.com/EGemoI2NTXmTsBVtJqk8jxF9rh8ApRWfsIMQSt2uE4OcpQqbFu7f7NbTK05lx80nuSijCz7sc3a277R67g,I really enjoy this game relaxing.,5,0,2.64.3,2025-11-06 00:27:24,,,2.64.3,en
e77ee49f-26dc-4296-8de3-19568ea89c97,A Google user,https://play-lh.googleusercontent.com/EGemoI2NTXmTsBVtJqk8jxF9rh8ApRWfsIMQSt2uE4OcpQqbFu7f7NbTK05lx80nuSijCz7sc3a277R67g,hard for me. patterns are too complex for me. some shaps are almost the same in my low vision. I'll keep trying.,3,0,2.63.2,2025-11-05 23:50:36,,,2.63.2,en
c27293cb-6294-45ac-a718-0572aae45c0f,A Google user,https://play-lh.googleusercontent.com/EGemoI2NTXmTsBVtJqk8jxF9rh8ApRWfsIMQSt2uE4OcpQqbFu7f7NbTK05lx80nuSijCz7sc3a277R67g,"Really enjoy the game. The ads are always there but recently have become scary, threatening click bate ads.",3,0,2.63.2,2025-11-05 23:48:11,,,2.63.2,en
984b74c9-50f7-439f-bd40-4866eb42a4b6,A Google user,https://play-lh.googleusercontent.com/EGemoI2NTXmTsBVtJqk8jxF9rh8ApRWfsIMQSt2uE4OcpQqbFu7f7NbTK05lx80nuSijCz7sc3a277R67g,"keeping getting ads to play games, have to shut down it down, lose my streak playing",1,0,2.64.3,2025-11-05 23:36:11,Sorry for the disruption. You can turn off notifications to prevent ads from interrupting your gameplay. This should help keep your streaks intact and make playing more enjoyable.,2025-11-06 23:24:15,2.64.3,en
9ea3f3fb-d491-42b6-954d-a36a531362aa,A Google user,https://play-lh.googleusercontent.com/EGemoI2NTXmTsBVtJqk8jxF9rh8ApRWfsIMQSt2uE4OcpQqbFu7f7NbTK05lx80nuSijCz7sc3a277R67g,Great game! De-stress easily by playing!,5,0,,2025-11-05 23:34:09,,,,en
13dde8b4-bd8b-4f33-9e56-6c37634638da,A Google user,https://play-lh.googleusercontent.com/EGemoI2NTXmTsBVtJqk8jxF9rh8ApRWfsIMQSt2uE4OcpQqbFu7f7NbTK05lx80nuSijCz7sc3a277R67g,it's a good reading game and addictive,5,0,2.64.1,2025-11-05 23:23:20,,,2.64.1,en
ea4a22ca-73a6-4604-8cd8-c938319106e8,A Google user,https://play-lh.googleusercontent.com/EGemoI2NTXmTsBVtJqk8jxF9rh8ApRWfsIMQSt2uE4OcpQqbFu7f7NbTK05lx80nuSijCz7sc3a277R67g,spam or possibly a virus is attached to this app. play with caution.,3,0,2.64.3,2025-11-05 23:03:21,"The app itself is safe to use. If you encounter any malicious or suspicious ads while playing, you can report them to us through the in-game support, and we will handle them promptly.",2025-11-06 23:23:13,2.64.3,en
032a2069-0fb3-4782-9479-5648e58632d5,A Google user,https://play-lh.googleusercontent.com/EGemoI2NTXmTsBVtJqk8jxF9rh8ApRWfsIMQSt2uE4OcpQqbFu7f7NbTK05lx80nuSijCz7sc3a277R67g,game nice and easy to play but challenges a proper thinking.,5,0,2.63.2,2025-11-05 22:40:21,,,2.63.2,en
637bf558-f1ae-46c2-9322-adfbef895601,A Google user,https://play-lh.googleusercontent.com/EGemoI2NTXmTsBVtJqk8jxF9rh8ApRWfsIMQSt2uE4OcpQqbFu7f7NbTK05lx80nuSijCz7sc3a277R67g,luv this game. I'm a housebound handicap so the game keeps me busy.,5,0,2.63.2,2025-11-05 22:29:40,,,2.63.2,en
0f67520b-fa90-4fff-8d3a-136f203ac275,A Google user,https://play-lh.googleusercontent.com/EGemoI2NTXmTsBVtJqk8jxF9rh8ApRWfsIMQSt2uE4OcpQqbFu7f7NbTK05lx80nuSijCz7sc3a277R67g,keeps your brain alert ⚠️ 😍,5,0,,2025-11-05 22:13:40,,,,en
7b73a853-32b6-4253-ac73-5c9b9373ba8e,A Google user,https://play-lh.googleusercontent.com/EGemoI2NTXmTsBVtJqk8jxF9rh8ApRWfsIMQSt2uE4OcpQqbFu7f7NbTK05lx80nuSijCz7sc3a277R67g,Scam ads between games,1,0,2.64.1,2025-11-05 21:34:02,Thanks for letting us know. We take misleading or scam ads very seriously. Please take a screenshot of the problematic ad and report it through the in-game support center so our team can review and remove it as soon as possible.,2025-11-05 23:05:19,2.64.1,en
69977151-cc79-4a42-8fb1-c0e96e12e2d6,A Google user,https://play-lh.googleusercontent.com/EGemoI2NTXmTsBVtJqk8jxF9rh8ApRWfsIMQSt2uE4OcpQqbFu7f7NbTK05lx80nuSijCz7sc3a277R67g,fun for the family,5,0,2.63.2,2025-11-05 21:32:19,,,2.63.2,en
912acb2b-bea3-4b55-b4e7-61b172205933,A Google user,https://play-lh.googleusercontent.com/EGemoI2NTXmTsBVtJqk8jxF9rh8ApRWfsIMQSt2uE4OcpQqbFu7f7NbTK05lx80nuSijCz7sc3a277R67g,is very very good game and is good for your brain I really like its,5,0,2.64.1,2025-11-05 21:30:50,,,2.64.1,en
34b89aa1-cbb6-4e66-baf0-c7282dd6bd95,A Google user,https://play-lh.googleusercontent.com/EGemoI2NTXmTsBVtJqk8jxF9rh8ApRWfsIMQSt2uE4OcpQqbFu7f7NbTK05lx80nuSijCz7sc3a277R67g,"I can understand the usual ads, no matter how ridiculously long they are getting or having to ""close"" the ad by hitting the almost invisible, tiny little X hidden in the corner 3 different times before the ad actually closes, but having my chrome browser opening randomly with fake virus warning ads is just too much. Every 10 minutes it does it and I've uninstalled & reinstalled the app to make sure it was the cause. Probably malware and I'm not gonna take the chance of leaving it installed.",1,7,2.63.2,2025-11-05 21:15:39,"Sorry for the trouble! 😥 The situation you describe sounds very abnormal — the game itself doesn’t contain or trigger any malware or fake virus warnings. If the issue persists, take screenshot of abnormal ad and contact the in-game customer support please !",2025-11-05 23:06:23,2.63.2,en
468b2f1d-5106-4877-9531-78f8daf23585,A Google user,https://play-lh.googleusercontent.com/EGemoI2NTXmTsBVtJqk8jxF9rh8ApRWfsIMQSt2uE4OcpQqbFu7f7NbTK05lx80nuSijCz7sc3a277R67g,Very interesting 👌,5,0,2.63.2,2025-11-05 21:06:23,,,2.63.2,en
d0da43c0-d1db-4b83-af98-556bddbf7235,A Google user,https://play-lh.googleusercontent.com/EGemoI2NTXmTsBVtJqk8jxF9rh8ApRWfsIMQSt2uE4OcpQqbFu7f7NbTK05lx80nuSijCz7sc3a277R67g,"I really enjoy the graphics and the game itself. I was about to purchase it about a week ago. I was asked to install updates on all my apps, and this was one of them. After the update, seems you took away the Undo button in the boards. Not sure why you would remove that feature. I won't play or purchase unless you can fix this feature, please. Otherwise, love the game.",3,0,2.63.2,2025-11-05 20:55:47,Thank you for your feedback! We understand how useful the Undo button is for your gameplay. You can contact the in-game support to report this issue—they can provide guidance and let the team know about restoring or improving this feature. Your input helps us improve the game!,2025-11-05 23:10:09,2.63.2,en
4a01f68a-1735-486f-a829-fc1a6c0ef6cd,A Google user,https://play-lh.googleusercontent.com/EGemoI2NTXmTsBVtJqk8jxF9rh8ApRWfsIMQSt2uE4OcpQqbFu7f7NbTK05lx80nuSijCz7sc3a277R67g,"it makes me relax, I enjoy playing the game.now me and my love once play it together.",5,0,,2025-11-05 20:54:04,,,,en
39f130ae-b90f-4493-9fe3-065c41d90887,A Google user,https://play-lh.googleusercontent.com/EGemoI2NTXmTsBVtJqk8jxF9rh8ApRWfsIMQSt2uE4OcpQqbFu7f7NbTK05lx80nuSijCz7sc3a277R67g,Love it very stimulating game!!,5,0,2.63.2,2025-11-05 20:44:39,,,2.63.2,en
3764691d-ed31-4c4b-9147-7ba5b723fb93,A Google user,https://play-lh.googleusercontent.com/EGemoI2NTXmTsBVtJqk8jxF9rh8ApRWfsIMQSt2uE4OcpQqbFu7f7NbTK05lx80nuSijCz7sc3a277R67g,"really, really good game.",5,0,2.64.1,2025-11-05 20:40:03,,,2.64.1,en
080cf8fa-eed8-4765-a589-837cd64c8133,A Google user,https://play-lh.googleusercontent.com/EGemoI2NTXmTsBVtJqk8jxF9rh8ApRWfsIMQSt2uE4OcpQqbFu7f7NbTK05lx80nuSijCz7sc3a277R67g,good for your mind and subconscious,5,0,,2025-11-05 20:31:58,,,,en
3c314a39-a0d3-4480-9511-c0bd05f9fccb,A Google user,https://play-lh.googleusercontent.com/EGemoI2NTXmTsBVtJqk8jxF9rh8ApRWfsIMQSt2uE4OcpQqbFu7f7NbTK05lx80nuSijCz7sc3a277R67g,"Good game if you like watching ads They wait until you've invested a lot of time and then bury with ads. Sometimes 2-3 minutes worth. Happy ad watching! UPDATE: my experience other than flooding you with adds was when I returned to the game my score had been reduced substantially. I was IN the top 3 today and then boom, I'm suddenly, in one fell swoop 43 while I'm engaged in the game (what's up with that????) To anyone reading this post: DON'T WASTE YOUR TIme! Update: DON'T WASTE YOUR TIME!!!!",1,34,2.64.1,2025-11-05 20:15:48,"Thank you for your feedback! The leaderboard resets when the countdown ends, which may cause changes in your ranking. As for ads, they can be skipped—please keep an eye out for these prompts while playing. 🕹️⏳",2025-11-05 23:13:05,2.64.1,en
be5271ed-f32d-4d19-bac3-ced14c5e51b9,A Google user,https://play-lh.googleusercontent.com/EGemoI2NTXmTsBVtJqk8jxF9rh8ApRWfsIMQSt2uE4OcpQqbFu7f7NbTK05lx80nuSijCz7sc3a277R67g,game is not at all the same as in the adverts.,1,0,,2025-11-05 20:13:53,The ads may not always show the latest version of the game. We encourage you to try the current game—it might surprise you with new features and gameplay!,2025-11-05 23:11:32,,en
aed5b79d-967b-4f29-a821-ff7c730f0056,A Google user,https://play-lh.googleusercontent.com/EGemoI2NTXmTsBVtJqk8jxF9rh8ApRWfsIMQSt2uE4OcpQqbFu7f7NbTK05lx80nuSijCz7sc3a277R67g,this is the best game it opens up ur mind and makes you sleep well,5,0,,2025-11-05 19:58:30,,,,en
0b7d89e7-db1e-4b39-8dcf-b0e0b3fd03f6,A Google user,https://play-lh.googleusercontent.com/EGemoI2NTXmTsBVtJqk8jxF9rh8ApRWfsIMQSt2uE4OcpQqbFu7f7NbTK05lx80nuSijCz7sc3a277R67g,keeps my mind occupied,4,0,2.64.3,2025-11-05 19:51:56,,,2.64.3,en
437a7659-d7d6-4287-b946-8855b733383b,A Google user,https://play-lh.googleusercontent.com/EGemoI2NTXmTsBVtJqk8jxF9rh8ApRWfsIMQSt2uE4OcpQqbFu7f7NbTK05lx80nuSijCz7sc3a277R67g,great game to play,5,0,2.64.3,2025-11-05 19:45:28,,,2.64.3,en
6ba9342b-597d-4136-8191-767d51efe4e1,A Google user,https://play-lh.googleusercontent.com/EGemoI2NTXmTsBVtJqk8jxF9rh8ApRWfsIMQSt2uE4OcpQqbFu7f7NbTK05lx80nuSijCz7sc3a277R67g,I'm happy and enjoy this majong games.,5,0,2.63.2,2025-11-05 19:44:14,,,2.63.2,en
da362f38-e9d9-4dff-b037-38e4d70959fd,A Google user,https://play-lh.googleusercontent.com/EGemoI2NTXmTsBVtJqk8jxF9rh8ApRWfsIMQSt2uE4OcpQqbFu7f7NbTK05lx80nuSijCz7sc3a277R67g,I like the older version with the box of matching 4 tiles on top. How can I get that one back please?,1,0,2.63.2,2025-11-05 19:44:11,"We’re glad you loved the old version! Unfortunately, we don’t support reverting to it. We’ll reference your feedback for future updates—thanks!",2025-11-07 01:27:45,2.63.2,en
441b928d-3369-4fef-a3b2-e1ee889d2250,A Google user,https://play-lh.googleusercontent.com/EGemoI2NTXmTsBVtJqk8jxF9rh8ApRWfsIMQSt2uE4OcpQqbFu7f7NbTK05lx80nuSijCz7sc3a277R67g,"After finally removing the ads, I gave this 5 stars. It is a fun game with competition against others if you want. Always fun. I do wish it chose better tiles when automatically removing. There have been instances where I had worked the tiles to be able to remove things a certain way, only to have something trigger an automatic removal and it would take the wrong tiles, leaving me with 2 tiles on top of each other with no way to take them. That means I have to waste a shuffle or go back. :(",5,77,2.64.1,2025-11-05 19:27:53,We're truly sorry for the ad and subscription issues. The inability to remove ads is unacceptable. There might be problems with payment information or network. Please check if your billing details are correct and ensure a stable network.,2025-09-18 01:40:54,2.64.1,en
1f756f20-1fd0-45ed-82a5-1bf809a4c99b,A Google user,https://play-lh.googleusercontent.com/EGemoI2NTXmTsBVtJqk8jxF9rh8ApRWfsIMQSt2uE4OcpQqbFu7f7NbTK05lx80nuSijCz7sc3a277R67g,the best relaxing gamee,5,0,2.63.2,2025-11-05 19:23:39,,,2.63.2,en
dd750e4e-ee81-4de5-b880-e1e73da925e6,A Google user,https://play-lh.googleusercontent.com/EGemoI2NTXmTsBVtJqk8jxF9rh8ApRWfsIMQSt2uE4OcpQqbFu7f7NbTK05lx80nuSijCz7sc3a277R67g,"Love playing but despite having every sound feature off, the game insists on either playing music or sometimes unpleasant vocal sound effects. I'm about ready to uninstall.",2,0,2.63.2,2025-11-05 19:16:36,We’re sorry for the sound issue! Please restart the game or reinstall it. We’ll fix this in the next update—thanks for your patience!,2025-11-07 01:30:05,2.63.2,en
13287b57-d3aa-4ae3-9ec2-390083a7bcb5,A Google user,https://play-lh.googleusercontent.com/EGemoI2NTXmTsBVtJqk8jxF9rh8ApRWfsIMQSt2uE4OcpQqbFu7f7NbTK05lx80nuSijCz7sc3a277R67g,1 month,5,0,2.61.3,2025-11-05 18:54:03,,,2.61.3,en
cd0b1952-104c-48bf-b269-e275b743670a,A Google user,https://play-lh.googleusercontent.com/EGemoI2NTXmTsBVtJqk8jxF9rh8ApRWfsIMQSt2uE4OcpQqbFu7f7NbTK05lx80nuSijCz7sc3a277R67g,"absolutely brilliant, love it",5,0,2.64.1,2025-11-05 18:52:40,,,2.64.1,en
a8f5e3f3-dc5a-43eb-a069-ccf50fa14efc,A Google user,https://play-lh.googleusercontent.com/EGemoI2NTXmTsBVtJqk8jxF9rh8ApRWfsIMQSt2uE4OcpQqbFu7f7NbTK05lx80nuSijCz7sc3a277R67g,great game to give your brain a break from all of the real worlds clutter,5,0,2.64.1,2025-11-05 18:45:50,,,2.64.1,en
a9b86417-bfa4-44a6-86ec-135079b93b1d,A Google user,https://play-lh.googleusercontent.com/EGemoI2NTXmTsBVtJqk8jxF9rh8ApRWfsIMQSt2uE4OcpQqbFu7f7NbTK05lx80nuSijCz7sc3a277R67g,"what's on the advert of the game, is not what's installed.",1,1,2.64.1,2025-11-05 18:22:00,"We're extremely sorry for the discrepancy between the game's advertisement and the actual content. This is not what we intended. We're currently reviewing our advertising materials to ensure accuracy. Thank you for bringing this to our attention, and we'll do our best to prevent similar issues in the future.",2025-11-07 01:33:34,2.64.1,en
adf333ff-4ac4-46c5-9431-4af0dd30b8a7,A Google user,https://play-lh.googleusercontent.com/EGemoI2NTXmTsBVtJqk8jxF9rh8ApRWfsIMQSt2uE4OcpQqbFu7f7NbTK05lx80nuSijCz7sc3a277R67g,very challanging!!! and intense and fun...,5,0,2.63.2,2025-11-05 18:19:00,,,2.63.2,en
c3f67815-5083-41a0-9462-f08a90756f59,A Google user,https://play-lh.googleusercontent.com/EGemoI2NTXmTsBVtJqk8jxF9rh8ApRWfsIMQSt2uE4OcpQqbFu7f7NbTK05lx80nuSijCz7sc3a277R67g,thats good and am happy,5,0,2.63.2,2025-11-05 18:12:41,,,2.63.2,en
ccdb7f07-d39d-40d3-a86b-ffbf23bfa0a1,A Google user,https://play-lh.googleusercontent.com/EGemoI2NTXmTsBVtJqk8jxF9rh8ApRWfsIMQSt2uE4OcpQqbFu7f7NbTK05lx80nuSijCz7sc3a277R67g,Its a great game and really helps my mind to settle before going to sleep. love th The kitty tiles they are very cute. ❤️,5,0,,2025-11-05 18:08:19,"That’s so sweet to hear! 💤🐾 We’re glad the game helps you unwind before bed — and yes, those kitty tiles are absolutely adorable 😻✨. It’s wonderful that something so simple can bring calm and a smile before sleep. ❤️",2025-11-05 22:58:14,,en
f0bfd8ea-85a9-493c-86cf-9825348350d3,A Google user,https://play-lh.googleusercontent.com/EGemoI2NTXmTsBVtJqk8jxF9rh8ApRWfsIMQSt2uE4OcpQqbFu7f7NbTK05lx80nuSijCz7sc3a277R67g,very relaxing,5,0,2.64.1,2025-11-05 17:58:22,,,2.64.1,en
3c1a5adf-aa5f-437e-8182-925d878f0277,A Google user,https://play-lh.googleusercontent.com/EGemoI2NTXmTsBVtJqk8jxF9rh8ApRWfsIMQSt2uE4OcpQqbFu7f7NbTK05lx80nuSijCz7sc3a277R67g,no ads and no internet and you can still play it,5,0,2.63.2,2025-11-05 17:38:22,,,2.63.2,en
535e5200-21e9-4bf2-abe4-1e3881a30a32,A Google user,https://play-lh.googleusercontent.com/EGemoI2NTXmTsBVtJqk8jxF9rh8ApRWfsIMQSt2uE4OcpQqbFu7f7NbTK05lx80nuSijCz7sc3a277R67g,interesting and your going to use your brain to get lucky 😉,5,0,2.63.2,2025-11-05 17:38:05,,,2.63.2,en
bc80a3de-f1dd-4aa7-b84a-752c1fdc6ac3,A Google user,https://play-lh.googleusercontent.com/EGemoI2NTXmTsBVtJqk8jxF9rh8ApRWfsIMQSt2uE4OcpQqbFu7f7NbTK05lx80nuSijCz7sc3a277R67g,mind blowing,4,0,2.63.2,2025-11-05 17:30:07,,,2.63.2,en
ffa618dd-bba8-4eab-b4c9-29f2c8d71807,A Google user,https://play-lh.googleusercontent.com/EGemoI2NTXmTsBVtJqk8jxF9rh8ApRWfsIMQSt2uE4OcpQqbFu7f7NbTK05lx80nuSijCz7sc3a277R67g,"And no one says it pays out or not, just complain about the adds lol",1,0,,2025-11-05 17:02:12,,,,en
134dabfa-c19d-4661-bd1c-c58973f9ebfb,A Google user,https://play-lh.googleusercontent.com/EGemoI2NTXmTsBVtJqk8jxF9rh8ApRWfsIMQSt2uE4OcpQqbFu7f7NbTK05lx80nuSijCz7sc3a277R67g,it's a very addictive game and l enjoy it very much thank you,5,0,2.63.2,2025-11-05 16:53:32,,,2.63.2,en
0508cb30-d48d-4446-83ed-bad99637df64,A Google user,https://play-lh.googleusercontent.com/EGemoI2NTXmTsBVtJqk8jxF9rh8ApRWfsIMQSt2uE4OcpQqbFu7f7NbTK05lx80nuSijCz7sc3a277R67g,"Started playing and last few days it won't open app. I tried for 4 days. Contacted, customer service, but no reply. Was working on rewards from Inboxdollars. Now cannot get app to open. Sad as I like game. Uninstalled app, then reinstalled to see if it would open. But now it started from level 1. Lost all my progress of levels 1000.",3,1,2.63.2,2025-11-05 16:09:15,So sorry about the app issue and lost progress! Please contact us with your account details—we’ll help recover your progress ASAP. Thanks for your patience!,2025-11-07 01:48:53,2.63.2,en
5cc61d84-405b-4ec7-a3e1-6960168f516f,A Google user,https://play-lh.googleusercontent.com/EGemoI2NTXmTsBVtJqk8jxF9rh8ApRWfsIMQSt2uE4OcpQqbFu7f7NbTK05lx80nuSijCz7sc3a277R67g,"too many ads!! more ads than game, supposed to reduce stress",4,0,2.63.2,2025-11-05 16:04:30,,,2.63.2,en
d2a01987-b7de-42bd-8ae0-594aeffa8980,A Google user,https://play-lh.googleusercontent.com/EGemoI2NTXmTsBVtJqk8jxF9rh8ApRWfsIMQSt2uE4OcpQqbFu7f7NbTK05lx80nuSijCz7sc3a277R67g,This game is awesome!!!,5,0,2.63.2,2025-11-05 16:01:02,,,2.63.2,en
c360e4ad-5d25-4717-bb9e-f2a167b9092e,A Google user,https://play-lh.googleusercontent.com/EGemoI2NTXmTsBVtJqk8jxF9rh8ApRWfsIMQSt2uE4OcpQqbFu7f7NbTK05lx80nuSijCz7sc3a277R67g,calming and challenging,5,1,2.64.3,2025-11-05 15:55:36,Thanks for your great feedback! We’re thrilled the game feels calming yet challenging. Enjoy every moment of gameplay—we’ll keep optimizing for you!,2025-11-06 02:01:04,2.64.3,en
5f526ee0-9ad7-4445-a502-6332d56c67f9,A Google user,https://play-lh.googleusercontent.com/EGemoI2NTXmTsBVtJqk8jxF9rh8ApRWfsIMQSt2uE4OcpQqbFu7f7NbTK05lx80nuSijCz7sc3a277R67g,it's okay 😂👍 don't want to stop playing,4,0,2.63.2,2025-11-05 15:52:42,"Haha, so glad you’re hooked! Thanks for the feedback—keep enjoying the game. Reach out if you run into any issues. Happy gaming!",2025-11-06 02:01:28,2.63.2,en
56124fb8-9b31-4314-a97b-ccabade857e3,A Google user,https://play-lh.googleusercontent.com/EGemoI2NTXmTsBVtJqk8jxF9rh8ApRWfsIMQSt2uE4OcpQqbFu7f7NbTK05lx80nuSijCz7sc3a277R67g,this is so amazing i realy enjoy to ply,5,0,2.63.2,2025-11-05 15:40:42,,,2.63.2,en
ce0cdce3-7209-4473-8d6a-eab4cdaf3eef,A Google user,https://play-lh.googleusercontent.com/EGemoI2NTXmTsBVtJqk8jxF9rh8ApRWfsIMQSt2uE4OcpQqbFu7f7NbTK05lx80nuSijCz7sc3a277R67g,it was good till I can't turn off the music its annoying.,1,1,2.63.2,2025-11-05 15:33:30,You can mute the game sounds by going into the settings and turning off the music and sound effects. This should stop the background music from playing and make the game more comfortable to play.,2025-11-05 23:16:52,2.63.2,en
c3ed137e-8f76-4d0b-a366-2df70619028a,A Google user,https://play-lh.googleusercontent.com/EGemoI2NTXmTsBVtJqk8jxF9rh8ApRWfsIMQSt2uE4OcpQqbFu7f7NbTK05lx80nuSijCz7sc3a277R67g,Great play,5,0,2.64.3,2025-11-05 15:31:38,,,2.64.3,en
61b03c30-a657-44e3-85a4-39428ae31043,A Google user,https://play-lh.googleusercontent.com/EGemoI2NTXmTsBVtJqk8jxF9rh8ApRWfsIMQSt2uE4OcpQqbFu7f7NbTK05lx80nuSijCz7sc3a277R67g,I love the graphics of the game and very easy to play,5,0,2.64.1,2025-11-05 15:11:35,,,2.64.1,en
776ea761-a3e0-4839-a80d-5274eb12d45e,A Google user,https://play-lh.googleusercontent.com/EGemoI2NTXmTsBVtJqk8jxF9rh8ApRWfsIMQSt2uE4OcpQqbFu7f7NbTK05lx80nuSijCz7sc3a277R67g,don't have to concentrate too hard,5,0,2.64.1,2025-11-05 15:09:39,,,2.64.1,en
73435201-9e39-420d-a6ce-d8fc00954488,A Google user,https://play-lh.googleusercontent.com/EGemoI2NTXmTsBVtJqk8jxF9rh8ApRWfsIMQSt2uE4OcpQqbFu7f7NbTK05lx80nuSijCz7sc3a277R67g,it's good,5,0,2.63.2,2025-11-05 14:44:05,,,2.63.2,en
60dc7239-3421-466f-a68b-c70cb1a0c2f7,A Google user,https://play-lh.googleusercontent.com/EGemoI2NTXmTsBVtJqk8jxF9rh8ApRWfsIMQSt2uE4OcpQqbFu7f7NbTK05lx80nuSijCz7sc3a277R67g,"memory alive,at my age.",5,0,2.63.2,2025-11-05 14:32:48,,,2.63.2,en
6869f5fd-c5ef-4f42-91a8-cf713485989e,A Google user,https://play-lh.googleusercontent.com/EGemoI2NTXmTsBVtJqk8jxF9rh8ApRWfsIMQSt2uE4OcpQqbFu7f7NbTK05lx80nuSijCz7sc3a277R67g,I love the game❤️ Amazing 🤩,5,0,2.63.2,2025-11-05 14:22:40,,,2.63.2,en
5b8337ab-1c97-4d2c-8502-6a770e3cffa3,A Google user,https://play-lh.googleusercontent.com/EGemoI2NTXmTsBVtJqk8jxF9rh8ApRWfsIMQSt2uE4OcpQqbFu7f7NbTK05lx80nuSijCz7sc3a277R67g,sick of your ADS,1,0,,2025-11-05 14:17:26,"I understand—it sounds really frustrating. The game shows frequent ads that disrupt play, and that can make it hard to enjoy. You can try skipping ads when possible or using the in-game support to report excessive or problematic ads.",2025-11-05 23:15:08,,en
4c6acf67-aff8-438a-9c6a-32e719123154,A Google user,https://play-lh.googleusercontent.com/EGemoI2NTXmTsBVtJqk8jxF9rh8ApRWfsIMQSt2uE4OcpQqbFu7f7NbTK05lx80nuSijCz7sc3a277R67g,When I am playing the game why are some of the moves done for me? Is there a way to stop this happening?,2,0,2.60.3,2025-11-05 13:32:40,"Yes after you start a game, you can turn off the automatic matching assistance in the menu at the top right corner. This will allow you to match tiles manually without any auto help.",2025-11-05 23:19:06,2.60.3,en
e63515be-e552-49e6-b74a-6bda7122b749,A Google user,https://play-lh.googleusercontent.com/EGemoI2NTXmTsBVtJqk8jxF9rh8ApRWfsIMQSt2uE4OcpQqbFu7f7NbTK05lx80nuSijCz7sc3a277R67g,excellent thanks 🙏,5,0,2.63.2,2025-11-05 13:29:51,,,2.63.2,en
f431d95e-9947-4e7e-b5e0-d31fb0170e75,A Google user,https://play-lh.googleusercontent.com/EGemoI2NTXmTsBVtJqk8jxF9rh8ApRWfsIMQSt2uE4OcpQqbFu7f7NbTK05lx80nuSijCz7sc3a277R67g,this game so amazing 😊♥️,5,0,2.63.2,2025-11-05 13:12:37,,,2.63.2,en
1078cd1d-53cf-4db8-b99c-ce8c997bea63,A Google user,https://play-lh.googleusercontent.com/EGemoI2NTXmTsBVtJqk8jxF9rh8ApRWfsIMQSt2uE4OcpQqbFu7f7NbTK05lx80nuSijCz7sc3a277R67g,really very good 😊,5,0,2.63.2,2025-11-05 13:11:26,,,2.63.2,en
d649f4b3-c047-46a0-84c7-a8631fc1f03e,A Google user,https://play-lh.googleusercontent.com/EGemoI2NTXmTsBVtJqk8jxF9rh8ApRWfsIMQSt2uE4OcpQqbFu7f7NbTK05lx80nuSijCz7sc3a277R67g,great game I'd played mahjong games and this is one of the best.,5,0,2.64.1,2025-11-05 12:55:53,,,2.64.1,en
62e0a20b-5a4d-4137-a797-c803c360bade,A Google user,https://play-lh.googleusercontent.com/EGemoI2NTXmTsBVtJqk8jxF9rh8ApRWfsIMQSt2uE4OcpQqbFu7f7NbTK05lx80nuSijCz7sc3a277R67g,very nice and good game,5,0,,2025-11-05 12:50:24,,,,en
339b46ce-75d2-4eb9-872d-81a9334e30d8,A Google user,https://play-lh.googleusercontent.com/EGemoI2NTXmTsBVtJqk8jxF9rh8ApRWfsIMQSt2uE4OcpQqbFu7f7NbTK05lx80nuSijCz7sc3a277R67g,"Love it, relaxing and fun",5,0,2.63.2,2025-11-05 12:48:53,,,2.63.2,en
083e4338-5a9b-4800-8e48-a7d9931fe964,A Google user,https://play-lh.googleusercontent.com/EGemoI2NTXmTsBVtJqk8jxF9rh8ApRWfsIMQSt2uE4OcpQqbFu7f7NbTK05lx80nuSijCz7sc3a277R67g,great 👌 fun apps.love it,5,0,2.64.1,2025-11-05 12:31:48,,,2.64.1,en
e26703d1-e615-45a3-89e7-c0096852acee,A Google user,https://play-lh.googleusercontent.com/EGemoI2NTXmTsBVtJqk8jxF9rh8ApRWfsIMQSt2uE4OcpQqbFu7f7NbTK05lx80nuSijCz7sc3a277R67g,"Play Vita Mahjong. its a game that actives your brain, and I love playing when I wake up to get me going ! love it.",5,0,2.63.2,2025-11-05 12:14:14,,,2.63.2,en
5facdc80-13be-478f-ba85-95d8e149e09f,A Google user,https://play-lh.googleusercontent.com/EGemoI2NTXmTsBVtJqk8jxF9rh8ApRWfsIMQSt2uE4OcpQqbFu7f7NbTK05lx80nuSijCz7sc3a277R67g,Sick of ads that won't quit! Spoils my enjoyment of an otherwise excellent game.,3,0,2.64.3,2025-11-05 12:14:03,I understand your frustration. The ads can definitely interrupt the flow and enjoyment of the game. You can report persistent or inappropriate ads through the in-game support so the team can address them.,2025-11-05 23:35:05,2.64.3,en
3703522a-7a80-4eda-95de-a562cb4c974a,A Google user,https://play-lh.googleusercontent.com/EGemoI2NTXmTsBVtJqk8jxF9rh8ApRWfsIMQSt2uE4OcpQqbFu7f7NbTK05lx80nuSijCz7sc3a277R67g,very excellent,5,0,2.64.1,2025-11-05 11:50:15,,,2.64.1,en
847608c0-6310-442c-b6a2-8216f4bcb6aa,A Google user,https://play-lh.googleusercontent.com/EGemoI2NTXmTsBVtJqk8jxF9rh8ApRWfsIMQSt2uE4OcpQqbFu7f7NbTK05lx80nuSijCz7sc3a277R67g,very nice and easy to play,5,0,2.64.1,2025-11-05 11:47:39,,,2.64.1,en
906219e2-9841-4a51-b891-333210d0a3d8,A Google user,https://play-lh.googleusercontent.com/EGemoI2NTXmTsBVtJqk8jxF9rh8ApRWfsIMQSt2uE4OcpQqbFu7f7NbTK05lx80nuSijCz7sc3a277R67g,Good for the brain – enhances mental alertness!❤️,5,0,2.64.1,2025-11-05 11:41:42,,,2.64.1,en
e7ae58f9-e457-4acf-b209-99c4c68fc141,A Google user,https://play-lh.googleusercontent.com/EGemoI2NTXmTsBVtJqk8jxF9rh8ApRWfsIMQSt2uE4OcpQqbFu7f7NbTK05lx80nuSijCz7sc3a277R67g,stress free game,5,0,2.64.1,2025-11-05 11:27:40,,,2.64.1,en
2ce8f7ff-4d4f-4c01-91c5-c85b60d8e846,A Google user,https://play-lh.googleusercontent.com/EGemoI2NTXmTsBVtJqk8jxF9rh8ApRWfsIMQSt2uE4OcpQqbFu7f7NbTK05lx80nuSijCz7sc3a277R67g,Great fun. Gets the brain working. very addictive 😊,5,0,2.63.2,2025-11-05 11:01:14,,,2.63.2,en
8cd56792-d68e-4df7-aaff-35f1a0c0dc67,A Google user,https://play-lh.googleusercontent.com/EGemoI2NTXmTsBVtJqk8jxF9rh8ApRWfsIMQSt2uE4OcpQqbFu7f7NbTK05lx80nuSijCz7sc3a277R67g,I want to know my rewards from this game,5,0,2.64.1,2025-11-05 10:32:10,,,2.64.1,en
08c56990-fd38-4d17-8b64-97b5259e22ac,A Google user,https://play-lh.googleusercontent.com/EGemoI2NTXmTsBVtJqk8jxF9rh8ApRWfsIMQSt2uE4OcpQqbFu7f7NbTK05lx80nuSijCz7sc3a277R67g,I'm happy to play this game,5,0,2.64.1,2025-11-05 10:26:36,,,2.64.1,en
111732fa-7358-46f3-9f04-1d74ca0699a1,A Google user,https://play-lh.googleusercontent.com/EGemoI2NTXmTsBVtJqk8jxF9rh8ApRWfsIMQSt2uE4OcpQqbFu7f7NbTK05lx80nuSijCz7sc3a277R67g,Time Pass Good,5,0,2.64.1,2025-11-05 10:16:45,,,2.64.1,en
0971ceea-3e06-438b-b608-6aa5eaf8a464,A Google user,https://play-lh.googleusercontent.com/EGemoI2NTXmTsBVtJqk8jxF9rh8ApRWfsIMQSt2uE4OcpQqbFu7f7NbTK05lx80nuSijCz7sc3a277R67g,I love the game,5,0,2.63.2,2025-11-05 10:06:35,,,2.63.2,en
6c97023d-2f9a-4f6a-b8f0-2a436abc4dd1,A Google user,https://play-lh.googleusercontent.com/EGemoI2NTXmTsBVtJqk8jxF9rh8ApRWfsIMQSt2uE4OcpQqbFu7f7NbTK05lx80nuSijCz7sc3a277R67g,thank you,4,0,2.64.1,2025-11-05 10:00:54,,,2.64.1,en
07310025-79d5-40c5-85b9-5c369b0335e9,A Google user,https://play-lh.googleusercontent.com/EGemoI2NTXmTsBVtJqk8jxF9rh8ApRWfsIMQSt2uE4OcpQqbFu7f7NbTK05lx80nuSijCz7sc3a277R67g,I'm very interesting and enjoyed to play this game,5,0,2.64.1,2025-11-05 09:42:27,,,2.64.1,en
d56445e2-c55f-412c-8385-5bdcc508d7b7,A Google user,https://play-lh.googleusercontent.com/EGemoI2NTXmTsBVtJqk8jxF9rh8ApRWfsIMQSt2uE4OcpQqbFu7f7NbTK05lx80nuSijCz7sc3a277R67g,very nice game,5,0,2.63.2,2025-11-05 09:34:43,,,2.63.2,en
1b3ea3ca-8369-425a-a704-cfdbe0b601d3,A Google user,https://play-lh.googleusercontent.com/EGemoI2NTXmTsBVtJqk8jxF9rh8ApRWfsIMQSt2uE4OcpQqbFu7f7NbTK05lx80nuSijCz7sc3a277R67g,Thank you for relaxing my mind.,5,0,,2025-11-05 09:18:35,,,,en
6f3cedc2-39c1-4283-8be3-43e7b92d6fbf,A Google user,https://play-lh.googleusercontent.com/EGemoI2NTXmTsBVtJqk8jxF9rh8ApRWfsIMQSt2uE4OcpQqbFu7f7NbTK05lx80nuSijCz7sc3a277R67g,this game is relaxing I love playing it,5,0,,2025-11-05 09:15:49,,,,en
8d769c83-f012-4197-90cd-13462c6708ee,A Google user,https://play-lh.googleusercontent.com/EGemoI2NTXmTsBVtJqk8jxF9rh8ApRWfsIMQSt2uE4OcpQqbFu7f7NbTK05lx80nuSijCz7sc3a277R67g,why does it say NO ANNOYING ADS AND THEN IT HAS ANNOYING ADS?!!!!!,1,1,1.2.0,2025-11-05 08:59:18,"We're sorry for the inconvenience caused by the ads. Our game is designed to minimize ads as much as possible, but in some cases, due to technical issues or third - party cooperation, a few ads may still appear. We are constantly optimizing and improving to ensure a better gaming experience for you.",2025-11-07 01:54:32,1.2.0,en
fef3da77-6bbb-4cc9-baba-ac222fca5378,A Google user,https://play-lh.googleusercontent.com/EGemoI2NTXmTsBVtJqk8jxF9rh8ApRWfsIMQSt2uE4OcpQqbFu7f7NbTK05lx80nuSijCz7sc3a277R67g,great game,5,0,,2025-11-05 08:58:52,,,,en
594568a7-3514-4769-8d48-9518e2fc6de3,A Google user,https://play-lh.googleusercontent.com/EGemoI2NTXmTsBVtJqk8jxF9rh8ApRWfsIMQSt2uE4OcpQqbFu7f7NbTK05lx80nuSijCz7sc3a277R67g,I feel comfortable with this game it's adorable ☺️,5,0,2.63.2,2025-11-05 08:55:45,,,2.63.2,en
efeb72d1-c977-4de0-b277-3210d4a8cc88,A Google user,https://play-lh.googleusercontent.com/EGemoI2NTXmTsBVtJqk8jxF9rh8ApRWfsIMQSt2uE4OcpQqbFu7f7NbTK05lx80nuSijCz7sc3a277R67g,lm just busy with the game but it seems interesting,5,0,2.63.2,2025-11-05 08:36:12,,,2.63.2,en
6f10c431-561c-4373-bcbc-e82aa3d548bc,A Google user,https://play-lh.googleusercontent.com/EGemoI2NTXmTsBVtJqk8jxF9rh8ApRWfsIMQSt2uE4OcpQqbFu7f7NbTK05lx80nuSijCz7sc3a277R67g,"Swapped phones from a Motorola to OPPO, and had to start all over again even though I had reached level 120. That's fine, but had to update the game and the new version is terrible. Gone is the daily challenge and themed challenges like Halloween. I have never had to restart a level so many times in the old version, then I have had to in the new version. it's only ad free if you turn off the internet. I'm uninstalling this game.",2,3,2.63.2,2025-11-05 08:32:05,"Regarding the loss of progress when changing phones, we're working on improving the account system to ensure data synchronization across devices. We'll also adjust the difficulty level based on your feedback. As for the ad issue, we're exploring ways to optimize the ad display. Please don't uninstall the game yet. Give us a chance to make it better",2025-11-06 01:32:01,2.63.2,en
16186336-155a-4e19-be73-182b59b2ff72,A Google user,https://play-lh.googleusercontent.com/EGemoI2NTXmTsBVtJqk8jxF9rh8ApRWfsIMQSt2uE4OcpQqbFu7f7NbTK05lx80nuSijCz7sc3a277R67g,It's a really nice game. I think help to find similar things together. Keep up with the good works,5,0,2.63.2,2025-11-05 08:11:28,,,2.63.2,en
3b287732-6752-426c-9abc-0af998ed0aaa,A Google user,https://play-lh.googleusercontent.com/EGemoI2NTXmTsBVtJqk8jxF9rh8ApRWfsIMQSt2uE4OcpQqbFu7f7NbTK05lx80nuSijCz7sc3a277R67g,i enjoy this game..I wish I can get money on this game,5,0,2.63.2,2025-11-05 07:53:21,,,2.63.2,en
0aa120ec-9b29-4889-896f-4ac1d83eab04,A Google user,https://play-lh.googleusercontent.com/EGemoI2NTXmTsBVtJqk8jxF9rh8ApRWfsIMQSt2uE4OcpQqbFu7f7NbTK05lx80nuSijCz7sc3a277R67g,how to cash out,1,0,2.63.2,2025-11-05 07:35:55,Hi there! We’re sorry to inform you that our game does not currently involve any real-money rewards. Our focus is on providing a relaxing and enjoyable gaming experience for all players.,2025-11-06 01:33:31,2.63.2,en
a206d9cd-0743-4076-9093-8b37f378fc49,A Google user,https://play-lh.googleusercontent.com/EGemoI2NTXmTsBVtJqk8jxF9rh8ApRWfsIMQSt2uE4OcpQqbFu7f7NbTK05lx80nuSijCz7sc3a277R67g,Advertises that you can earn money playing the game so I bared the ads understanding that paid advertising allows the game to give you payment on PayPal. Until you want to withdraw. You don't make money playing this game. Scamming red flag. Don't be fooled. 🚩,1,0,2.64.1,2025-11-05 07:34:23,"Hi there! 😊

✨ We’re sorry to inform you that our game does not currently involve any real-money rewards. Our focus is on providing a relaxing and enjoyable gaming experience for all players.",2025-11-06 01:34:15,2.64.1,en
37fbf5bf-94ed-43ea-b37d-460bc260c156,A Google user,https://play-lh.googleusercontent.com/EGemoI2NTXmTsBVtJqk8jxF9rh8ApRWfsIMQSt2uE4OcpQqbFu7f7NbTK05lx80nuSijCz7sc3a277R67g,alhamdulillah for this game because this game is dangerous 👍,5,0,2.64.1,2025-11-05 07:16:53,,,2.64.1,en
d2d7ca86-ef5c-4971-a7a5-0db0c11dfe51,A Google user,https://play-lh.googleusercontent.com/EGemoI2NTXmTsBVtJqk8jxF9rh8ApRWfsIMQSt2uE4OcpQqbFu7f7NbTK05lx80nuSijCz7sc3a277R67g,"love Mahjong, it's challenging and fun.",5,0,,2025-11-05 07:10:05,,,,en
22e8928e-54a2-499d-822e-da1e699b38ef,A Google user,https://play-lh.googleusercontent.com/EGemoI2NTXmTsBVtJqk8jxF9rh8ApRWfsIMQSt2uE4OcpQqbFu7f7NbTK05lx80nuSijCz7sc3a277R67g,"I very much enjoy this game. But plz fix the problem of when you click on a certain tile, while in the middle of a game, it goes to a McAfee scanner site. It happens way too often, that it's very annoying, and is making me want to uninstall the game!! Update.... thank you for fixing the the redirecting issue. But what I'd like to know is, why has the undo option been removed?? It was unlimited and now there is no undo option at all.",4,4,2.64.1,2025-11-05 07:05:23,"Thank you for your feedback — the game interface itself doesn’t show ads. Please try updating the game, as this usually fixes unexpected redirects. If the issue persists, feel free to reach out again — thanks for your patience and for enjoying the game！",2025-09-16 03:30:18,2.64.1,en
ee9a8df8-f1f9-449a-b26f-86abfdbae17a,A Google user,https://play-lh.googleusercontent.com/EGemoI2NTXmTsBVtJqk8jxF9rh8ApRWfsIMQSt2uE4OcpQqbFu7f7NbTK05lx80nuSijCz7sc3a277R67g,this is a lot of fun and gets your mind sharper!!,5,0,2.63.2,2025-11-05 07:03:03,,,2.63.2,en
16b41486-b6c8-4e7d-9054-c3efb6ed75aa,A Google user,https://play-lh.googleusercontent.com/EGemoI2NTXmTsBVtJqk8jxF9rh8ApRWfsIMQSt2uE4OcpQqbFu7f7NbTK05lx80nuSijCz7sc3a277R67g,great any time,5,0,2.63.2,2025-11-05 07:00:51,,,2.63.2,en
91c6800c-d3da-46d8-b9df-8e762854f081,A Google user,https://play-lh.googleusercontent.com/EGemoI2NTXmTsBVtJqk8jxF9rh8ApRWfsIMQSt2uE4OcpQqbFu7f7NbTK05lx80nuSijCz7sc3a277R67g,"The ad is fake, the game is noting like the ad and I don't like the game",1,1,2.64.1,2025-11-05 06:58:15,Hi! So sorry the ad didn’t match the game and you disliked it. We’ll fix ad accuracy—thanks for your honest feedback!,2025-11-06 01:37:33,2.64.1,en
4c420124-02d3-4788-804a-60cad02f0da6,A Google user,https://play-lh.googleusercontent.com/EGemoI2NTXmTsBVtJqk8jxF9rh8ApRWfsIMQSt2uE4OcpQqbFu7f7NbTK05lx80nuSijCz7sc3a277R67g,great for relaxation,5,0,2.63.2,2025-11-05 06:40:49,,,2.63.2,en
0c040f31-c14f-4396-9402-de789c0e48fb,A Google user,https://play-lh.googleusercontent.com/EGemoI2NTXmTsBVtJqk8jxF9rh8ApRWfsIMQSt2uE4OcpQqbFu7f7NbTK05lx80nuSijCz7sc3a277R67g,very nice game i enjoy very easy and simple because good time pass it's good for mind relaxing and enjoyable game it will get good ideas and thare give good ideas for mind that very yous full for the game it is very good i improve my mind and talant for me I feel very much happy in this game I will inform my friends also so i really enjoyed the game it was not just time pass it will give me a free mind relaxing and enjoyable game it is very happy for me I will tech to my kid's also so usefull s,5,0,2.62.2,2025-11-05 06:24:05,,,2.62.2,en
0db16a0a-4997-4564-8c50-eee21255c192,A Google user,https://play-lh.googleusercontent.com/EGemoI2NTXmTsBVtJqk8jxF9rh8ApRWfsIMQSt2uE4OcpQqbFu7f7NbTK05lx80nuSijCz7sc3a277R67g,"Honestly this is an amezing game. But there are two features I really dislike - one is those encouraging emojis whenever you reveal a matching tile and the other one is their newly added feature where a male voice encourages players out loud (by saying words like 'great', 'amezing'). I found them very annoying, jarring, and distracting. This is supposed to be a relaxing game as it is advertised. Please give an option to turn them off without turning off the game sound completely.",3,1,2.64.1,2025-11-05 06:23:43,Hi! Thrilled you love the game—sorry the emojis and male voice prompts annoy you. We’ll add options to turn them off separately (keep game sound) soon. Thanks for the feedback!,2025-11-06 01:40:14,2.64.1,en
242d6760-d3ed-4ae7-bd39-6dc74f04ba93,A Google user,https://play-lh.googleusercontent.com/EGemoI2NTXmTsBVtJqk8jxF9rh8ApRWfsIMQSt2uE4OcpQqbFu7f7NbTK05lx80nuSijCz7sc3a277R67g,I luv this game,3,0,2.63.2,2025-11-05 06:22:57,Hi! So happy you love the game 🥳! Thanks for your awesome support—we’ll keep making it better for you. Enjoy every moment of playing!,2025-11-06 01:40:22,2.63.2,en
32937944-bf4b-4586-965c-abb51bc40985,A Google user,https://play-lh.googleusercontent.com/EGemoI2NTXmTsBVtJqk8jxF9rh8ApRWfsIMQSt2uE4OcpQqbFu7f7NbTK05lx80nuSijCz7sc3a277R67g,so easy to play,5,0,2.63.2,2025-11-05 06:04:23,,,2.63.2,en
acc94a46-8b7b-497d-bb7c-fb16bb4d4f13,A Google user,https://play-lh.googleusercontent.com/EGemoI2NTXmTsBVtJqk8jxF9rh8ApRWfsIMQSt2uE4OcpQqbFu7f7NbTK05lx80nuSijCz7sc3a277R67g,not the game shown in the ads. misleading just like most games these days,1,1,2.63.2,2025-11-05 05:29:23,"We apologize for the misleading feeling! The ad shows core gameplay highlights. For full content, explore in-game modes. We’ll optimize ad accuracy. Thanks for your honest feedback!",2025-11-06 01:48:47,2.63.2,en
f300e569-4f64-4731-9d0d-7715950617cc,A Google user,https://play-lh.googleusercontent.com/EGemoI2NTXmTsBVtJqk8jxF9rh8ApRWfsIMQSt2uE4OcpQqbFu7f7NbTK05lx80nuSijCz7sc3a277R67g,lot of advertising so boring when advertise comes after playing each game so I reduced playing,1,1,2.63.2,2025-11-05 05:28:51,"We're sorry that the frequent ads after each game are bothering you. We understand that this can disrupt the gaming experience, and we're working on optimizing the ad - display frequency. We aim to find a balance between providing a fun - filled game and minimizing ad interruptions. Your feedback is crucial to us",2025-11-06 01:49:18,2.63.2,en
106132a1-c2ea-41cc-b89d-13317e108ad9,A Google user,https://play-lh.googleusercontent.com/EGemoI2NTXmTsBVtJqk8jxF9rh8ApRWfsIMQSt2uE4OcpQqbFu7f7NbTK05lx80nuSijCz7sc3a277R67g,I am 64 years of my age.And it helps my mind to be healthy.Great game Thanks for it.Tatyana.🥰,5,0,2.63.2,2025-11-05 05:25:02,,,2.63.2,en
ec7d9c1e-b183-4ee3-9619-d0aee514674d,A Google user,https://play-lh.googleusercontent.com/EGemoI2NTXmTsBVtJqk8jxF9rh8ApRWfsIMQSt2uE4OcpQqbFu7f7NbTK05lx80nuSijCz7sc3a277R67g,very fantastic game,5,0,2.64.1,2025-11-05 05:15:30,,,2.64.1,en
60882d67-8a40-44c6-8035-665758dd6b8d,A Google user,https://play-lh.googleusercontent.com/EGemoI2NTXmTsBVtJqk8jxF9rh8ApRWfsIMQSt2uE4OcpQqbFu7f7NbTK05lx80nuSijCz7sc3a277R67g,One of the best mahjong games I've seen. Only 3 stars because the ads can be never ending when you are trying to get additional shuffles. I have had to go back to home and kill the game simply because there was no way to stop the ad. Very disappointing.,3,2,2.64.1,2025-11-05 05:13:31,"Thanks for loving our mahjong game! We’re sorry for the endless ads when getting extra shuffles—we’ll fix the ad closure issue ASAP. Your support means a lot, hope you’ll give us another chance!",2025-11-06 01:50:31,2.64.1,en
bcd9e5cd-e089-4410-b338-0c85ccdefef1,A Google user,https://play-lh.googleusercontent.com/EGemoI2NTXmTsBVtJqk8jxF9rh8ApRWfsIMQSt2uE4OcpQqbFu7f7NbTK05lx80nuSijCz7sc3a277R67g,"there are so many ads!! they advertise NO ADS, but after every game there are multiple ads. and you can't just back out anymore. I'm about ready to delete the app.",1,0,2.64.1,2025-11-05 05:10:05,"We’re truly sorry for the misleading ""no ads"" claim and frustrating unskippable ads after every game! We’ll fix the ad frequency & closure issue ASAP. Thanks for your patience!",2025-11-06 01:51:37,2.64.1,en
82d26b61-3844-4f2e-b084-b19759bb62d3,A Google user,https://play-lh.googleusercontent.com/EGemoI2NTXmTsBVtJqk8jxF9rh8ApRWfsIMQSt2uE4OcpQqbFu7f7NbTK05lx80nuSijCz7sc3a277R67g,it's a cool game I enjoy it,4,0,2.63.2,2025-11-05 05:05:16,,,2.63.2,en
5d8630af-9bf5-4129-b32a-a84d7c13c292,A Google user,https://play-lh.googleusercontent.com/EGemoI2NTXmTsBVtJqk8jxF9rh8ApRWfsIMQSt2uE4OcpQqbFu7f7NbTK05lx80nuSijCz7sc3a277R67g,fake af .. nothing like add don't download!,1,0,,2025-11-05 05:04:16,"So sorry for the fake ad—we’re fixing the mismatch ASAP. Thanks for your honest feedback! Once again, we're truly sorry for the disappointment and frustration we've caused. We hope you'll consider giving us another opportunity to provide you with a great gaming experience.",2025-11-06 01:52:27,,en
9370fef2-7c93-4001-89e8-df788dac3c74,A Google user,https://play-lh.googleusercontent.com/EGemoI2NTXmTsBVtJqk8jxF9rh8ApRWfsIMQSt2uE4OcpQqbFu7f7NbTK05lx80nuSijCz7sc3a277R67g,Nice play,5,0,2.64.1,2025-11-05 04:58:38,,,2.64.1,en
3ebc50ae-0642-48ab-ba94-cfafd0915c05,A Google user,https://play-lh.googleusercontent.com/EGemoI2NTXmTsBVtJqk8jxF9rh8ApRWfsIMQSt2uE4OcpQqbFu7f7NbTK05lx80nuSijCz7sc3a277R67g,Great game,5,0,2.64.1,2025-11-05 04:40:22,,,2.64.1,en
9e8db52b-444f-4e70-9022-bb1eee57d5f0,A Google user,https://play-lh.googleusercontent.com/EGemoI2NTXmTsBVtJqk8jxF9rh8ApRWfsIMQSt2uE4OcpQqbFu7f7NbTK05lx80nuSijCz7sc3a277R67g,I love the game,5,0,2.64.1,2025-11-05 04:36:58,,,2.64.1,en
fae666ff-a7df-488c-b3a5-a8d0b0d8145f,A Google user,https://play-lh.googleusercontent.com/EGemoI2NTXmTsBVtJqk8jxF9rh8ApRWfsIMQSt2uE4OcpQqbFu7f7NbTK05lx80nuSijCz7sc3a277R67g,the amount of ads is ridiculous.,1,0,2.64.1,2025-11-05 04:36:09,We totally get the ads are ridiculous—so sorry for the annoyance! We’re cutting ad frequency right away to improve your experience. Thanks for your feedback!,2025-11-06 01:52:39,2.64.1,en
3547b4be-e3b1-4842-b9d3-04e8d7dfe15e,A Google user,https://play-lh.googleusercontent.com/EGemoI2NTXmTsBVtJqk8jxF9rh8ApRWfsIMQSt2uE4OcpQqbFu7f7NbTK05lx80nuSijCz7sc3a277R67g,great work. all the best,5,0,2.63.2,2025-11-05 04:27:09,,,2.63.2,en
f0e82cb6-8f75-4e51-9e90-1a588b53a707,A Google user,https://play-lh.googleusercontent.com/EGemoI2NTXmTsBVtJqk8jxF9rh8ApRWfsIMQSt2uE4OcpQqbFu7f7NbTK05lx80nuSijCz7sc3a277R67g,This is Fake Game,1,0,2.63.2,2025-11-05 04:06:57,We’re truly sorry you feel it’s a fake game! We’re fixing the mismatch between ads and gameplay ASAP. Thanks for your feedback!,2025-11-06 01:53:17,2.63.2,en
b2041d06-a527-4984-ad67-b70198eb0bc0,A Google user,https://play-lh.googleusercontent.com/EGemoI2NTXmTsBVtJqk8jxF9rh8ApRWfsIMQSt2uE4OcpQqbFu7f7NbTK05lx80nuSijCz7sc3a277R67g,love the game but recent updates not good. why do you keep taking the undo away????,3,0,2.64.1,2025-11-05 03:58:23,So sorry the recent updates disappointed you—we hear you miss the undo function! We’re seriously considering bringing it back. Thanks for your love and support!,2025-11-06 01:54:49,2.64.1,en
41ffc31d-66ac-4f21-a847-c39517421b9f,A Google user,https://play-lh.googleusercontent.com/EGemoI2NTXmTsBVtJqk8jxF9rh8ApRWfsIMQSt2uE4OcpQqbFu7f7NbTK05lx80nuSijCz7sc3a277R67g,it will be nice if the tiles where yin yang ☯️ figures in this color it will be awesome and definitely get more new players. I'll recommend you all. #Justsaying,5,0,2.58.0,2025-11-05 03:57:08,,,2.58.0,en
6f6c4673-8a76-470d-992e-5700ed512f45,A Google user,https://play-lh.googleusercontent.com/EGemoI2NTXmTsBVtJqk8jxF9rh8ApRWfsIMQSt2uE4OcpQqbFu7f7NbTK05lx80nuSijCz7sc3a277R67g,"I love this game and I mean love it. it is calming, relaxing, soothing, and wow.",5,0,2.63.2,2025-11-05 03:56:34,,,2.63.2,en
0dccb091-1d68-455f-bfd8-a36634cee3b6,A Google user,https://play-lh.googleusercontent.com/EGemoI2NTXmTsBVtJqk8jxF9rh8ApRWfsIMQSt2uE4OcpQqbFu7f7NbTK05lx80nuSijCz7sc3a277R67g,I really like it cuz it's different it's more challenging cuz they played the other ones so much I got it on memorized but this is fun Thank you,5,0,2.64.1,2025-11-05 03:38:51,,,2.64.1,en
40c4f906-e332-4d21-862a-e6f4cec7ba9c,A Google user,https://play-lh.googleusercontent.com/EGemoI2NTXmTsBVtJqk8jxF9rh8ApRWfsIMQSt2uE4OcpQqbFu7f7NbTK05lx80nuSijCz7sc3a277R67g,i love this game 😍,5,0,,2025-11-05 03:17:54,,,,en
cc83d08f-2193-4a81-87fd-7096f2ee4cde,A Google user,https://play-lh.googleusercontent.com/EGemoI2NTXmTsBVtJqk8jxF9rh8ApRWfsIMQSt2uE4OcpQqbFu7f7NbTK05lx80nuSijCz7sc3a277R67g,a good game somewhat spoiled by endless ads. shuffle,3,0,,2025-11-05 03:16:31,Love you enjoy the game! So sorry endless ads ruin the shuffle experience—we’re cutting ad frequency ASAP. Thanks for your feedback!,2025-11-06 01:55:45,,en
cb56db30-4016-4f0f-bc15-581ef674a068,A Google user,https://play-lh.googleusercontent.com/EGemoI2NTXmTsBVtJqk8jxF9rh8ApRWfsIMQSt2uE4OcpQqbFu7f7NbTK05lx80nuSijCz7sc3a277R67g,nicely addicting,5,0,2.61.3,2025-11-05 02:51:13,,,2.61.3,en
8cdd5895-ed22-4db0-994a-0749a9b21356,A Google user,https://play-lh.googleusercontent.com/EGemoI2NTXmTsBVtJqk8jxF9rh8ApRWfsIMQSt2uE4OcpQqbFu7f7NbTK05lx80nuSijCz7sc3a277R67g,"this game is very challenging.. keep you thinking, also it puts me to sleep after playing at least 30 minutes to one hour.",5,1,2.64.1,2025-11-05 02:41:29,,,2.64.1,en
a83d046a-e771-4529-ade1-cdf275bfa68b,A Google user,https://play-lh.googleusercontent.com/EGemoI2NTXmTsBVtJqk8jxF9rh8ApRWfsIMQSt2uE4OcpQqbFu7f7NbTK05lx80nuSijCz7sc3a277R67g,very repetitive,1,0,,2025-11-05 02:34:38,So sorry the game feels repetitive! We’re working on new content to add variety. Thanks for your feedback!,2025-11-06 01:56:02,,en
3bfbd670-a6c2-44c4-bb0e-845625fe8354,A Google user,https://play-lh.googleusercontent.com/EGemoI2NTXmTsBVtJqk8jxF9rh8ApRWfsIMQSt2uE4OcpQqbFu7f7NbTK05lx80nuSijCz7sc3a277R67g,Intrusive ads,2,0,2.64.1,2025-11-05 02:29:17,So sorry for the intrusive ads! We’re optimizing to reduce disruption ASAP. Thanks for your feedback!,2025-11-06 01:57:03,2.64.1,en
b4a40381-350a-49fb-8e3f-ed0e9e805b22,A Google user,https://play-lh.googleusercontent.com/EGemoI2NTXmTsBVtJqk8jxF9rh8ApRWfsIMQSt2uE4OcpQqbFu7f7NbTK05lx80nuSijCz7sc3a277R67g,Love it !,5,0,2.63.2,2025-11-05 02:02:12,,,2.63.2,en
c181274a-8793-4b29-84c0-989ce640de0f,A Google user,https://play-lh.googleusercontent.com/EGemoI2NTXmTsBVtJqk8jxF9rh8ApRWfsIMQSt2uE4OcpQqbFu7f7NbTK05lx80nuSijCz7sc3a277R67g,ads every 2nd game absolute rubbish,1,0,2.63.2,2025-11-05 02:00:16,Sorry about the frequent ads. We're adjusting the ad frequency to improve your experience. Thanks for your feedback.,2025-11-06 01:57:15,2.63.2,en
be08a6f0-afb7-4408-9590-a9792046e39a,A Google user,https://play-lh.googleusercontent.com/EGemoI2NTXmTsBVtJqk8jxF9rh8ApRWfsIMQSt2uE4OcpQqbFu7f7NbTK05lx80nuSijCz7sc3a277R67g,The game is not what the page shows the game is a totally different type? Not the sliding title game! So why advertise differently?,1,0,,2025-11-05 01:53:53,So sorry the game’s type doesn’t match the ad! We’re fixing the misleading promotion ASAP. Thanks for your feedback!,2025-11-06 01:58:13,,en
2ec29034-a1a5-4e69-bde3-72cc7a647dcb,A Google user,https://play-lh.googleusercontent.com/EGemoI2NTXmTsBVtJqk8jxF9rh8ApRWfsIMQSt2uE4OcpQqbFu7f7NbTK05lx80nuSijCz7sc3a277R67g,Why is it that can play my game anymore,5,0,2.63.2,2025-11-05 01:34:58,,,2.63.2,en
9bfd8579-d4ac-47b0-93d9-cf6aa192cf90,A Google user,https://play-lh.googleusercontent.com/EGemoI2NTXmTsBVtJqk8jxF9rh8ApRWfsIMQSt2uE4OcpQqbFu7f7NbTK05lx80nuSijCz7sc3a277R67g,He love this game,5,0,2.63.2,2025-11-05 01:25:41,,,2.63.2,en
05735450-6c76-4f92-b95b-66b12a95f228,A Google user,https://play-lh.googleusercontent.com/EGemoI2NTXmTsBVtJqk8jxF9rh8ApRWfsIMQSt2uE4OcpQqbFu7f7NbTK05lx80nuSijCz7sc3a277R67g,Nice background music which makes it very relaxing. Most mahjong games are pretty basic. Developers could make mahjong games a lot more engaging with an actual adventure storyline. They were better in the 90's. I still miss Kwazi adventures. This will do for now. Knocked down 2 stars because of virus infected my phone. Google needs to do better screening. I really loved it but had to uninstall.,2,3,2.61.0,2025-11-05 01:13:50,Thanks for your feedback! We’re glad you love the BGM. Sorry about the virus concern—our game is safe. Please share device details so we can check. We’ll consider your storyline suggestion. Hope to have you back soon!,2025-11-06 01:59:03,2.61.0,en
322dee71-d3eb-47d8-bcba-fb5bde1897f9,A Google user,https://play-lh.googleusercontent.com/EGemoI2NTXmTsBVtJqk8jxF9rh8ApRWfsIMQSt2uE4OcpQqbFu7f7NbTK05lx80nuSijCz7sc3a277R67g,I must admit it's addictive,5,0,2.64.1,2025-11-05 00:57:33,,,2.64.1,en
29d03759-520e-4f26-8877-6529702d74ee,A Google user,https://play-lh.googleusercontent.com/EGemoI2NTXmTsBVtJqk8jxF9rh8ApRWfsIMQSt2uE4OcpQqbFu7f7NbTK05lx80nuSijCz7sc3a277R67g,fun game. brain 🧠 food,5,0,2.64.1,2025-11-05 00:40:02,,,2.64.1,en
c16c380c-622c-4167-89b1-65fa743a6e47,A Google user,https://play-lh.googleusercontent.com/EGemoI2NTXmTsBVtJqk8jxF9rh8ApRWfsIMQSt2uE4OcpQqbFu7f7NbTK05lx80nuSijCz7sc3a277R67g,"If you're playing this game hoping to make money, don't waste your time. I tried it, and once I reached the qualifying stage, they stopped giving out coins... they don't pay.",1,0,,2025-11-05 00:33:40,"Hi there! 😊

✨ We’re sorry to inform you that our game does not currently involve any real-money rewards. Our focus is on providing a relaxing and enjoyable gaming experience for all players.",2025-11-06 01:59:22,,en
6ee89060-7f78-496c-8b29-75f33e55bfb7,A Google user,https://play-lh.googleusercontent.com/EGemoI2NTXmTsBVtJqk8jxF9rh8ApRWfsIMQSt2uE4OcpQqbFu7f7NbTK05lx80nuSijCz7sc3a277R67g,so fun this game vita mahjong 🤣,5,0,2.63.2,2025-11-05 00:31:44,,,2.63.2,en
2430ab33-7953-401b-b597-e8192a5b8087,A Google user,https://play-lh.googleusercontent.com/EGemoI2NTXmTsBVtJqk8jxF9rh8ApRWfsIMQSt2uE4OcpQqbFu7f7NbTK05lx80nuSijCz7sc3a277R67g,"Not one tiny bit like the ad shows. When you have to make your ads look like a totally different game then it must not be good enough to play. It gets one star only because it's the minimum I can give to submit my review. And the fact that it also advertised ""no annoying ads"" is also false. If ads are necessary to keep the game free then don't advertise that you don't have any ads. You're a scam artist.",1,18,2.64.1,2025-11-05 00:17:51,"We’re sorry the game didn’t meet your expectations! Ad content reflects core gameplay—we’ll optimize its accuracy. Ads are limited; you can adjust settings. Contact us for issues, we’ll improve sincerely.",2025-11-06 01:59:31,2.64.1,en
92ebeede-0680-45c8-b236-7c9957c37357,A Google user,https://play-lh.googleusercontent.com/EGemoI2NTXmTsBVtJqk8jxF9rh8ApRWfsIMQSt2uE4OcpQqbFu7f7NbTK05lx80nuSijCz7sc3a277R67g,ace....but to easy for me,5,0,2.64.1,2025-11-05 00:14:17,,,2.64.1,en
1bf54288-7365-4496-9f5a-92d55f3d38ea,A Google user,https://play-lh.googleusercontent.com/EGemoI2NTXmTsBVtJqk8jxF9rh8ApRWfsIMQSt2uE4OcpQqbFu7f7NbTK05lx80nuSijCz7sc3a277R67g,relaxing way to pass time,5,0,,2025-11-05 00:08:13,,,,en
242ba6c7-0eaf-4663-93fc-55a33dd7d9e2,A Google user,https://play-lh.googleusercontent.com/EGemoI2NTXmTsBVtJqk8jxF9rh8ApRWfsIMQSt2uE4OcpQqbFu7f7NbTK05lx80nuSijCz7sc3a277R67g,i took some stars. The ad situation is kind of starting to tick me off. They were right a few of the ADS. Don't let you do anything. Then you have to exit and then restart the game in order to play some more. I keep losing out on my 4 X shuffle & hints because of this. That is WHY I play. Now ads play the very moment I win a game. That is more annoying than ANYTHING. But other than that. I have fun and thank you 👋😁👍,2,8,2.64.1,2025-11-05 00:00:04,"Thanks for your feedback! Sorry ads annoyed you—we’ll adjust their timing and reduce disruptions. We’ll fix the shuffle/hint issue ASAP. Glad you’re having fun, hope you enjoy more smooth gameplay!",2025-11-06 01:59:54,2.64.1,en
66dae84e-ac02-44fe-a21d-1ec6b1f2eeb2,A Google user,https://play-lh.googleusercontent.com/EGemoI2NTXmTsBVtJqk8jxF9rh8ApRWfsIMQSt2uE4OcpQqbFu7f7NbTK05lx80nuSijCz7sc3a277R67g,I love all these kind of games,5,0,,2025-11-04 23:48:45,,,,en
859e9c23-ffa6-4698-8555-57106b727ded,A Google user,https://play-lh.googleusercontent.com/EGemoI2NTXmTsBVtJqk8jxF9rh8ApRWfsIMQSt2uE4OcpQqbFu7f7NbTK05lx80nuSijCz7sc3a277R67g,"I expected adds but, most of the ads are fraudulent and target seniors. I can't trust an app that tries to swidle seniors.",1,0,2.60.3,2025-11-04 23:46:11,"We’re deeply sorry for the concern! Our ads are compliant with policies—no fraud intended. We’ll review and strengthen ad screening immediately. Thanks for your supervision, we’ll ensure a trustworthy experience.",2025-11-06 02:00:06,2.60.3,en
9899499a-7274-4596-822d-1f112c8f378c,A Google user,https://play-lh.googleusercontent.com/EGemoI2NTXmTsBVtJqk8jxF9rh8ApRWfsIMQSt2uE4OcpQqbFu7f7NbTK05lx80nuSijCz7sc3a277R67g,I'm glad about the impressing and IAM truly happy,5,0,,2025-11-04 23:35:58,,,,en
504dbf68-4b15-4ade-9fcc-4442597910a8,A Google user,https://play-lh.googleusercontent.com/EGemoI2NTXmTsBVtJqk8jxF9rh8ApRWfsIMQSt2uE4OcpQqbFu7f7NbTK05lx80nuSijCz7sc3a277R67g,Shock ... game is nothing like the advert or photos listed above.,1,0,,2025-11-04 23:32:00,,,,en
81635997-04c8-4d6b-a6e3-54598a6658ed,A Google user,https://play-lh.googleusercontent.com/EGemoI2NTXmTsBVtJqk8jxF9rh8ApRWfsIMQSt2uE4OcpQqbFu7f7NbTK05lx80nuSijCz7sc3a277R67g,"old and less stupid, loving this game",5,0,2.63.2,2025-11-04 23:31:36,,,2.63.2,en
a0151743-abc5-4398-b060-7f91d6e9fed0,A Google user,https://play-lh.googleusercontent.com/EGemoI2NTXmTsBVtJqk8jxF9rh8ApRWfsIMQSt2uE4OcpQqbFu7f7NbTK05lx80nuSijCz7sc3a277R67g,it's an ok game. the problem is all the ads you have to put up with. it becomes too much to maintain my interest in the game.,3,0,2.62.2,2025-11-04 23:10:22,,,2.62.2,en
5903fbbd-23f6-458e-a623-436131706127,A Google user,https://play-lh.googleusercontent.com/EGemoI2NTXmTsBVtJqk8jxF9rh8ApRWfsIMQSt2uE4OcpQqbFu7f7NbTK05lx80nuSijCz7sc3a277R67g,"The adverts are incredibly annoying now. I accept there are adverts, it's a free game, but now there's an ad after every game played.",3,0,,2025-11-04 23:06:28,,,,en
1b0e5ff1-dddc-4040-8617-7b9079f85f0a,A Google user,https://play-lh.googleusercontent.com/EGemoI2NTXmTsBVtJqk8jxF9rh8ApRWfsIMQSt2uE4OcpQqbFu7f7NbTK05lx80nuSijCz7sc3a277R67g,is the best game I played so far,4,0,2.63.2,2025-11-04 23:01:55,,,2.63.2,en
13a58f2d-0344-4d1b-ab66-ba6c46d1ccd7,A Google user,https://play-lh.googleusercontent.com/EGemoI2NTXmTsBVtJqk8jxF9rh8ApRWfsIMQSt2uE4OcpQqbFu7f7NbTK05lx80nuSijCz7sc3a277R67g,The game is awesome but why can't I change the theme,5,0,2.63.2,2025-11-04 22:58:58,,,2.63.2,en
74299d6a-71bc-4a07-b238-50ad500cfa12,A Google user,https://play-lh.googleusercontent.com/EGemoI2NTXmTsBVtJqk8jxF9rh8ApRWfsIMQSt2uE4OcpQqbFu7f7NbTK05lx80nuSijCz7sc3a277R67g,very nice good,5,0,2.63.2,2025-11-04 22:51:57,,,2.63.2,en
8ffcef04-8172-43ca-83dc-66fc63f0db82,A Google user,https://play-lh.googleusercontent.com/EGemoI2NTXmTsBVtJqk8jxF9rh8ApRWfsIMQSt2uE4OcpQqbFu7f7NbTK05lx80nuSijCz7sc3a277R67g,I've played over 1200 games and I'm just wondering when I'll get to the games where they split the tiles and put them in order in columns. I'm ready for a change,4,0,2.64.1,2025-11-04 22:51:43,,,2.64.1,en
8721b99e-aef5-4de7-a211-ec481412ecbf,A Google user,https://play-lh.googleusercontent.com/EGemoI2NTXmTsBVtJqk8jxF9rh8ApRWfsIMQSt2uE4OcpQqbFu7f7NbTK05lx80nuSijCz7sc3a277R67g,I like it I didn't think I would like a game like this but I really do this one is really 😊,5,0,2.64.1,2025-11-04 22:49:41,,,2.64.1,en
531ca4a6-8815-4612-86a6-a1c953359001,A Google user,https://play-lh.googleusercontent.com/EGemoI2NTXmTsBVtJqk8jxF9rh8ApRWfsIMQSt2uE4OcpQqbFu7f7NbTK05lx80nuSijCz7sc3a277R67g,Great Game I Like it so much 👍🏻,5,0,2.64.1,2025-11-04 22:31:42,,,2.64.1,en
eba4b13e-191e-4fb8-8d08-866ae75e5e66,A Google user,https://play-lh.googleusercontent.com/EGemoI2NTXmTsBVtJqk8jxF9rh8ApRWfsIMQSt2uE4OcpQqbFu7f7NbTK05lx80nuSijCz7sc3a277R67g,"good puzzle game but after completing every level you I get an annoying temu add and the only way to get past it is to close the app down and open it again... really effing annoying, I'm at level 100 and it's got worse, used to be after every 5 or so levels. 🤷",2,0,2.63.2,2025-11-04 22:31:14,,,2.63.2,en
d93f4d2e-b4da-4fa4-857f-51ab5fad1ee2,A Google user,https://play-lh.googleusercontent.com/EGemoI2NTXmTsBVtJqk8jxF9rh8ApRWfsIMQSt2uE4OcpQqbFu7f7NbTK05lx80nuSijCz7sc3a277R67g,"""A great games when it's time for relaying mode. Love it!!!""",5,1,2.64.1,2025-11-04 22:28:52,,,2.64.1,en
e7474bad-0baf-4769-b3d1-11be1a652702,A Google user,https://play-lh.googleusercontent.com/EGemoI2NTXmTsBVtJqk8jxF9rh8ApRWfsIMQSt2uE4OcpQqbFu7f7NbTK05lx80nuSijCz7sc3a277R67g,very annoying ads. how to stop them? do we have to purchase and if so how and how much,1,0,2.59.0,2025-11-04 22:24:19,,,2.59.0,en
394e137c-8672-4640-9aa9-f622cc25cda7,A Google user,https://play-lh.googleusercontent.com/EGemoI2NTXmTsBVtJqk8jxF9rh8ApRWfsIMQSt2uE4OcpQqbFu7f7NbTK05lx80nuSijCz7sc3a277R67g,Misleading add = 1 star review. That's that... Don't advertise gameplay that is not included in your game.,1,0,,2025-11-04 22:11:52,,,,en
08a55843-fc19-40f4-84f0-e32f5a8f2baf,A Google user,https://play-lh.googleusercontent.com/EGemoI2NTXmTsBVtJqk8jxF9rh8ApRWfsIMQSt2uE4OcpQqbFu7f7NbTK05lx80nuSijCz7sc3a277R67g,"Yes,, I enjoyed this game..to exercise our mind how to solve the puzzles .. Good luck 🙂",3,0,2.64.1,2025-11-04 21:19:16,,,2.64.1,en
169bce59-27c1-475c-82fd-daa068d732ce,A Google user,https://play-lh.googleusercontent.com/EGemoI2NTXmTsBVtJqk8jxF9rh8ApRWfsIMQSt2uE4OcpQqbFu7f7NbTK05lx80nuSijCz7sc3a277R67g,"This game is, at times, challenging, yet it keeps me on my toes. I hope they keep improving it to make it better.",4,0,2.64.1,2025-11-04 21:17:03,,,2.64.1,en
2bcd4e42-4cbb-4b9f-8ccf-fa85632ef36b,A Google user,https://play-lh.googleusercontent.com/EGemoI2NTXmTsBVtJqk8jxF9rh8ApRWfsIMQSt2uE4OcpQqbFu7f7NbTK05lx80nuSijCz7sc3a277R67g,It's enjoyable although it's not a money making app,5,0,2.64.1,2025-11-04 21:05:56,,,2.64.1,en
f409124d-2071-4885-9807-dfeb3fa1172d,A Google user,https://play-lh.googleusercontent.com/EGemoI2NTXmTsBVtJqk8jxF9rh8ApRWfsIMQSt2uE4OcpQqbFu7f7NbTK05lx80nuSijCz7sc3a277R67g,the games vita is very very best games.,5,0,2.64.1,2025-11-04 20:37:41,,,2.64.1,en
9ee15cde-0291-486e-9e6b-ed130163a22c,A Google user,https://play-lh.googleusercontent.com/EGemoI2NTXmTsBVtJqk8jxF9rh8ApRWfsIMQSt2uE4OcpQqbFu7f7NbTK05lx80nuSijCz7sc3a277R67g,Not the double solitaire style game that was advertised as. It showed two people playing making columns of tiles. This is a simple matching game. It works nicely. But I'm disappointed.,3,0,2.64.1,2025-11-04 20:28:14,,,2.64.1,en
0ebc6968-e975-4814-8c6e-ef8dd6cbf417,A Google user,https://play-lh.googleusercontent.com/EGemoI2NTXmTsBVtJqk8jxF9rh8ApRWfsIMQSt2uE4OcpQqbFu7f7NbTK05lx80nuSijCz7sc3a277R67g,good for the brain,5,0,2.63.2,2025-11-04 20:02:21,,,2.63.2,en
a14e6ae0-0db5-4680-a848-c2dfd637b123,A Google user,https://play-lh.googleusercontent.com/EGemoI2NTXmTsBVtJqk8jxF9rh8ApRWfsIMQSt2uE4OcpQqbFu7f7NbTK05lx80nuSijCz7sc3a277R67g,helping my prain works.,5,0,2.63.2,2025-11-04 20:02:13,,,2.63.2,en
5ca12d25-e98e-4c1f-83ef-4e08f84ae008,A Google user,https://play-lh.googleusercontent.com/EGemoI2NTXmTsBVtJqk8jxF9rh8ApRWfsIMQSt2uE4OcpQqbFu7f7NbTK05lx80nuSijCz7sc3a277R67g,th8s game is soooo good ! it's calm and soothing! it keeps your mind at work perfect for all ages!!!! deserves a five star,5,0,2.64.1,2025-11-04 19:55:42,"Absolutely! 🌟 It’s fantastic how it combines relaxation with a mental workout. Perfect for all ages, and a well-deserved five-star experience! 🀄🧠💛",2025-11-04 23:31:07,2.64.1,en
db81c625-d89b-4590-a846-570b5a84eae6,A Google user,https://play-lh.googleusercontent.com/EGemoI2NTXmTsBVtJqk8jxF9rh8ApRWfsIMQSt2uE4OcpQqbFu7f7NbTK05lx80nuSijCz7sc3a277R67g,"very good game, it makes you pay attention. Take a breath then just calmly check what's available and get to doing it. Thanks for a great game.",5,0,2.63.2,2025-11-04 19:30:50,"Exactly! 😊 The game really encourages focus and patience, letting you think through each move calmly. It’s both relaxing and mentally engaging—a perfect combo. 🀄💡🧘‍♂️",2025-11-04 23:31:24,2.63.2,en
83461531-54d1-4de0-a6ee-9739a7a479cb,A Google user,https://play-lh.googleusercontent.com/EGemoI2NTXmTsBVtJqk8jxF9rh8ApRWfsIMQSt2uE4OcpQqbFu7f7NbTK05lx80nuSijCz7sc3a277R67g,the add show me a different game,1,0,2.63.2,2025-11-04 19:23:44,,,2.63.2,en
072e41ce-8182-443f-85df-f0876c705f12,A Google user,https://play-lh.googleusercontent.com/EGemoI2NTXmTsBVtJqk8jxF9rh8ApRWfsIMQSt2uE4OcpQqbFu7f7NbTK05lx80nuSijCz7sc3a277R67g,it's a fun and relaxing game,5,0,2.63.2,2025-11-04 19:12:10,,,2.63.2,en
63319b21-1101-46e1-b10a-50068de327d2,A Google user,https://play-lh.googleusercontent.com/EGemoI2NTXmTsBVtJqk8jxF9rh8ApRWfsIMQSt2uE4OcpQqbFu7f7NbTK05lx80nuSijCz7sc3a277R67g,Great game,5,0,2.64.1,2025-11-04 18:59:55,,,2.64.1,en
29a5d1a5-c359-440e-8fae-cbb2e1bf8fce,A Google user,https://play-lh.googleusercontent.com/EGemoI2NTXmTsBVtJqk8jxF9rh8ApRWfsIMQSt2uE4OcpQqbFu7f7NbTK05lx80nuSijCz7sc3a277R67g,class game,5,0,2.64.1,2025-11-04 18:59:22,,,2.64.1,en
